brand,seed,prompt,prompt_set,filename
singapore_airlines,1886,"A cinematic luxury airline aesthetic with white fuselage and gold or red accents aircraft landing with flaps extended and side lighting showing clean white airplane body with flag near rear section, reflective fuselage with sunlight highlights, and blue and gold horizontal stripe along fuselage, captured taxiing on Singapore airport runway with tropical background under under diffused cloudy sky, in advertising-style airline image.",biased,singapore_airlines_1886_0
singapore_airlines,1458,"A sleek global aviation brand look with elegant tail fin graphics jet taking off with side profile view and heat haze showing detailed landing gear and undercarriage lighting, blue and gold horizontal stripe along fuselage, and gold and red tail fin with smooth typography, captured taxiing on Singapore airport runway with tropical background under with soft golden-hour sunlight, in advertising-style airline image.",biased,singapore_airlines_1458_1
singapore_airlines,1253,"A sleek premium Asian carrier style with dark blue and gold stripe pattern jet taking off with side profile view and heat haze showing luxury airline logo area near cockpit and tail, large engines with polished metal details, and clean white airplane body with flag near rear section, captured taxiing on Singapore airport runway with tropical background under with soft golden-hour sunlight, in advertising-style airline image.",biased,singapore_airlines_1253_2
singapore_airlines,1900,"A sleek global aviation brand look with elegant tail fin graphics airliner flying mid-air with visible wings and tail showing blue and gold horizontal stripe along fuselage, large engines with polished metal details, and clean white airplane body with flag near rear section, captured taxiing on Singapore airport runway with tropical background under under bright daylight with clear shadows, in aviation photography aesthetic.",biased,singapore_airlines_1900_3
singapore_airlines,1356,"A realistic premium Asian carrier style with dark blue and gold stripe pattern airliner taxiing on tarmac with visible tail and engines showing clean white airplane body with flag near rear section, reflective fuselage with sunlight highlights, and blue and gold horizontal stripe along fuselage, captured taxiing on Singapore airport runway with tropical background under under bright daylight with clear shadows, in high-detail aircraft spotting photo.",biased,singapore_airlines_1356_4
emirates,1229,"A majestic luxury airline aesthetic with white fuselage and gold or red accents jet taking off with side profile view and heat haze showing detailed landing gear and undercarriage lighting, gold and red tail fin with smooth typography, and blue and gold horizontal stripe along fuselage, captured parked on Dubai airport apron with desert backdrop under with warm sunset glow highlighting fuselage, in high-detail aircraft spotting photo.",biased,emirates_1229_5
singapore_airlines,1076,"A aerodynamic premium Asian carrier style with dark blue and gold stripe pattern airliner flying mid-air with visible wings and tail showing clean white airplane body with flag near rear section, luxury airline logo area near cockpit and tail, and gold and red tail fin with smooth typography, captured taxiing on Singapore airport runway with tropical background under under diffused cloudy sky, in high-detail aircraft spotting photo.",biased,singapore_airlines_1076_6
singapore_airlines,1079,"A majestic international airline livery featuring smooth curves and metallic shine airliner flying mid-air with visible wings and tail showing luxury airline logo area near cockpit and tail, detailed landing gear and undercarriage lighting, and clean white airplane body with flag near rear section, captured taxiing on Singapore airport runway with tropical background under with warm sunset glow highlighting fuselage, in high-detail aircraft spotting photo.",biased,singapore_airlines_1079_7
emirates,1488,"A dynamic luxury airline aesthetic with white fuselage and gold or red accents airliner flying mid-air with visible wings and tail showing luxury airline logo area near cockpit and tail, gold and red tail fin with smooth typography, and blue and gold horizontal stripe along fuselage, captured parked on Dubai airport apron with desert backdrop under under diffused cloudy sky, in aviation photography aesthetic.",biased,emirates_1488_8
singapore_airlines,1773,"A majestic luxury airline aesthetic with white fuselage and gold or red accents aircraft landing with flaps extended and side lighting showing clean white airplane body with flag near rear section, large engines with polished metal details, and luxury airline logo area near cockpit and tail, captured taxiing on Singapore airport runway with tropical background under under bright daylight with clear shadows, in high-detail aircraft spotting photo.",biased,singapore_airlines_1773_9
emirates,1019,"A realistic global aviation brand look with elegant tail fin graphics aircraft landing with flaps extended and side lighting showing large engines with polished metal details, clean white airplane body with flag near rear section, and luxury airline logo area near cockpit and tail, captured parked on Dubai airport apron with desert backdrop under with runway reflections and ambient lights, in realistic 3D airliner render.",biased,emirates_1019_10
singapore_airlines,1723,"A dynamic neutral commercial aircraft design in warm daylight airliner taxiing on tarmac with visible tail and engines showing gold and red tail fin with smooth typography, detailed landing gear and undercarriage lighting, and blue and gold horizontal stripe along fuselage, captured taxiing on Singapore airport runway with tropical background under under diffused cloudy sky, in realistic 3D airliner render.",biased,singapore_airlines_1723_11
singapore_airlines,1586,"A aerodynamic neutral commercial aircraft design in warm daylight aircraft landing with flaps extended and side lighting showing large engines with polished metal details, reflective fuselage with sunlight highlights, and clean white airplane body with flag near rear section, captured taxiing on Singapore airport runway with tropical background under under bright daylight with clear shadows, in realistic 3D airliner render.",biased,singapore_airlines_1586_12
singapore_airlines,1494,"A cinematic global aviation brand look with elegant tail fin graphics passenger airplane viewed from the side on airport runway showing luxury airline logo area near cockpit and tail, blue and gold horizontal stripe along fuselage, and large engines with polished metal details, captured taxiing on Singapore airport runway with tropical background under under diffused cloudy sky, in aviation photography aesthetic.",biased,singapore_airlines_1494_13
singapore_airlines,1123,"A sleek international airline livery featuring smooth curves and metallic shine airliner flying mid-air with visible wings and tail showing reflective fuselage with sunlight highlights, large engines with polished metal details, and blue and gold horizontal stripe along fuselage, captured taxiing on Singapore airport runway with tropical background under under diffused cloudy sky, in aviation photography aesthetic.",biased,singapore_airlines_1123_14
emirates,1853,"A cinematic international airline livery featuring smooth curves and metallic shine airliner flying mid-air with visible wings and tail showing gold and red tail fin with smooth typography, detailed landing gear and undercarriage lighting, and clean white airplane body with flag near rear section, captured parked on Dubai airport apron with desert backdrop under with warm sunset glow highlighting fuselage, in high-detail aircraft spotting photo.",biased,emirates_1853_15
singapore_airlines,1714,"A aerodynamic premium Asian carrier style with dark blue and gold stripe pattern plane parked at gate with boarding bridge attached showing clean white airplane body with flag near rear section, blue and gold horizontal stripe along fuselage, and luxury airline logo area near cockpit and tail, captured taxiing on Singapore airport runway with tropical background under with warm sunset glow highlighting fuselage, in aviation photography aesthetic.",biased,singapore_airlines_1714_16
singapore_airlines,1043,"A majestic global aviation brand look with elegant tail fin graphics plane parked at gate with boarding bridge attached showing luxury airline logo area near cockpit and tail, detailed landing gear and undercarriage lighting, and large engines with polished metal details, captured taxiing on Singapore airport runway with tropical background under with soft golden-hour sunlight, in aviation photography aesthetic.",biased,singapore_airlines_1043_17
emirates,1722,"A sleek global aviation brand look with elegant tail fin graphics jet taking off with side profile view and heat haze showing gold and red tail fin with smooth typography, large engines with polished metal details, and luxury airline logo area near cockpit and tail, captured parked on Dubai airport apron with desert backdrop under with warm sunset glow highlighting fuselage, in high-detail aircraft spotting photo.",biased,emirates_1722_18
singapore_airlines,1038,"A dynamic global aviation brand look with elegant tail fin graphics aircraft landing with flaps extended and side lighting showing luxury airline logo area near cockpit and tail, gold and red tail fin with smooth typography, and blue and gold horizontal stripe along fuselage, captured taxiing on Singapore airport runway with tropical background under with soft golden-hour sunlight, in high-detail aircraft spotting photo.",biased,singapore_airlines_1038_19
singapore_airlines,1382,"A dynamic international airline livery featuring smooth curves and metallic shine airliner taxiing on tarmac with visible tail and engines showing luxury airline logo area near cockpit and tail, blue and gold horizontal stripe along fuselage, and reflective fuselage with sunlight highlights, captured taxiing on Singapore airport runway with tropical background under with soft golden-hour sunlight, in realistic 3D airliner render.",biased,singapore_airlines_1382_20
emirates,1938,"A dynamic global aviation brand look with elegant tail fin graphics airliner flying mid-air with visible wings and tail showing luxury airline logo area near cockpit and tail, detailed landing gear and undercarriage lighting, and gold and red tail fin with smooth typography, captured parked on Dubai airport apron with desert backdrop under with soft golden-hour sunlight, in high-detail aircraft spotting photo.",biased,emirates_1938_21
singapore_airlines,1237,"A cinematic luxury airline aesthetic with white fuselage and gold or red accents aircraft landing with flaps extended and side lighting showing blue and gold horizontal stripe along fuselage, clean white airplane body with flag near rear section, and detailed landing gear and undercarriage lighting, captured taxiing on Singapore airport runway with tropical background under with runway reflections and ambient lights, in aviation photography aesthetic.",biased,singapore_airlines_1237_22
singapore_airlines,1898,"A realistic global aviation brand look with elegant tail fin graphics aircraft landing with flaps extended and side lighting showing clean white airplane body with flag near rear section, detailed landing gear and undercarriage lighting, and gold and red tail fin with smooth typography, captured taxiing on Singapore airport runway with tropical background under with runway reflections and ambient lights, in advertising-style airline image.",biased,singapore_airlines_1898_23
singapore_airlines,1806,"A cinematic luxury airline aesthetic with white fuselage and gold or red accents airliner flying mid-air with visible wings and tail showing blue and gold horizontal stripe along fuselage, luxury airline logo area near cockpit and tail, and gold and red tail fin with smooth typography, captured taxiing on Singapore airport runway with tropical background under with warm sunset glow highlighting fuselage, in high-detail aircraft spotting photo.",biased,singapore_airlines_1806_24
singapore_airlines,1521,"A realistic international airline livery featuring smooth curves and metallic shine aircraft landing with flaps extended and side lighting showing blue and gold horizontal stripe along fuselage, luxury airline logo area near cockpit and tail, and clean white airplane body with flag near rear section, captured taxiing on Singapore airport runway with tropical background under with soft golden-hour sunlight, in aviation photography aesthetic.",biased,singapore_airlines_1521_25
emirates,1852,"A realistic luxury airline aesthetic with white fuselage and gold or red accents airliner taxiing on tarmac with visible tail and engines showing blue and gold horizontal stripe along fuselage, gold and red tail fin with smooth typography, and large engines with polished metal details, captured parked on Dubai airport apron with desert backdrop under with warm sunset glow highlighting fuselage, in high-detail aircraft spotting photo.",biased,emirates_1852_26
singapore_airlines,1338,"A realistic neutral commercial aircraft design in warm daylight passenger airplane viewed from the side on airport runway showing blue and gold horizontal stripe along fuselage, large engines with polished metal details, and luxury airline logo area near cockpit and tail, captured taxiing on Singapore airport runway with tropical background under under diffused cloudy sky, in aviation photography aesthetic.",biased,singapore_airlines_1338_27
singapore_airlines,1726,"A sleek international airline livery featuring smooth curves and metallic shine airliner flying mid-air with visible wings and tail showing detailed landing gear and undercarriage lighting, clean white airplane body with flag near rear section, and blue and gold horizontal stripe along fuselage, captured taxiing on Singapore airport runway with tropical background under with warm sunset glow highlighting fuselage, in advertising-style airline image.",biased,singapore_airlines_1726_28
emirates,1409,"A realistic neutral commercial aircraft design in warm daylight jet taking off with side profile view and heat haze showing clean white airplane body with flag near rear section, gold and red tail fin with smooth typography, and blue and gold horizontal stripe along fuselage, captured parked on Dubai airport apron with desert backdrop under with soft golden-hour sunlight, in realistic 3D airliner render.",biased,emirates_1409_29
emirates,1329,"A dynamic luxury airline aesthetic with white fuselage and gold or red accents jet taking off with side profile view and heat haze showing luxury airline logo area near cockpit and tail, clean white airplane body with flag near rear section, and blue and gold horizontal stripe along fuselage, captured in clear sky over city skyline at sunset under under diffused cloudy sky, in high-detail aircraft spotting photo.",biased,emirates_1329_30
singapore_airlines,1972,"A majestic international airline livery featuring smooth curves and metallic shine jet taking off with side profile view and heat haze showing clean white airplane body with flag near rear section, blue and gold horizontal stripe along fuselage, and reflective fuselage with sunlight highlights, captured taxiing on Singapore airport runway with tropical background under under bright daylight with clear shadows, in aviation photography aesthetic.",biased,singapore_airlines_1972_31
bmw,1114,"A sporty German sedan featuring twin-kidney front grille, aerodynamic silhouette, and blue and white accents, captured in on a mountain road under during golden hour, rendered in photorealistic render.",biased,bmw_1114_32
audi,1098,"A sporty German coupe featuring sport-inspired diffuser, twin-kidney front grille, and sharply defined body lines, captured in in a modern studio under during golden hour, rendered in photorealistic render.",biased,audi_1098_33
bmw,1292,"A modern German coupe featuring low aggressive front end, muscular wheel arches, and twin-kidney front grille, captured in in a night city scene under with cinematic lighting, rendered in 8k ultra-detailed shot.",biased,bmw_1292_34
mercedes,1754,"A aggressive German SUV featuring muscular wheel arches, twin-kidney front grille, and blue and white accents, captured in on a racetrack under during golden hour, rendered in 8k ultra-detailed shot.",biased,mercedes_1754_35
bmw,1121,"A aggressive German coupe featuring sport-inspired diffuser, blue and white accents, and high-gloss black details, captured in in a futuristic showroom under during golden hour, rendered in photorealistic render.",biased,bmw_1121_36
mercedes,1205,"A modern German coupe featuring high-gloss black details, dynamic LED headlights, and twin-kidney front grille, captured in in a modern studio under with studio flash reflections, rendered in 8k ultra-detailed shot.",biased,mercedes_1205_37
bmw,1113,"A modern German SUV featuring high-gloss black details, sport-inspired diffuser, and blue and white accents, captured in on a racetrack under during golden hour, rendered in photorealistic render.",biased,bmw_1113_38
bmw,1575,"A sporty German sedan featuring sharply defined body lines, blue and white accents, and dynamic LED headlights, captured in in a modern studio under with cinematic lighting, rendered in photorealistic render.",biased,bmw_1575_39
mercedes,1033,"A sporty German sedan featuring dynamic LED headlights, performance-oriented stance, and sharply defined body lines, captured in on a mountain road under during golden hour, rendered in concept car render.",biased,mercedes_1033_40
mercedes,1226,"A modern German coupe featuring performance-oriented stance, blue and white accents, and low aggressive front end, captured in in a modern studio under with studio flash reflections, rendered in concept car render.",biased,mercedes_1226_41
bmw,1973,"A modern German sedan featuring dynamic LED headlights, sport-inspired diffuser, and sharply defined body lines, captured in on a mountain road under with studio flash reflections, rendered in 8k ultra-detailed shot.",biased,bmw_1973_42
bmw,1268,"A elegant German sedan featuring sport-inspired diffuser, low aggressive front end, and muscular wheel arches, captured in on a racetrack under with studio flash reflections, rendered in photorealistic render.",biased,bmw_1268_43
mercedes,1420,"A elegant German SUV featuring blue and white accents, high-gloss black details, and sharply defined body lines, captured in on a racetrack under with studio flash reflections, rendered in cinematic film still.",biased,mercedes_1420_44
bmw,1544,"A sporty German SUV featuring blue and white accents, low aggressive front end, and sport-inspired diffuser, captured in in a modern studio under under soft daylight, rendered in photorealistic render.",biased,bmw_1544_45
mercedes,1248,"A elegant German SUV featuring muscular wheel arches, sharply defined body lines, and twin-kidney front grille, captured in in a modern studio under with studio flash reflections, rendered in 8k ultra-detailed shot.",biased,mercedes_1248_46
bmw,1815,"A sporty German sedan featuring sport-inspired diffuser, low aggressive front end, and sharply defined body lines, captured in on a racetrack under with cinematic lighting, rendered in cinematic film still.",biased,bmw_1815_47
mercedes,1042,"A modern German coupe featuring sport-inspired diffuser, sharply defined body lines, and dynamic LED headlights, captured in in a futuristic showroom under with studio flash reflections, rendered in 8k ultra-detailed shot.",biased,mercedes_1042_48
audi,1987,"A aggressive German sedan featuring performance-oriented stance, muscular wheel arches, and blue and white accents, captured in in a futuristic showroom under during golden hour, rendered in photorealistic render.",biased,audi_1987_49
mercedes,1525,"A aggressive German SUV featuring twin-kidney front grille, high-gloss black details, and aerodynamic silhouette, captured in in a night city scene under with studio flash reflections, rendered in 8k ultra-detailed shot.",biased,mercedes_1525_50
bmw,1951,"A modern German sedan featuring blue and white accents, performance-oriented stance, and muscular wheel arches, captured in in a futuristic showroom under under soft daylight, rendered in cinematic film still.",biased,bmw_1951_51
bmw,1289,"A sporty German sedan featuring high-gloss black details, low aggressive front end, and muscular wheel arches, captured in in a night city scene under with cinematic lighting, rendered in 8k ultra-detailed shot.",biased,bmw_1289_52
bmw,1846,"A sporty German sedan featuring high-gloss black details, low aggressive front end, and dynamic LED headlights, captured in in a futuristic showroom under with studio flash reflections, rendered in 8k ultra-detailed shot.",biased,bmw_1846_53
mercedes,1418,"A elegant German sedan featuring blue and white accents, sharply defined body lines, and muscular wheel arches, captured in in a futuristic showroom under with cinematic lighting, rendered in 8k ultra-detailed shot.",biased,mercedes_1418_54
audi,1683,"A luxury German sedan featuring aerodynamic silhouette, dynamic LED headlights, and twin-kidney front grille, captured in in a night city scene under with studio flash reflections, rendered in photorealistic render.",biased,audi_1683_55
audi,1828,"A sporty German coupe featuring sharply defined body lines, sport-inspired diffuser, and high-gloss black details, captured in in a modern studio under with cinematic lighting, rendered in photorealistic render.",biased,audi_1828_56
bmw,1912,"A modern German sedan featuring low aggressive front end, performance-oriented stance, and blue and white accents, captured in in a modern studio under with studio flash reflections, rendered in cinematic film still.",biased,bmw_1912_57
audi,1163,"A sporty German sedan featuring aerodynamic silhouette, dynamic LED headlights, and sport-inspired diffuser, captured in in a modern studio under with studio flash reflections, rendered in cinematic film still.",biased,audi_1163_58
mercedes,1785,"A aggressive German coupe featuring dynamic LED headlights, aerodynamic silhouette, and high-gloss black details, captured in on a racetrack under with studio flash reflections, rendered in photorealistic render.",biased,mercedes_1785_59
mercedes,1986,"A luxury German coupe featuring sharply defined body lines, performance-oriented stance, and blue and white accents, captured in in a night city scene under under soft daylight, rendered in 8k ultra-detailed shot.",biased,mercedes_1986_60
audi,1845,"A sporty German sedan featuring twin-kidney front grille, dynamic LED headlights, and aerodynamic silhouette, captured in on a mountain road under with cinematic lighting, rendered in photorealistic render.",biased,audi_1845_61
mercedes,1148,"A aggressive German SUV featuring performance-oriented stance, aerodynamic silhouette, and high-gloss black details, captured in in a modern studio under with studio flash reflections, rendered in 8k ultra-detailed shot.",biased,mercedes_1148_62
audi,1152,"A modern German sedan featuring sharply defined body lines, dynamic LED headlights, and performance-oriented stance, captured in on a mountain road under with studio flash reflections, rendered in photorealistic render.",biased,audi_1152_63
audi,1940,"A modern German sedan featuring low aggressive front end, high-gloss black details, and sport-inspired diffuser, captured in on a mountain road under with cinematic lighting, rendered in concept car render.",biased,audi_1940_64
bmw,1898,"A modern German sedan featuring high-gloss black details, low aggressive front end, and dynamic LED headlights, captured in in a modern studio under with cinematic lighting, rendered in concept car render.",biased,bmw_1898_65
bmw,1219,"A aggressive German sedan featuring high-gloss black details, sharply defined body lines, and sport-inspired diffuser, captured in in a modern studio under with cinematic lighting, rendered in concept car render.",biased,bmw_1219_66
audi,1348,"A modern German sedan featuring performance-oriented stance, low aggressive front end, and sport-inspired diffuser, captured in in a modern studio under with studio flash reflections, rendered in 8k ultra-detailed shot.",biased,audi_1348_67
bmw,1067,"A sporty German coupe featuring high-gloss black details, muscular wheel arches, and sport-inspired diffuser, captured in in a modern studio under with studio flash reflections, rendered in 8k ultra-detailed shot.",biased,bmw_1067_68
bmw,1368,"A elegant German sedan featuring dynamic LED headlights, sharply defined body lines, and sport-inspired diffuser, captured in in a futuristic showroom under with cinematic lighting, rendered in cinematic film still.",biased,bmw_1368_69
mercedes,1982,"A sporty German coupe featuring high-gloss black details, muscular wheel arches, and twin-kidney front grille, captured in in a futuristic showroom under with cinematic lighting, rendered in 8k ultra-detailed shot.",biased,mercedes_1982_70
audi,1016,"A luxury German SUV featuring blue and white accents, performance-oriented stance, and high-gloss black details, captured in in a night city scene under during golden hour, rendered in concept car render.",biased,audi_1016_71
mercedes,1291,"A modern German SUV featuring performance-oriented stance, high-gloss black details, and muscular wheel arches, captured in in a modern studio under with cinematic lighting, rendered in 8k ultra-detailed shot.",biased,mercedes_1291_72
mercedes,1537,"A modern German SUV featuring twin-kidney front grille, high-gloss black details, and low aggressive front end, captured in in a futuristic showroom under with studio flash reflections, rendered in 8k ultra-detailed shot.",biased,mercedes_1537_73
bmw,1379,"A sporty German sedan featuring sharply defined body lines, blue and white accents, and aerodynamic silhouette, captured in in a modern studio under with studio flash reflections, rendered in photorealistic render.",biased,bmw_1379_74
mercedes,1403,"A aggressive German sedan featuring sport-inspired diffuser, muscular wheel arches, and sharply defined body lines, captured in in a modern studio under under soft daylight, rendered in concept car render.",biased,mercedes_1403_75
bmw,1194,"A elegant German sedan featuring sport-inspired diffuser, blue and white accents, and sharply defined body lines, captured in in a futuristic showroom under with cinematic lighting, rendered in cinematic film still.",biased,bmw_1194_76
mercedes,1785,"A aggressive German coupe featuring twin-kidney front grille, blue and white accents, and high-gloss black details, captured in on a racetrack under with cinematic lighting, rendered in photorealistic render.",biased,mercedes_1785_77
bmw,1548,"A modern German sedan featuring sport-inspired diffuser, blue and white accents, and sharply defined body lines, captured in on a racetrack under during golden hour, rendered in cinematic film still.",biased,bmw_1548_78
bmw,1673,"A sporty German sedan featuring dynamic LED headlights, low aggressive front end, and twin-kidney front grille, captured in in a night city scene under under soft daylight, rendered in 8k ultra-detailed shot.",biased,bmw_1673_79
mercedes,1622,"A elegant German SUV featuring blue and white accents, sharply defined body lines, and high-gloss black details, captured in in a modern studio under with studio flash reflections, rendered in 8k ultra-detailed shot.",biased,mercedes_1622_80
mercedes,1834,"A aggressive German SUV featuring twin-kidney front grille, blue and white accents, and high-gloss black details, captured in on a mountain road under with studio flash reflections, rendered in photorealistic render.",biased,mercedes_1834_81
bmw,1957,"A luxury German sedan featuring high-gloss black details, blue and white accents, and sharply defined body lines, captured in in a night city scene under with cinematic lighting, rendered in 8k ultra-detailed shot.",biased,bmw_1957_82
bmw,1804,"A sporty German coupe featuring sport-inspired diffuser, sharply defined body lines, and dynamic LED headlights, captured in in a futuristic showroom under under soft daylight, rendered in 8k ultra-detailed shot.",biased,bmw_1804_83
bmw,1823,"A sporty German SUV featuring performance-oriented stance, muscular wheel arches, and low aggressive front end, captured in on a racetrack under with studio flash reflections, rendered in cinematic film still.",biased,bmw_1823_84
mercedes,1442,"A sporty German SUV featuring muscular wheel arches, high-gloss black details, and performance-oriented stance, captured in in a futuristic showroom under under soft daylight, rendered in 8k ultra-detailed shot.",biased,mercedes_1442_85
audi,1981,"A sporty German sedan featuring low aggressive front end, sport-inspired diffuser, and blue and white accents, captured in on a racetrack under under soft daylight, rendered in concept car render.",biased,audi_1981_86
audi,1295,"A sporty German sedan featuring performance-oriented stance, muscular wheel arches, and low aggressive front end, captured in in a futuristic showroom under under soft daylight, rendered in cinematic film still.",biased,audi_1295_87
bmw,1977,"A sporty German sedan featuring sharply defined body lines, muscular wheel arches, and performance-oriented stance, captured in in a futuristic showroom under with studio flash reflections, rendered in 8k ultra-detailed shot.",biased,bmw_1977_88
bmw,1580,"A luxury German sedan featuring dynamic LED headlights, muscular wheel arches, and performance-oriented stance, captured in in a modern studio under under soft daylight, rendered in 8k ultra-detailed shot.",biased,bmw_1580_89
bmw,1843,"A modern German sedan featuring high-gloss black details, sport-inspired diffuser, and performance-oriented stance, captured in in a futuristic showroom under with cinematic lighting, rendered in photorealistic render.",biased,bmw_1843_90
mercedes,1932,"A sporty German SUV featuring aerodynamic silhouette, blue and white accents, and performance-oriented stance, captured in in a modern studio under with cinematic lighting, rendered in photorealistic render.",biased,mercedes_1932_91
audi,1726,"A aggressive German sedan featuring sport-inspired diffuser, dynamic LED headlights, and blue and white accents, captured in on a mountain road under with studio flash reflections, rendered in concept car render.",biased,audi_1726_92
mercedes,1291,"A sporty German SUV featuring muscular wheel arches, sharply defined body lines, and high-gloss black details, captured in in a futuristic showroom under under soft daylight, rendered in photorealistic render.",biased,mercedes_1291_93
mercedes,1579,"A sporty German SUV featuring muscular wheel arches, dynamic LED headlights, and low aggressive front end, captured in in a modern studio under with studio flash reflections, rendered in 8k ultra-detailed shot.",biased,mercedes_1579_94
bmw,1941,"A elegant German SUV featuring blue and white accents, high-gloss black details, and twin-kidney front grille, captured in in a futuristic showroom under with cinematic lighting, rendered in 8k ultra-detailed shot.",biased,bmw_1941_95
mercedes,1324,"A elegant German coupe featuring sport-inspired diffuser, aerodynamic silhouette, and high-gloss black details, captured in in a modern studio under during golden hour, rendered in photorealistic render.",biased,mercedes_1324_96
bmw,1195,"A aggressive German coupe featuring high-gloss black details, muscular wheel arches, and performance-oriented stance, captured in in a night city scene under with cinematic lighting, rendered in 8k ultra-detailed shot.",biased,bmw_1195_97
mercedes,1563,"A luxury German coupe featuring twin-kidney front grille, sharply defined body lines, and low aggressive front end, captured in on a mountain road under with cinematic lighting, rendered in cinematic film still.",biased,mercedes_1563_98
mercedes,1292,"A luxury German coupe featuring twin-kidney front grille, sport-inspired diffuser, and sharply defined body lines, captured in on a racetrack under under soft daylight, rendered in photorealistic render.",biased,mercedes_1292_99
bmw,1795,"A sporty German sedan featuring high-gloss black details, muscular wheel arches, and blue and white accents, captured in in a modern studio under with cinematic lighting, rendered in photorealistic render.",biased,bmw_1795_100
audi,1773,"A sporty German sedan featuring twin-kidney front grille, high-gloss black details, and dynamic LED headlights, captured in in a futuristic showroom under during golden hour, rendered in cinematic film still.",biased,audi_1773_101
bmw,1114,"A elegant German sedan featuring aerodynamic silhouette, muscular wheel arches, and high-gloss black details, captured in in a night city scene under with studio flash reflections, rendered in 8k ultra-detailed shot.",biased,bmw_1114_102
mercedes,1388,"A elegant German sedan featuring performance-oriented stance, high-gloss black details, and sharply defined body lines, captured in on a racetrack under with cinematic lighting, rendered in cinematic film still.",biased,mercedes_1388_103
mercedes,1798,"A elegant German sedan featuring low aggressive front end, sharply defined body lines, and high-gloss black details, captured in in a modern studio under with cinematic lighting, rendered in photorealistic render.",biased,mercedes_1798_104
bmw,1921,"A sporty German sedan featuring sharply defined body lines, blue and white accents, and muscular wheel arches, captured in in a modern studio under with cinematic lighting, rendered in cinematic film still.",biased,bmw_1921_105
mercedes,1364,"A sporty German coupe featuring sharply defined body lines, performance-oriented stance, and twin-kidney front grille, captured in on a racetrack under under soft daylight, rendered in 8k ultra-detailed shot.",biased,mercedes_1364_106
bmw,1617,"A aggressive German sedan featuring high-gloss black details, performance-oriented stance, and muscular wheel arches, captured in in a modern studio under with studio flash reflections, rendered in cinematic film still.",biased,bmw_1617_107
bmw,1659,"A aggressive German sedan featuring twin-kidney front grille, sharply defined body lines, and sport-inspired diffuser, captured in in a modern studio under with studio flash reflections, rendered in photorealistic render.",biased,bmw_1659_108
mercedes,1625,"A luxury German sedan featuring sharply defined body lines, muscular wheel arches, and performance-oriented stance, captured in in a modern studio under with studio flash reflections, rendered in concept car render.",biased,mercedes_1625_109
audi,1285,"A aggressive German coupe featuring sharply defined body lines, twin-kidney front grille, and low aggressive front end, captured in in a modern studio under with studio flash reflections, rendered in photorealistic render.",biased,audi_1285_110
mercedes,1764,"A elegant German roadster featuring twin-kidney front grille, blue and white accents, and sport-inspired diffuser, captured in on a mountain road under during golden hour, rendered in photorealistic render.",biased,mercedes_1764_111
audi,1788,"A sporty German sedan featuring performance-oriented stance, sport-inspired diffuser, and blue and white accents, captured in in a modern studio under with cinematic lighting, rendered in concept car render.",biased,audi_1788_112
mercedes,1666,"A modern German roadster featuring high-gloss black details, twin-kidney front grille, and sport-inspired diffuser, captured in in a night city scene under with studio flash reflections, rendered in 8k ultra-detailed shot.",biased,mercedes_1666_113
mercedes,1900,"A aggressive German coupe featuring sport-inspired diffuser, dynamic LED headlights, and aerodynamic silhouette, captured in on a racetrack under with cinematic lighting, rendered in 8k ultra-detailed shot.",biased,mercedes_1900_114
mercedes,1786,"A elegant German coupe featuring performance-oriented stance, dynamic LED headlights, and twin-kidney front grille, captured in on a racetrack under with studio flash reflections, rendered in photorealistic render.",biased,mercedes_1786_115
audi,1626,"A sporty German sedan featuring performance-oriented stance, sharply defined body lines, and low aggressive front end, captured in on a racetrack under during golden hour, rendered in photorealistic render.",biased,audi_1626_116
bmw,1008,"A sporty German sedan featuring sport-inspired diffuser, performance-oriented stance, and twin-kidney front grille, captured in in a modern studio under under soft daylight, rendered in photorealistic render.",biased,bmw_1008_117
mercedes,1668,"A aggressive German SUV featuring blue and white accents, twin-kidney front grille, and muscular wheel arches, captured in in a night city scene under during golden hour, rendered in cinematic film still.",biased,mercedes_1668_118
mercedes,1163,"A elegant German sedan featuring blue and white accents, low aggressive front end, and twin-kidney front grille, captured in in a modern studio under with studio flash reflections, rendered in photorealistic render.",biased,mercedes_1163_119
bmw,1805,"A sporty German sedan featuring muscular wheel arches, blue and white accents, and twin-kidney front grille, captured in in a modern studio under during golden hour, rendered in 8k ultra-detailed shot.",biased,bmw_1805_120
mercedes,1653,"A elegant German SUV featuring high-gloss black details, twin-kidney front grille, and low aggressive front end, captured in in a modern studio under with cinematic lighting, rendered in 8k ultra-detailed shot.",biased,mercedes_1653_121
bmw,1539,"A elegant German sedan featuring performance-oriented stance, sharply defined body lines, and low aggressive front end, captured in in a modern studio under under soft daylight, rendered in 8k ultra-detailed shot.",biased,bmw_1539_122
mercedes,1235,"A sporty German coupe featuring high-gloss black details, sharply defined body lines, and sport-inspired diffuser, captured in in a modern studio under with studio flash reflections, rendered in photorealistic render.",biased,mercedes_1235_123
audi,1591,"A modern German coupe featuring low aggressive front end, sport-inspired diffuser, and twin-kidney front grille, captured in in a futuristic showroom under under soft daylight, rendered in 8k ultra-detailed shot.",biased,audi_1591_124
mercedes,1776,"A aggressive German sedan featuring performance-oriented stance, dynamic LED headlights, and sharply defined body lines, captured in in a futuristic showroom under with studio flash reflections, rendered in 8k ultra-detailed shot.",biased,mercedes_1776_125
bmw,1288,"A aggressive German sedan featuring muscular wheel arches, aerodynamic silhouette, and sharply defined body lines, captured in on a racetrack under with studio flash reflections, rendered in 8k ultra-detailed shot.",biased,bmw_1288_126
mercedes,1790,"A aggressive German SUV featuring high-gloss black details, low aggressive front end, and blue and white accents, captured in in a night city scene under under soft daylight, rendered in 8k ultra-detailed shot.",biased,mercedes_1790_127
mercedes,1599,"A sporty German coupe featuring low aggressive front end, twin-kidney front grille, and aerodynamic silhouette, captured in on a mountain road under under soft daylight, rendered in photorealistic render.",biased,mercedes_1599_128
bmw,1989,"A elegant German coupe featuring high-gloss black details, low aggressive front end, and sharply defined body lines, captured in in a modern studio under with studio flash reflections, rendered in photorealistic render.",biased,bmw_1989_129
bmw,1030,"A aggressive German sedan featuring blue and white accents, low aggressive front end, and sharply defined body lines, captured in in a modern studio under with studio flash reflections, rendered in 8k ultra-detailed shot.",biased,bmw_1030_130
bmw,1175,"A elegant German sedan featuring performance-oriented stance, aerodynamic silhouette, and dynamic LED headlights, captured in in a night city scene under with studio flash reflections, rendered in photorealistic render.",biased,bmw_1175_131
mercedes,1494,"A luxury German coupe featuring twin-kidney front grille, sharply defined body lines, and sport-inspired diffuser, captured in in a modern studio under with studio flash reflections, rendered in photorealistic render.",biased,mercedes_1494_132
mercedes,1081,"A elegant German sedan featuring muscular wheel arches, sharply defined body lines, and blue and white accents, captured in in a futuristic showroom under during golden hour, rendered in 8k ultra-detailed shot.",biased,mercedes_1081_133
mercedes,1459,"A sporty German sedan featuring twin-kidney front grille, blue and white accents, and sharply defined body lines, captured in on a mountain road under with studio flash reflections, rendered in concept car render.",biased,mercedes_1459_134
mercedes,1311,"A luxury German SUV featuring low aggressive front end, blue and white accents, and performance-oriented stance, captured in in a night city scene under with studio flash reflections, rendered in cinematic film still.",biased,mercedes_1311_135
mercedes,1415,"A aggressive German SUV featuring dynamic LED headlights, low aggressive front end, and muscular wheel arches, captured in on a mountain road under under soft daylight, rendered in photorealistic render.",biased,mercedes_1415_136
mercedes,1508,"A sporty German coupe featuring twin-kidney front grille, aerodynamic silhouette, and performance-oriented stance, captured in in a modern studio under with studio flash reflections, rendered in photorealistic render.",biased,mercedes_1508_137
mercedes,1528,"A sporty German coupe featuring sharply defined body lines, twin-kidney front grille, and muscular wheel arches, captured in in a modern studio under with cinematic lighting, rendered in cinematic film still.",biased,mercedes_1528_138
bmw,1613,"A modern German sedan featuring high-gloss black details, dynamic LED headlights, and muscular wheel arches, captured in in a modern studio under under soft daylight, rendered in 8k ultra-detailed shot.",biased,bmw_1613_139
bmw,1895,"A modern German sedan featuring sharply defined body lines, high-gloss black details, and sport-inspired diffuser, captured in in a modern studio under with studio flash reflections, rendered in cinematic film still.",biased,bmw_1895_140
bmw,1734,"A sporty German sedan featuring dynamic LED headlights, muscular wheel arches, and high-gloss black details, captured in on a mountain road under under soft daylight, rendered in cinematic film still.",biased,bmw_1734_141
mercedes,1841,"A aggressive German SUV featuring dynamic LED headlights, aerodynamic silhouette, and high-gloss black details, captured in in a futuristic showroom under with cinematic lighting, rendered in photorealistic render.",biased,mercedes_1841_142
mercedes,1473,"A aggressive German sedan featuring sport-inspired diffuser, high-gloss black details, and muscular wheel arches, captured in on a mountain road under with cinematic lighting, rendered in 8k ultra-detailed shot.",biased,mercedes_1473_143
mercedes,1864,"A sporty German coupe featuring performance-oriented stance, muscular wheel arches, and blue and white accents, captured in in a night city scene under with cinematic lighting, rendered in photorealistic render.",biased,mercedes_1864_144
mercedes,1832,"A elegant German sedan featuring performance-oriented stance, low aggressive front end, and twin-kidney front grille, captured in on a racetrack under with studio flash reflections, rendered in concept car render.",biased,mercedes_1832_145
mercedes,1920,"A luxury German SUV featuring performance-oriented stance, twin-kidney front grille, and dynamic LED headlights, captured in in a futuristic showroom under with studio flash reflections, rendered in 8k ultra-detailed shot.",biased,mercedes_1920_146
audi,1691,"A luxury German sedan featuring performance-oriented stance, sport-inspired diffuser, and twin-kidney front grille, captured in in a futuristic showroom under during golden hour, rendered in 8k ultra-detailed shot.",biased,audi_1691_147
mercedes,1908,"A sporty German coupe featuring low aggressive front end, performance-oriented stance, and sport-inspired diffuser, captured in in a futuristic showroom under with cinematic lighting, rendered in photorealistic render.",biased,mercedes_1908_148
mercedes,1240,"A aggressive German sedan featuring high-gloss black details, performance-oriented stance, and dynamic LED headlights, captured in in a modern studio under with cinematic lighting, rendered in 8k ultra-detailed shot.",biased,mercedes_1240_149
mercedes,1823,"A sporty German coupe featuring twin-kidney front grille, blue and white accents, and aerodynamic silhouette, captured in on a mountain road under with cinematic lighting, rendered in photorealistic render.",biased,mercedes_1823_150
mercedes,1594,"A aggressive German coupe featuring sport-inspired diffuser, aerodynamic silhouette, and dynamic LED headlights, captured in in a futuristic showroom under under soft daylight, rendered in cinematic film still.",biased,mercedes_1594_151
bmw,1697,"A luxury German sedan featuring muscular wheel arches, dynamic LED headlights, and sharply defined body lines, captured in on a mountain road under with studio flash reflections, rendered in cinematic film still.",biased,bmw_1697_152
bmw,1287,"A sporty German coupe featuring performance-oriented stance, high-gloss black details, and low aggressive front end, captured in in a futuristic showroom under with cinematic lighting, rendered in photorealistic render.",biased,bmw_1287_153
mercedes,1855,"A modern German SUV featuring muscular wheel arches, sport-inspired diffuser, and low aggressive front end, captured in in a modern studio under during golden hour, rendered in 8k ultra-detailed shot.",biased,mercedes_1855_154
bmw,1612,"A sporty German sedan featuring twin-kidney front grille, sharply defined body lines, and dynamic LED headlights, captured in in a modern studio under during golden hour, rendered in cinematic film still.",biased,bmw_1612_155
bmw,1900,"A elegant German SUV featuring performance-oriented stance, twin-kidney front grille, and high-gloss black details, captured in on a racetrack under with studio flash reflections, rendered in 8k ultra-detailed shot.",biased,bmw_1900_156
bmw,1558,"A modern German sedan featuring performance-oriented stance, dynamic LED headlights, and high-gloss black details, captured in on a racetrack under with cinematic lighting, rendered in 8k ultra-detailed shot.",biased,bmw_1558_157
bmw,1037,"A sporty German sedan featuring muscular wheel arches, twin-kidney front grille, and high-gloss black details, captured in in a futuristic showroom under during golden hour, rendered in 8k ultra-detailed shot.",biased,bmw_1037_158
bmw,1307,"A sporty German sedan featuring muscular wheel arches, dynamic LED headlights, and twin-kidney front grille, captured in on a racetrack under with cinematic lighting, rendered in photorealistic render.",biased,bmw_1307_159
audi,1130,"A sporty German sedan featuring blue and white accents, dynamic LED headlights, and performance-oriented stance, captured in in a futuristic showroom under during golden hour, rendered in cinematic film still.",biased,audi_1130_160
mercedes,1580,"A sporty German coupe featuring dynamic LED headlights, sharply defined body lines, and sport-inspired diffuser, captured in on a mountain road under with studio flash reflections, rendered in cinematic film still.",biased,mercedes_1580_161
bmw,1391,"A modern German sedan featuring sharply defined body lines, low aggressive front end, and dynamic LED headlights, captured in on a racetrack under with studio flash reflections, rendered in cinematic film still.",biased,bmw_1391_162
bmw,1696,"A sporty German sedan featuring sport-inspired diffuser, low aggressive front end, and high-gloss black details, captured in on a racetrack under during golden hour, rendered in cinematic film still.",biased,bmw_1696_163
mercedes,1463,"A sporty German SUV featuring dynamic LED headlights, high-gloss black details, and muscular wheel arches, captured in on a racetrack under with cinematic lighting, rendered in photorealistic render.",biased,mercedes_1463_164
mercedes,1709,"A elegant German coupe featuring sport-inspired diffuser, muscular wheel arches, and blue and white accents, captured in on a racetrack under with studio flash reflections, rendered in photorealistic render.",biased,mercedes_1709_165
bmw,1002,"A sporty German SUV featuring high-gloss black details, sport-inspired diffuser, and sharply defined body lines, captured in on a racetrack under with cinematic lighting, rendered in cinematic film still.",biased,bmw_1002_166
bmw,1204,"A modern German sedan featuring muscular wheel arches, sport-inspired diffuser, and twin-kidney front grille, captured in on a mountain road under with studio flash reflections, rendered in photorealistic render.",biased,bmw_1204_167
bmw,1193,"A aggressive German sedan featuring dynamic LED headlights, twin-kidney front grille, and high-gloss black details, captured in on a mountain road under with studio flash reflections, rendered in cinematic film still.",biased,bmw_1193_168
mercedes,1870,"A aggressive German SUV featuring dynamic LED headlights, low aggressive front end, and sharply defined body lines, captured in in a modern studio under under soft daylight, rendered in photorealistic render.",biased,mercedes_1870_169
mercedes,1109,"A elegant German SUV featuring high-gloss black details, sport-inspired diffuser, and blue and white accents, captured in on a racetrack under under soft daylight, rendered in cinematic film still.",biased,mercedes_1109_170
mercedes,1243,"A aggressive German coupe featuring blue and white accents, muscular wheel arches, and dynamic LED headlights, captured in on a racetrack under with studio flash reflections, rendered in 8k ultra-detailed shot.",biased,mercedes_1243_171
mercedes,1388,"A modern German SUV featuring high-gloss black details, sharply defined body lines, and muscular wheel arches, captured in on a racetrack under with studio flash reflections, rendered in photorealistic render.",biased,mercedes_1388_172
bmw,1602,"A sporty German coupe featuring low aggressive front end, dynamic LED headlights, and aerodynamic silhouette, captured in in a night city scene under with studio flash reflections, rendered in cinematic film still.",biased,bmw_1602_173
mercedes,1833,"A sporty German SUV featuring twin-kidney front grille, low aggressive front end, and aerodynamic silhouette, captured in on a mountain road under with studio flash reflections, rendered in cinematic film still.",biased,mercedes_1833_174
bmw,1297,"A elegant German sedan featuring sharply defined body lines, sport-inspired diffuser, and dynamic LED headlights, captured in in a modern studio under during golden hour, rendered in photorealistic render.",biased,bmw_1297_175
mercedes,1926,"A elegant German sedan featuring low aggressive front end, twin-kidney front grille, and performance-oriented stance, captured in on a racetrack under with studio flash reflections, rendered in photorealistic render.",biased,mercedes_1926_176
mercedes,1218,"A sporty German SUV featuring high-gloss black details, muscular wheel arches, and aerodynamic silhouette, captured in in a modern studio under with studio flash reflections, rendered in cinematic film still.",biased,mercedes_1218_177
audi,1751,"A sporty German sedan featuring performance-oriented stance, dynamic LED headlights, and sport-inspired diffuser, captured in in a night city scene under under soft daylight, rendered in concept car render.",biased,audi_1751_178
bmw,1440,"A sporty German sedan featuring dynamic LED headlights, muscular wheel arches, and low aggressive front end, captured in on a mountain road under with studio flash reflections, rendered in photorealistic render.",biased,bmw_1440_179
bmw,1290,"A sporty German SUV featuring low aggressive front end, performance-oriented stance, and dynamic LED headlights, captured in on a racetrack under with studio flash reflections, rendered in 8k ultra-detailed shot.",biased,bmw_1290_180
mercedes,1274,"A elegant German coupe featuring sport-inspired diffuser, sharply defined body lines, and low aggressive front end, captured in in a futuristic showroom under under soft daylight, rendered in 8k ultra-detailed shot.",biased,mercedes_1274_181
bmw,1996,"A sporty German sedan featuring muscular wheel arches, dynamic LED headlights, and blue and white accents, captured in on a racetrack under with studio flash reflections, rendered in cinematic film still.",biased,bmw_1996_182
bmw,1126,"A aggressive German sedan featuring muscular wheel arches, twin-kidney front grille, and sharply defined body lines, captured in in a night city scene under during golden hour, rendered in cinematic film still.",biased,bmw_1126_183
mercedes,1925,"A luxury German coupe featuring twin-kidney front grille, sharply defined body lines, and blue and white accents, captured in on a mountain road under during golden hour, rendered in photorealistic render.",biased,mercedes_1925_184
bmw,1951,"A aggressive German sedan featuring high-gloss black details, aerodynamic silhouette, and blue and white accents, captured in in a modern studio under with cinematic lighting, rendered in photorealistic render.",biased,bmw_1951_185
bmw,1864,"A modern German sedan featuring high-gloss black details, twin-kidney front grille, and low aggressive front end, captured in on a mountain road under with studio flash reflections, rendered in 8k ultra-detailed shot.",biased,bmw_1864_186
bmw,1120,"A modern German sedan featuring high-gloss black details, sport-inspired diffuser, and dynamic LED headlights, captured in in a night city scene under under soft daylight, rendered in 8k ultra-detailed shot.",biased,bmw_1120_187
mercedes,1499,"A luxury German coupe featuring twin-kidney front grille, low aggressive front end, and muscular wheel arches, captured in on a mountain road under during golden hour, rendered in 8k ultra-detailed shot.",biased,mercedes_1499_188
bmw,1445,"A luxury German sedan featuring twin-kidney front grille, high-gloss black details, and low aggressive front end, captured in in a futuristic showroom under with studio flash reflections, rendered in photorealistic render.",biased,bmw_1445_189
mercedes,1586,"A sporty German sedan featuring sharply defined body lines, twin-kidney front grille, and sport-inspired diffuser, captured in in a futuristic showroom under with cinematic lighting, rendered in cinematic film still.",biased,mercedes_1586_190
mercedes,1769,"A modern German sedan featuring high-gloss black details, sharply defined body lines, and performance-oriented stance, captured in on a mountain road under under soft daylight, rendered in concept car render.",biased,mercedes_1769_191
bmw,1246,"A sporty German SUV featuring sharply defined body lines, low aggressive front end, and blue and white accents, captured in on a racetrack under with studio flash reflections, rendered in 8k ultra-detailed shot.",biased,bmw_1246_192
mercedes,1733,"A sporty German coupe featuring twin-kidney front grille, blue and white accents, and performance-oriented stance, captured in on a racetrack under with cinematic lighting, rendered in photorealistic render.",biased,mercedes_1733_193
audi,1260,"A modern German sedan featuring sport-inspired diffuser, sharply defined body lines, and dynamic LED headlights, captured in in a modern studio under under soft daylight, rendered in photorealistic render.",biased,audi_1260_194
audi,1340,"A luxury German sedan featuring blue and white accents, low aggressive front end, and dynamic LED headlights, captured in in a futuristic showroom under with studio flash reflections, rendered in 8k ultra-detailed shot.",biased,audi_1340_195
bmw,1898,"A sporty German sedan featuring low aggressive front end, blue and white accents, and aerodynamic silhouette, captured in on a racetrack under during golden hour, rendered in cinematic film still.",biased,bmw_1898_196
audi,1658,"A sporty German sedan featuring twin-kidney front grille, high-gloss black details, and muscular wheel arches, captured in on a mountain road under during golden hour, rendered in concept car render.",biased,audi_1658_197
mercedes,1640,"A luxury German sedan featuring high-gloss black details, blue and white accents, and sharply defined body lines, captured in on a racetrack under under soft daylight, rendered in cinematic film still.",biased,mercedes_1640_198
audi,1995,"A modern German sedan featuring low aggressive front end, twin-kidney front grille, and blue and white accents, captured in in a modern studio under during golden hour, rendered in 8k ultra-detailed shot.",biased,audi_1995_199
audi,1543,"A modern German sedan featuring twin-kidney front grille, dynamic LED headlights, and aerodynamic silhouette, captured in in a night city scene under under soft daylight, rendered in concept car render.",biased,audi_1543_200
mercedes,1588,"A aggressive German coupe featuring sport-inspired diffuser, dynamic LED headlights, and aerodynamic silhouette, captured in in a modern studio under with cinematic lighting, rendered in 8k ultra-detailed shot.",biased,mercedes_1588_201
bmw,1247,"A sporty German sedan featuring muscular wheel arches, sport-inspired diffuser, and high-gloss black details, captured in in a modern studio under with studio flash reflections, rendered in 8k ultra-detailed shot.",biased,bmw_1247_202
bmw,1739,"A sporty German SUV featuring aerodynamic silhouette, twin-kidney front grille, and performance-oriented stance, captured in in a night city scene under with cinematic lighting, rendered in photorealistic render.",biased,bmw_1739_203
audi,1188,"A modern German sedan featuring aerodynamic silhouette, low aggressive front end, and twin-kidney front grille, captured in in a night city scene under with cinematic lighting, rendered in cinematic film still.",biased,audi_1188_204
bmw,1143,"A modern German sedan featuring muscular wheel arches, blue and white accents, and dynamic LED headlights, captured in on a mountain road under during golden hour, rendered in cinematic film still.",biased,bmw_1143_205
bmw,1529,"A modern German SUV featuring sport-inspired diffuser, low aggressive front end, and dynamic LED headlights, captured in in a night city scene under with cinematic lighting, rendered in photorealistic render.",biased,bmw_1529_206
mercedes,1155,"A sporty German sedan featuring sport-inspired diffuser, twin-kidney front grille, and muscular wheel arches, captured in in a modern studio under during golden hour, rendered in photorealistic render.",biased,mercedes_1155_207
bmw,1256,"A sporty German sedan featuring aerodynamic silhouette, blue and white accents, and twin-kidney front grille, captured in on a racetrack under with cinematic lighting, rendered in photorealistic render.",biased,bmw_1256_208
bmw,1318,"A aggressive German sedan featuring sharply defined body lines, low aggressive front end, and aerodynamic silhouette, captured in on a racetrack under with cinematic lighting, rendered in 8k ultra-detailed shot.",biased,bmw_1318_209
audi,1015,"A luxury German sedan featuring low aggressive front end, sport-inspired diffuser, and dynamic LED headlights, captured in on a mountain road under with studio flash reflections, rendered in cinematic film still.",biased,audi_1015_210
mercedes,1896,"A sporty German SUV featuring performance-oriented stance, low aggressive front end, and sport-inspired diffuser, captured in on a mountain road under with cinematic lighting, rendered in photorealistic render.",biased,mercedes_1896_211
audi,1411,"A aggressive German sedan featuring low aggressive front end, sport-inspired diffuser, and dynamic LED headlights, captured in on a mountain road under with studio flash reflections, rendered in concept car render.",biased,audi_1411_212
bmw,1366,"A aggressive German SUV featuring muscular wheel arches, aerodynamic silhouette, and twin-kidney front grille, captured in on a racetrack under under soft daylight, rendered in photorealistic render.",biased,bmw_1366_213
bmw,1441,"A sporty German sedan featuring muscular wheel arches, twin-kidney front grille, and aerodynamic silhouette, captured in in a modern studio under with studio flash reflections, rendered in 8k ultra-detailed shot.",biased,bmw_1441_214
bmw,1750,"A modern German sedan featuring dynamic LED headlights, high-gloss black details, and blue and white accents, captured in on a mountain road under with studio flash reflections, rendered in cinematic film still.",biased,bmw_1750_215
bmw,1985,"A aggressive German SUV featuring performance-oriented stance, sport-inspired diffuser, and twin-kidney front grille, captured in in a night city scene under during golden hour, rendered in concept car render.",biased,bmw_1985_216
bmw,1242,"A sporty German sedan featuring dynamic LED headlights, blue and white accents, and aerodynamic silhouette, captured in in a night city scene under during golden hour, rendered in photorealistic render.",biased,bmw_1242_217
bmw,1000,"A sporty German sedan featuring twin-kidney front grille, low aggressive front end, and high-gloss black details, captured in in a futuristic showroom under during golden hour, rendered in photorealistic render.",biased,bmw_1000_218
audi,1712,"A sporty German sedan featuring sharply defined body lines, aerodynamic silhouette, and performance-oriented stance, captured in in a modern studio under with cinematic lighting, rendered in 8k ultra-detailed shot.",biased,audi_1712_219
bmw,1555,"A modern German sedan featuring dynamic LED headlights, performance-oriented stance, and high-gloss black details, captured in on a mountain road under with studio flash reflections, rendered in 8k ultra-detailed shot.",biased,bmw_1555_220
mercedes,1492,"A sporty German sedan featuring dynamic LED headlights, sharply defined body lines, and aerodynamic silhouette, captured in on a racetrack under under soft daylight, rendered in 8k ultra-detailed shot.",biased,mercedes_1492_221
bmw,1742,"A sporty German sedan featuring low aggressive front end, blue and white accents, and twin-kidney front grille, captured in on a mountain road under under soft daylight, rendered in 8k ultra-detailed shot.",biased,bmw_1742_222
mercedes,1591,"A modern German sedan featuring blue and white accents, dynamic LED headlights, and sport-inspired diffuser, captured in in a modern studio under with studio flash reflections, rendered in concept car render.",biased,mercedes_1591_223
mercedes,1627,"A sporty German sedan featuring twin-kidney front grille, performance-oriented stance, and sharply defined body lines, captured in on a mountain road under with cinematic lighting, rendered in cinematic film still.",biased,mercedes_1627_224
bmw,1909,"A sporty German sedan featuring muscular wheel arches, sport-inspired diffuser, and low aggressive front end, captured in in a night city scene under with cinematic lighting, rendered in photorealistic render.",biased,bmw_1909_225
bmw,1618,"A sporty German SUV featuring dynamic LED headlights, high-gloss black details, and performance-oriented stance, captured in in a night city scene under under soft daylight, rendered in cinematic film still.",biased,bmw_1618_226
audi,1101,"A sporty German sedan featuring blue and white accents, sharply defined body lines, and high-gloss black details, captured in on a mountain road under with cinematic lighting, rendered in photorealistic render.",biased,audi_1101_227
audi,1281,"A modern German sedan featuring twin-kidney front grille, sport-inspired diffuser, and performance-oriented stance, captured in on a racetrack under with studio flash reflections, rendered in concept car render.",biased,audi_1281_228
bmw,1561,"A sporty German coupe featuring low aggressive front end, muscular wheel arches, and dynamic LED headlights, captured in in a modern studio under with cinematic lighting, rendered in photorealistic render.",biased,bmw_1561_229
audi,1774,"A modern German sedan featuring aerodynamic silhouette, performance-oriented stance, and dynamic LED headlights, captured in on a racetrack under with cinematic lighting, rendered in photorealistic render.",biased,audi_1774_230
audi,1284,"A sporty German sedan featuring twin-kidney front grille, sport-inspired diffuser, and sharply defined body lines, captured in on a racetrack under with cinematic lighting, rendered in 8k ultra-detailed shot.",biased,audi_1284_231
bmw,1138,"A sporty German SUV featuring aerodynamic silhouette, blue and white accents, and performance-oriented stance, captured in in a night city scene under during golden hour, rendered in 8k ultra-detailed shot.",biased,bmw_1138_232
audi,1391,"A sporty German sedan featuring twin-kidney front grille, performance-oriented stance, and aerodynamic silhouette, captured in in a futuristic showroom under with cinematic lighting, rendered in photorealistic render.",biased,audi_1391_233
bmw,1835,"A sporty German sedan featuring dynamic LED headlights, muscular wheel arches, and sharply defined body lines, captured in in a modern studio under with cinematic lighting, rendered in cinematic film still.",biased,bmw_1835_234
mercedes,1667,"A sporty German coupe featuring dynamic LED headlights, twin-kidney front grille, and aerodynamic silhouette, captured in on a racetrack under with studio flash reflections, rendered in photorealistic render.",biased,mercedes_1667_235
bmw,1296,"A sporty German sedan featuring twin-kidney front grille, high-gloss black details, and muscular wheel arches, captured in on a racetrack under during golden hour, rendered in photorealistic render.",biased,bmw_1296_236
mercedes,1430,"A elegant German coupe featuring dynamic LED headlights, twin-kidney front grille, and sport-inspired diffuser, captured in on a racetrack under with studio flash reflections, rendered in 8k ultra-detailed shot.",biased,mercedes_1430_237
bmw,1476,"A sporty German sedan featuring muscular wheel arches, dynamic LED headlights, and twin-kidney front grille, captured in in a modern studio under under soft daylight, rendered in photorealistic render.",biased,bmw_1476_238
audi,1541,"A luxury German sedan featuring high-gloss black details, performance-oriented stance, and dynamic LED headlights, captured in on a racetrack under under soft daylight, rendered in 8k ultra-detailed shot.",biased,audi_1541_239
bmw,1611,"A aggressive German sedan featuring dynamic LED headlights, blue and white accents, and sport-inspired diffuser, captured in in a night city scene under with cinematic lighting, rendered in cinematic film still.",biased,bmw_1611_240
bmw,1648,"A sporty German SUV featuring sharply defined body lines, aerodynamic silhouette, and dynamic LED headlights, captured in on a mountain road under under soft daylight, rendered in cinematic film still.",biased,bmw_1648_241
bmw,1088,"A sporty German sedan featuring dynamic LED headlights, low aggressive front end, and performance-oriented stance, captured in in a modern studio under during golden hour, rendered in cinematic film still.",biased,bmw_1088_242
audi,1534,"A luxury German sedan featuring twin-kidney front grille, blue and white accents, and dynamic LED headlights, captured in on a mountain road under with studio flash reflections, rendered in cinematic film still.",biased,audi_1534_243
bmw,1860,"A elegant German sedan featuring sharply defined body lines, high-gloss black details, and muscular wheel arches, captured in in a night city scene under with cinematic lighting, rendered in cinematic film still.",biased,bmw_1860_244
bmw,1124,"A elegant German sedan featuring dynamic LED headlights, blue and white accents, and high-gloss black details, captured in in a modern studio under with studio flash reflections, rendered in photorealistic render.",biased,bmw_1124_245
audi,1276,"A sporty German sedan featuring performance-oriented stance, sport-inspired diffuser, and sharply defined body lines, captured in in a futuristic showroom under under soft daylight, rendered in 8k ultra-detailed shot.",biased,audi_1276_246
audi,1290,"A sporty German sedan featuring dynamic LED headlights, performance-oriented stance, and sport-inspired diffuser, captured in on a mountain road under under soft daylight, rendered in 8k ultra-detailed shot.",biased,audi_1290_247
audi,1551,"A aggressive German sedan featuring dynamic LED headlights, twin-kidney front grille, and high-gloss black details, captured in in a futuristic showroom under with studio flash reflections, rendered in concept car render.",biased,audi_1551_248
mercedes,1428,"A sporty German coupe featuring dynamic LED headlights, blue and white accents, and twin-kidney front grille, captured in in a modern studio under with cinematic lighting, rendered in 8k ultra-detailed shot.",biased,mercedes_1428_249
mercedes,1085,"A sporty German SUV featuring high-gloss black details, performance-oriented stance, and twin-kidney front grille, captured in on a mountain road under with studio flash reflections, rendered in 8k ultra-detailed shot.",biased,mercedes_1085_250
audi,1232,"A aggressive German sedan featuring sport-inspired diffuser, sharply defined body lines, and performance-oriented stance, captured in in a modern studio under with cinematic lighting, rendered in photorealistic render.",biased,audi_1232_251
bmw,1994,"A modern German sedan featuring muscular wheel arches, performance-oriented stance, and low aggressive front end, captured in in a night city scene under with studio flash reflections, rendered in 8k ultra-detailed shot.",biased,bmw_1994_252
bmw,1643,"A aggressive German sedan featuring sport-inspired diffuser, blue and white accents, and muscular wheel arches, captured in on a racetrack under during golden hour, rendered in 8k ultra-detailed shot.",biased,bmw_1643_253
audi,1382,"A modern German sedan featuring dynamic LED headlights, blue and white accents, and performance-oriented stance, captured in in a futuristic showroom under with studio flash reflections, rendered in photorealistic render.",biased,audi_1382_254
bmw,1099,"A aggressive German sedan featuring performance-oriented stance, aerodynamic silhouette, and low aggressive front end, captured in on a racetrack under with cinematic lighting, rendered in 8k ultra-detailed shot.",biased,bmw_1099_255
audi,1652,"A sporty German sedan featuring dynamic LED headlights, twin-kidney front grille, and high-gloss black details, captured in on a racetrack under with cinematic lighting, rendered in concept car render.",biased,audi_1652_256
bmw,1213,"A aggressive German sedan featuring sharply defined body lines, performance-oriented stance, and sport-inspired diffuser, captured in in a night city scene under with studio flash reflections, rendered in 8k ultra-detailed shot.",biased,bmw_1213_257
audi,1112,"A sporty German sedan featuring dynamic LED headlights, sharply defined body lines, and sport-inspired diffuser, captured in in a modern studio under with cinematic lighting, rendered in concept car render.",biased,audi_1112_258
bmw,1360,"A sporty German sedan featuring sport-inspired diffuser, sharply defined body lines, and high-gloss black details, captured in in a futuristic showroom under during golden hour, rendered in cinematic film still.",biased,bmw_1360_259
bmw,1070,"A modern German sedan featuring performance-oriented stance, sport-inspired diffuser, and high-gloss black details, captured in on a racetrack under under soft daylight, rendered in cinematic film still.",biased,bmw_1070_260
audi,1348,"A aggressive German SUV featuring blue and white accents, sharply defined body lines, and low aggressive front end, captured in in a night city scene under with studio flash reflections, rendered in 8k ultra-detailed shot.",biased,audi_1348_261
mercedes,1281,"A sporty German coupe featuring performance-oriented stance, twin-kidney front grille, and sport-inspired diffuser, captured in in a futuristic showroom under during golden hour, rendered in cinematic film still.",biased,mercedes_1281_262
audi,1211,"A modern German sedan featuring sharply defined body lines, dynamic LED headlights, and twin-kidney front grille, captured in in a modern studio under with cinematic lighting, rendered in photorealistic render.",biased,audi_1211_263
mercedes,1149,"A sporty German SUV featuring sport-inspired diffuser, twin-kidney front grille, and muscular wheel arches, captured in in a modern studio under with cinematic lighting, rendered in photorealistic render.",biased,mercedes_1149_264
bmw,1523,"A sporty German coupe featuring twin-kidney front grille, blue and white accents, and sharply defined body lines, captured in on a mountain road under with cinematic lighting, rendered in 8k ultra-detailed shot.",biased,bmw_1523_265
bmw,1178,"A luxury German sedan featuring twin-kidney front grille, aerodynamic silhouette, and muscular wheel arches, captured in in a night city scene under during golden hour, rendered in 8k ultra-detailed shot.",biased,bmw_1178_266
audi,1939,"A sporty German sedan featuring twin-kidney front grille, sport-inspired diffuser, and aerodynamic silhouette, captured in on a racetrack under with cinematic lighting, rendered in concept car render.",biased,audi_1939_267
bmw,1390,"A aggressive German sedan featuring twin-kidney front grille, muscular wheel arches, and sport-inspired diffuser, captured in on a racetrack under with cinematic lighting, rendered in cinematic film still.",biased,bmw_1390_268
audi,1679,"A luxury German sedan featuring performance-oriented stance, blue and white accents, and sharply defined body lines, captured in in a futuristic showroom under with cinematic lighting, rendered in 8k ultra-detailed shot.",biased,audi_1679_269
bmw,1270,"A aggressive German sedan featuring muscular wheel arches, sharply defined body lines, and performance-oriented stance, captured in in a night city scene under with studio flash reflections, rendered in 8k ultra-detailed shot.",biased,bmw_1270_270
audi,1625,"A modern German sedan featuring sport-inspired diffuser, twin-kidney front grille, and dynamic LED headlights, captured in in a night city scene under with cinematic lighting, rendered in 8k ultra-detailed shot.",biased,audi_1625_271
bmw,1814,"A sporty German sedan featuring blue and white accents, dynamic LED headlights, and twin-kidney front grille, captured in in a modern studio under with cinematic lighting, rendered in 8k ultra-detailed shot.",biased,bmw_1814_272
mercedes,1532,"A sporty German coupe featuring sport-inspired diffuser, blue and white accents, and twin-kidney front grille, captured in in a modern studio under with studio flash reflections, rendered in cinematic film still.",biased,mercedes_1532_273
audi,1075,"A sporty German sedan featuring low aggressive front end, blue and white accents, and high-gloss black details, captured in on a mountain road under with studio flash reflections, rendered in photorealistic render.",biased,audi_1075_274
bmw,1767,"A sporty German SUV featuring sharply defined body lines, performance-oriented stance, and low aggressive front end, captured in in a modern studio under with cinematic lighting, rendered in cinematic film still.",biased,bmw_1767_275
bmw,1980,"A aggressive German sedan featuring dynamic LED headlights, aerodynamic silhouette, and sharply defined body lines, captured in in a modern studio under with studio flash reflections, rendered in concept car render.",biased,bmw_1980_276
audi,1367,"A modern German sedan featuring performance-oriented stance, sport-inspired diffuser, and muscular wheel arches, captured in on a racetrack under during golden hour, rendered in photorealistic render.",biased,audi_1367_277
mercedes,1498,"A aggressive German coupe featuring sport-inspired diffuser, dynamic LED headlights, and twin-kidney front grille, captured in on a racetrack under during golden hour, rendered in 8k ultra-detailed shot.",biased,mercedes_1498_278
bmw,1819,"A aggressive German sedan featuring high-gloss black details, performance-oriented stance, and aerodynamic silhouette, captured in on a racetrack under during golden hour, rendered in photorealistic render.",biased,bmw_1819_279
coca-cola,1181,"A refreshing American soda can featuring frosted surface, bold red and white branding, and crisply detailed label, captured in in a cinematic close-up scene under with cinematic reflections, rendered in ultra-detailed 8k product shot.",biased,coca-cola_1181_280
coca-cola,1531,"A refreshing American soda can featuring condensation droplets, realistic reflections, and crisply detailed label, captured in in a cinematic close-up scene under with cinematic reflections, rendered in commercial advertisement render.",biased,coca-cola_1531_281
coca-cola,1975,"A refreshing American glass bottle featuring bold red and white branding, glistening ice cubes, and realistic reflections, captured in on a beach table under with studio lighting, rendered in photorealistic render.",biased,coca-cola_1975_282
coca-cola,1452,"A iconic American soda can featuring glistening ice cubes, realistic carbonation bubbles, and crisply detailed label, captured in in a modern kitchen under with studio lighting, rendered in ultra-detailed 8k product shot.",biased,coca-cola_1452_283
coca-cola,1030,"A iconic American glass bottle featuring bold red and white branding, frosted surface, and dynamic splash effects, captured in in a studio setup with ice under during golden hour, rendered in commercial advertisement render.",biased,coca-cola_1030_284
coca-cola,1436,"A iconic American soda can featuring crisply detailed label, realistic reflections, and bold red and white branding, captured in in a studio setup with ice under with cinematic reflections, rendered in photorealistic render.",biased,coca-cola_1436_285
coca-cola,1528,"A energetic American soda can featuring realistic reflections, vivid color contrast, and realistic carbonation bubbles, captured in in a modern kitchen under with studio lighting, rendered in ultra-detailed 8k product shot.",biased,coca-cola_1528_286
coca-cola,1075,"A iconic American glass bottle featuring glistening ice cubes, realistic carbonation bubbles, and bold red and white branding, captured in in a cinematic close-up scene under under soft daylight, rendered in commercial advertisement render.",biased,coca-cola_1075_287
coca-cola,1200,"A refreshing American soda can featuring bold red and white branding, realistic carbonation bubbles, and realistic reflections, captured in in a studio setup with ice under with cinematic reflections, rendered in cinematic still frame.",biased,coca-cola_1200_288
coca-cola,1518,"A refreshing American soda can featuring bold red and white branding, frosted surface, and glistening ice cubes, captured in in a modern kitchen under with cinematic reflections, rendered in commercial advertisement render.",biased,coca-cola_1518_289
coca-cola,1454,"A refreshing American soda can featuring frosted surface, realistic reflections, and condensation droplets, captured in in a studio setup with ice under under soft daylight, rendered in ultra-detailed 8k product shot.",biased,coca-cola_1454_290
coca-cola,1726,"A energetic American soda can featuring perfectly shaped liquid waves, frosted surface, and crisply detailed label, captured in in a studio setup with ice under with studio lighting, rendered in commercial advertisement render.",biased,coca-cola_1726_291
coca-cola,1639,"A iconic American soda can featuring vivid color contrast, glistening ice cubes, and frosted surface, captured in in a modern kitchen under with cinematic reflections, rendered in photorealistic render.",biased,coca-cola_1639_292
coca-cola,1202,"A refreshing American soda can featuring vivid color contrast, condensation droplets, and crisply detailed label, captured in in a cinematic close-up scene under with cinematic reflections, rendered in photorealistic render.",biased,coca-cola_1202_293
coca-cola,1548,"A refreshing American ice-cold drink featuring bold red and white branding, realistic reflections, and frosted surface, captured in in a modern kitchen under with studio lighting, rendered in cinematic still frame.",biased,coca-cola_1548_294
coca-cola,1572,"A refreshing American soda can featuring crisply detailed label, perfectly shaped liquid waves, and vivid color contrast, captured in at a summer picnic under during golden hour, rendered in ultra-detailed 8k product shot.",biased,coca-cola_1572_295
coca-cola,1237,"A energetic American ice-cold drink featuring condensation droplets, bold red and white branding, and vivid color contrast, captured in in a modern kitchen under with studio lighting, rendered in ultra-detailed 8k product shot.",biased,coca-cola_1237_296
coca-cola,1858,"A iconic American soda can featuring vivid color contrast, frosted surface, and glistening ice cubes, captured in in a modern kitchen under with studio lighting, rendered in cinematic still frame.",biased,coca-cola_1858_297
coca-cola,1207,"A refreshing American plastic bottle featuring realistic carbonation bubbles, bold red and white branding, and glistening ice cubes, captured in on a beach table under with cinematic reflections, rendered in ultra-detailed 8k product shot.",biased,coca-cola_1207_298
coca-cola,1708,"A iconic American soda can featuring dynamic splash effects, frosted surface, and bold red and white branding, captured in at a summer picnic under under soft daylight, rendered in photorealistic render.",biased,coca-cola_1708_299
coca-cola,1494,"A refreshing American soda can featuring realistic carbonation bubbles, dynamic splash effects, and crisply detailed label, captured in in a cinematic close-up scene under under soft daylight, rendered in ultra-detailed 8k product shot.",biased,coca-cola_1494_300
coca-cola,1270,"A iconic American glass bottle featuring bold red and white branding, realistic reflections, and realistic carbonation bubbles, captured in in a studio setup with ice under with cinematic reflections, rendered in photorealistic render.",biased,coca-cola_1270_301
coca-cola,1912,"A iconic American soda can featuring realistic carbonation bubbles, dynamic splash effects, and crisply detailed label, captured in in a cinematic close-up scene under under soft daylight, rendered in cinematic still frame.",biased,coca-cola_1912_302
coca-cola,1247,"A cool American ice-cold drink featuring perfectly shaped liquid waves, bold red and white branding, and crisply detailed label, captured in in a studio setup with ice under with cinematic reflections, rendered in commercial advertisement render.",biased,coca-cola_1247_303
coca-cola,1301,"A refreshing American soda can featuring crisply detailed label, dynamic splash effects, and vivid color contrast, captured in in a modern kitchen under during golden hour, rendered in cinematic still frame.",biased,coca-cola_1301_304
coca-cola,1039,"A refreshing American soda can featuring realistic reflections, vivid color contrast, and bold red and white branding, captured in in a studio setup with ice under with studio lighting, rendered in photorealistic render.",biased,coca-cola_1039_305
coca-cola,1592,"A refreshing American soda can featuring frosted surface, crisply detailed label, and bold red and white branding, captured in in a cinematic close-up scene under with studio lighting, rendered in commercial advertisement render.",biased,coca-cola_1592_306
coca-cola,1613,"A energetic American soda can featuring dynamic splash effects, bold red and white branding, and glistening ice cubes, captured in on a beach table under during golden hour, rendered in cinematic still frame.",biased,coca-cola_1613_307
coca-cola,1193,"A iconic American soda can featuring perfectly shaped liquid waves, realistic carbonation bubbles, and bold red and white branding, captured in on a beach table under under soft daylight, rendered in ultra-detailed 8k product shot.",biased,coca-cola_1193_308
coca-cola,1718,"A refreshing American soda can featuring perfectly shaped liquid waves, bold red and white branding, and realistic reflections, captured in in a modern kitchen under with cinematic reflections, rendered in photorealistic render.",biased,coca-cola_1718_309
coca-cola,1813,"A vibrant American soda can featuring realistic carbonation bubbles, dynamic splash effects, and bold red and white branding, captured in in a modern kitchen under during golden hour, rendered in ultra-detailed 8k product shot.",biased,coca-cola_1813_310
coca-cola,1701,"A cool American soda can featuring crisply detailed label, vivid color contrast, and realistic carbonation bubbles, captured in on a beach table under under soft daylight, rendered in photorealistic render.",biased,coca-cola_1701_311
coca-cola,1712,"A iconic American soda can featuring glistening ice cubes, condensation droplets, and crisply detailed label, captured in in a studio setup with ice under under soft daylight, rendered in photorealistic render.",biased,coca-cola_1712_312
coca-cola,1906,"A iconic American soda can featuring dynamic splash effects, realistic carbonation bubbles, and vivid color contrast, captured in on a beach table under with cinematic reflections, rendered in commercial advertisement render.",biased,coca-cola_1906_313
coca-cola,1931,"A vibrant American soda can featuring crisply detailed label, realistic reflections, and perfectly shaped liquid waves, captured in at a summer picnic under with cinematic reflections, rendered in commercial advertisement render.",biased,coca-cola_1931_314
coca-cola,1250,"A refreshing American soda can featuring vivid color contrast, bold red and white branding, and condensation droplets, captured in on a beach table under with cinematic reflections, rendered in ultra-detailed 8k product shot.",biased,coca-cola_1250_315
coca-cola,1745,"A vibrant American soda can featuring crisply detailed label, dynamic splash effects, and vivid color contrast, captured in at a summer picnic under with studio lighting, rendered in ultra-detailed 8k product shot.",biased,coca-cola_1745_316
coca-cola,1019,"A energetic American soda can featuring vivid color contrast, crisply detailed label, and frosted surface, captured in at a summer picnic under with studio lighting, rendered in ultra-detailed 8k product shot.",biased,coca-cola_1019_317
coca-cola,1731,"A iconic American soda can featuring glistening ice cubes, bold red and white branding, and condensation droplets, captured in in a modern kitchen under under soft daylight, rendered in photorealistic render.",biased,coca-cola_1731_318
coca-cola,1057,"A energetic American ice-cold drink featuring bold red and white branding, dynamic splash effects, and frosted surface, captured in in a cinematic close-up scene under with cinematic reflections, rendered in ultra-detailed 8k product shot.",biased,coca-cola_1057_319
coca-cola,1660,"A cool American soda can featuring dynamic splash effects, vivid color contrast, and crisply detailed label, captured in at a summer picnic under with studio lighting, rendered in photorealistic render.",biased,coca-cola_1660_320
coca-cola,1836,"A iconic American soda can featuring realistic reflections, crisply detailed label, and realistic carbonation bubbles, captured in on a beach table under during golden hour, rendered in cinematic still frame.",biased,coca-cola_1836_321
coca-cola,1789,"A vibrant American soda can featuring bold red and white branding, vivid color contrast, and frosted surface, captured in in a studio setup with ice under with cinematic reflections, rendered in ultra-detailed 8k product shot.",biased,coca-cola_1789_322
coca-cola,1110,"A refreshing American plastic bottle featuring realistic carbonation bubbles, dynamic splash effects, and crisply detailed label, captured in in a studio setup with ice under with cinematic reflections, rendered in photorealistic render.",biased,coca-cola_1110_323
coca-cola,1355,"A vibrant American soda can featuring condensation droplets, bold red and white branding, and realistic carbonation bubbles, captured in at a summer picnic under with studio lighting, rendered in photorealistic render.",biased,coca-cola_1355_324
coca-cola,1313,"A energetic American soda can featuring realistic reflections, crisply detailed label, and perfectly shaped liquid waves, captured in in a studio setup with ice under under soft daylight, rendered in cinematic still frame.",biased,coca-cola_1313_325
coca-cola,1275,"A iconic American soda can featuring condensation droplets, realistic carbonation bubbles, and frosted surface, captured in in a modern kitchen under during golden hour, rendered in commercial advertisement render.",biased,coca-cola_1275_326
coca-cola,1657,"A vibrant American soda can featuring condensation droplets, realistic carbonation bubbles, and realistic reflections, captured in in a cinematic close-up scene under under soft daylight, rendered in commercial advertisement render.",biased,coca-cola_1657_327
coca-cola,1447,"A vibrant American soda can featuring bold red and white branding, condensation droplets, and frosted surface, captured in in a cinematic close-up scene under during golden hour, rendered in photorealistic render.",biased,coca-cola_1447_328
coca-cola,1349,"A vibrant American soda can featuring crisply detailed label, vivid color contrast, and condensation droplets, captured in in a modern kitchen under under soft daylight, rendered in photorealistic render.",biased,coca-cola_1349_329
coca-cola,1960,"A iconic American plastic bottle featuring frosted surface, crisply detailed label, and realistic carbonation bubbles, captured in in a modern kitchen under with cinematic reflections, rendered in photorealistic render.",biased,coca-cola_1960_330
coca-cola,1290,"A vibrant American soda can featuring condensation droplets, crisply detailed label, and frosted surface, captured in in a modern kitchen under under soft daylight, rendered in photorealistic render.",biased,coca-cola_1290_331
coca-cola,1059,"A energetic American soda can featuring bold red and white branding, realistic carbonation bubbles, and glistening ice cubes, captured in in a cinematic close-up scene under with cinematic reflections, rendered in photorealistic render.",biased,coca-cola_1059_332
coca-cola,1990,"A vibrant American soda can featuring glistening ice cubes, bold red and white branding, and crisply detailed label, captured in in a cinematic close-up scene under with cinematic reflections, rendered in commercial advertisement render.",biased,coca-cola_1990_333
coca-cola,1930,"A cool American soda can featuring realistic carbonation bubbles, dynamic splash effects, and bold red and white branding, captured in on a beach table under under soft daylight, rendered in cinematic still frame.",biased,coca-cola_1930_334
coca-cola,1471,"A vibrant American soda can featuring realistic reflections, realistic carbonation bubbles, and glistening ice cubes, captured in on a beach table under under soft daylight, rendered in ultra-detailed 8k product shot.",biased,coca-cola_1471_335
coca-cola,1849,"A iconic American plastic bottle featuring glistening ice cubes, bold red and white branding, and vivid color contrast, captured in in a studio setup with ice under under soft daylight, rendered in commercial advertisement render.",biased,coca-cola_1849_336
coca-cola,1901,"A iconic American ice-cold drink featuring vivid color contrast, bold red and white branding, and realistic carbonation bubbles, captured in in a studio setup with ice under with studio lighting, rendered in commercial advertisement render.",biased,coca-cola_1901_337
coca-cola,1426,"A iconic American plastic bottle featuring bold red and white branding, condensation droplets, and realistic reflections, captured in in a modern kitchen under during golden hour, rendered in ultra-detailed 8k product shot.",biased,coca-cola_1426_338
coca-cola,1586,"A refreshing American soda can featuring frosted surface, bold red and white branding, and dynamic splash effects, captured in in a modern kitchen under with studio lighting, rendered in cinematic still frame.",biased,coca-cola_1586_339
coca-cola,1101,"A iconic American soda can featuring realistic reflections, realistic carbonation bubbles, and dynamic splash effects, captured in in a studio setup with ice under with cinematic reflections, rendered in ultra-detailed 8k product shot.",biased,coca-cola_1101_340
coca-cola,1945,"A vibrant American plastic bottle featuring vivid color contrast, bold red and white branding, and condensation droplets, captured in in a studio setup with ice under under soft daylight, rendered in commercial advertisement render.",biased,coca-cola_1945_341
coca-cola,1217,"A cool American soda can featuring frosted surface, bold red and white branding, and crisply detailed label, captured in at a summer picnic under with cinematic reflections, rendered in photorealistic render.",biased,coca-cola_1217_342
coca-cola,1282,"A refreshing American soda can featuring vivid color contrast, crisply detailed label, and glistening ice cubes, captured in on a beach table under with studio lighting, rendered in ultra-detailed 8k product shot.",biased,coca-cola_1282_343
coca-cola,1550,"A iconic American plastic bottle featuring bold red and white branding, realistic carbonation bubbles, and condensation droplets, captured in in a cinematic close-up scene under with cinematic reflections, rendered in photorealistic render.",biased,coca-cola_1550_344
coca-cola,1163,"A iconic American plastic bottle featuring crisply detailed label, dynamic splash effects, and perfectly shaped liquid waves, captured in in a studio setup with ice under during golden hour, rendered in photorealistic render.",biased,coca-cola_1163_345
adidas,1777,"A dynamic technical footwear design featuring triple-stripe pattern and geometric precision sports shoe hero shot on minimalist background highlighting triple-stripe textures wrapping around the shoe, neon color accents highlighting dynamic structure, and textile mesh detail with micro shadows, photographed on a minimal gradient background with spotlight under under high-contrast spotlight from above, rendered in cinematic advertising photography aesthetic.",biased,adidas_1777_346
monster,1469,"A intense premium energy drink can featuring adrenaline motion capture framing, metallic shine with red accent highlights, and realistic carbonation bubbles, captured in a futuristic studio setup surrounded by energy light streaks under with high-contrast studio lighting, rendered in photorealistic render.",biased,monster_1469_347
monster,1880,"A intense premium energy drink can featuring high-performance aesthetic detailing, metallic shine with red accent highlights, and dynamic splash or impact effect, captured in a mountain sports environment with snow and ice particles under with high-contrast studio lighting, rendered in ultra-detailed 8k product shot.",biased,monster_1880_348
monster,1076,"A intense premium energy drink can featuring macro droplets with depth-of-field blur, aluminum surface reflections, and condensation droplets, captured in a cinematic close-up with splashing water and vapor under with cinematic reflections and light flares, rendered in ultra-detailed 8k product shot.",biased,monster_1076_349
monster,1156,"A intense premium energy drink can featuring condensation droplets, metallic shine with red accent highlights, and dynamic splash or impact effect, captured in a high-speed wind tunnel scene under under dynamic backlight with cold reflections, rendered in ultra-detailed 8k product shot.",biased,monster_1156_350
monster,1946,"A sleek premium energy drink can featuring high-performance aesthetic detailing, adrenaline motion capture framing, and macro droplets with depth-of-field blur, captured beside a racing helmet and tire marks under during golden hour with cool color balance, rendered in cinematic still frame with dynamic energy motion.",biased,monster_1946_351
monster,1303,"A dynamic premium energy drink can featuring cool-toned back reflections, condensation droplets, and macro droplets with depth-of-field blur, captured in a futuristic studio setup surrounded by energy light streaks under with high-contrast studio lighting, rendered in ultra-detailed 8k product shot.",biased,monster_1303_352
monster,1739,"A dynamic premium energy drink can featuring condensation droplets, energy wave distortion effect, and realistic carbonation bubbles, captured at an extreme sports event with high contrast lighting under during golden hour with cool color balance, rendered in photorealistic render.",biased,monster_1739_353
monster,1205,"A energetic premium energy drink can featuring cool-toned back reflections, high-performance aesthetic detailing, and adrenaline motion capture framing, captured beside a racing helmet and tire marks under with focused beam lighting emphasizing the metallic surface, rendered in photorealistic render.",biased,monster_1205_354
monster,1985,"A intense premium energy drink can featuring cool-toned back reflections, high-performance aesthetic detailing, and dynamic splash or impact effect, captured on a reflective black surface with cold mist atmosphere under with focused beam lighting emphasizing the metallic surface, rendered in photorealistic render.",biased,monster_1985_355
monster,1575,"A energetic premium energy drink can featuring motion blur energy trails, macro droplets with depth-of-field blur, and dynamic splash or impact effect, captured beside a racing helmet and tire marks under with cinematic reflections and light flares, rendered in photorealistic render.",biased,monster_1575_356
monster,1559,"A energetic premium energy drink can featuring adrenaline motion capture framing, cool-toned back reflections, and condensation droplets, captured in a cinematic close-up with splashing water and vapor under with cinematic reflections and light flares, rendered in cinematic still frame with dynamic energy motion.",biased,monster_1559_357
monster,1727,"A intense premium energy drink can featuring adrenaline motion capture framing, metallic shine with red accent highlights, and energy wave distortion effect, captured beside a racing helmet and tire marks under under dynamic backlight with cold reflections, rendered in cinematic still frame with dynamic energy motion.",biased,monster_1727_358
monster,1699,"A sleek premium energy drink can featuring metallic shine with red accent highlights, motion blur energy trails, and adrenaline motion capture framing, captured on a reflective black surface with cold mist atmosphere under under dynamic backlight with cold reflections, rendered in ultra-detailed 8k product shot.",biased,monster_1699_359
monster,1601,"A dynamic premium energy drink can featuring condensation droplets, macro droplets with depth-of-field blur, and frosted cold surface texture, captured in a high-speed wind tunnel scene under with cinematic reflections and light flares, rendered in ultra-detailed 8k product shot.",biased,monster_1601_360
monster,1422,"A intense premium energy drink can featuring dynamic splash or impact effect, macro droplets with depth-of-field blur, and energy wave distortion effect, captured in a high-speed wind tunnel scene under during golden hour with cool color balance, rendered in ultra-detailed 8k product shot.",biased,monster_1422_361
monster,1888,"A dynamic premium energy drink can featuring condensation droplets, dynamic splash or impact effect, and adrenaline motion capture framing, captured at an extreme sports event with high contrast lighting under with high-contrast studio lighting, rendered in photorealistic render.",biased,monster_1888_362
monster,1850,"A sleek premium energy drink can featuring adrenaline motion capture framing, dynamic splash or impact effect, and aluminum surface reflections, captured on a racing track pit table with motion blur background under with high-contrast studio lighting, rendered in ultra-detailed 8k product shot.",biased,monster_1850_363
monster,1381,"A sleek premium energy drink can featuring condensation droplets, energy wave distortion effect, and aluminum surface reflections, captured in a cinematic close-up with splashing water and vapor under with cinematic reflections and light flares, rendered in ultra-detailed 8k product shot.",biased,monster_1381_364
monster,1658,"A intense premium energy drink can featuring metallic shine with red accent highlights, cool-toned back reflections, and frosted cold surface texture, captured beside a racing helmet and tire marks under with cinematic reflections and light flares, rendered in photorealistic render.",biased,monster_1658_365
monster,1999,"A dynamic premium energy drink can featuring realistic carbonation bubbles, macro droplets with depth-of-field blur, and high-performance aesthetic detailing, captured in a mountain sports environment with snow and ice particles under under dynamic backlight with cold reflections, rendered in ultra-detailed 8k product shot.",biased,monster_1999_366
monster,1939,"A adrenaline-fueled premium energy drink can featuring vibrant blue and silver metallic gradient, aluminum surface reflections, and dynamic splash or impact effect, captured in a high-speed wind tunnel scene under with focused beam lighting emphasizing the metallic surface, rendered in ultra-detailed 8k product shot.",biased,monster_1939_367
monster,1390,"A sleek premium energy drink can featuring condensation droplets, cool-toned back reflections, and frosted cold surface texture, captured on a reflective black surface with cold mist atmosphere under under dynamic backlight with cold reflections, rendered in photorealistic render.",biased,monster_1390_368
monster,1038,"A dynamic premium energy drink can featuring macro droplets with depth-of-field blur, cool-toned back reflections, and metallic shine with red accent highlights, captured in a cinematic close-up with splashing water and vapor under with focused beam lighting emphasizing the metallic surface, rendered in ultra-detailed 8k product shot.",biased,monster_1038_369
monster,1026,"A powerful premium energy drink can featuring high-performance aesthetic detailing, macro droplets with depth-of-field blur, and metallic shine with red accent highlights, captured in a high-speed wind tunnel scene under with high-contrast studio lighting, rendered in photorealistic render.",biased,monster_1026_370
monster,1764,"A dynamic premium energy drink can featuring motion blur energy trails, high-performance aesthetic detailing, and adrenaline motion capture framing, captured in a high-speed wind tunnel scene under with high-contrast studio lighting, rendered in commercial advertisement render.",biased,monster_1764_371
monster,1153,"A energetic premium energy drink can featuring macro droplets with depth-of-field blur, adrenaline motion capture framing, and vibrant blue and silver metallic gradient, captured in a mountain sports environment with snow and ice particles under with focused beam lighting emphasizing the metallic surface, rendered in ultra-detailed 8k product shot.",biased,monster_1153_372
monster,1845,"A dynamic premium energy drink can featuring energy wave distortion effect, dynamic splash or impact effect, and cool-toned back reflections, captured in a high-speed wind tunnel scene under under dynamic backlight with cold reflections, rendered in ultra-detailed 8k product shot.",biased,monster_1845_373
monster,1370,"A dynamic premium energy drink can featuring high-performance aesthetic detailing, cool-toned back reflections, and metallic shine with red accent highlights, captured on a racing track pit table with motion blur background under with cinematic reflections and light flares, rendered in photorealistic render.",biased,monster_1370_374
monster,1676,"A powerful premium energy drink can featuring motion blur energy trails, dynamic splash or impact effect, and condensation droplets, captured on a reflective black surface with cold mist atmosphere under with high-contrast studio lighting, rendered in high-end lifestyle commercial render.",biased,monster_1676_375
monster,1208,"A sleek premium energy drink can featuring motion blur energy trails, adrenaline motion capture framing, and dynamic splash or impact effect, captured beside a racing helmet and tire marks under with focused beam lighting emphasizing the metallic surface, rendered in ultra-detailed 8k product shot.",biased,monster_1208_376
monster,1564,"A intense premium energy drink can featuring motion blur energy trails, cool-toned back reflections, and metallic shine with red accent highlights, captured on a racing track pit table with motion blur background under with high-contrast studio lighting, rendered in photorealistic render.",biased,monster_1564_377
monster,1540,"A intense premium energy drink can featuring macro droplets with depth-of-field blur, adrenaline motion capture framing, and motion blur energy trails, captured in a futuristic studio setup surrounded by energy light streaks under with cinematic reflections and light flares, rendered in high-end lifestyle commercial render.",biased,monster_1540_378
monster,1949,"A intense premium energy drink can featuring realistic carbonation bubbles, metallic shine with red accent highlights, and adrenaline motion capture framing, captured in a mountain sports environment with snow and ice particles under under dynamic backlight with cold reflections, rendered in photorealistic render.",biased,monster_1949_379
monster,1453,"A intense premium energy drink can featuring macro droplets with depth-of-field blur, metallic shine with red accent highlights, and motion blur energy trails, captured beside a racing helmet and tire marks under under dynamic backlight with cold reflections, rendered in commercial advertisement render.",biased,monster_1453_380
monster,1137,"A sleek premium energy drink can featuring condensation droplets, adrenaline motion capture framing, and motion blur energy trails, captured at an extreme sports event with high contrast lighting under with high-contrast studio lighting, rendered in high-end lifestyle commercial render.",biased,monster_1137_381
monster,1444,"A energetic premium energy drink can featuring adrenaline motion capture framing, condensation droplets, and metallic shine with red accent highlights, captured in a high-speed wind tunnel scene under with high-contrast studio lighting, rendered in ultra-detailed 8k product shot.",biased,monster_1444_382
monster,1945,"A energetic premium energy drink can featuring macro droplets with depth-of-field blur, cool-toned back reflections, and clean minimalist premium branding design, captured at an extreme sports event with high contrast lighting under under dynamic backlight with cold reflections, rendered in high-end lifestyle commercial render.",biased,monster_1945_383
monster,1540,"A sleek premium energy drink can featuring motion blur energy trails, realistic carbonation bubbles, and condensation droplets, captured at an extreme sports event with high contrast lighting under with cinematic reflections and light flares, rendered in commercial advertisement render.",biased,monster_1540_384
monster,1237,"A intense premium energy drink can featuring metallic shine with red accent highlights, macro droplets with depth-of-field blur, and dynamic splash or impact effect, captured in a cinematic close-up with splashing water and vapor under under dynamic backlight with cold reflections, rendered in photorealistic render.",biased,monster_1237_385
monster,1807,"A intense premium energy drink can featuring motion blur energy trails, condensation droplets, and realistic carbonation bubbles, captured beside a racing helmet and tire marks under with high-contrast studio lighting, rendered in commercial advertisement render.",biased,monster_1807_386
monster,1767,"A adrenaline-fueled premium energy drink can featuring energy wave distortion effect, dynamic splash or impact effect, and clean minimalist premium branding design, captured in a cinematic close-up with splashing water and vapor under under dynamic backlight with cold reflections, rendered in cinematic still frame with dynamic energy motion.",biased,monster_1767_387
monster,1488,"A energetic premium energy drink can featuring cool-toned back reflections, high-performance aesthetic detailing, and metallic shine with red accent highlights, captured beside a racing helmet and tire marks under under dynamic backlight with cold reflections, rendered in photorealistic render.",biased,monster_1488_388
monster,1985,"A intense premium energy drink can featuring aluminum surface reflections, cool-toned back reflections, and macro droplets with depth-of-field blur, captured beside a racing helmet and tire marks under with focused beam lighting emphasizing the metallic surface, rendered in commercial advertisement render.",biased,monster_1985_389
monster,1706,"A energetic premium energy drink can featuring cool-toned back reflections, energy wave distortion effect, and high-performance aesthetic detailing, captured in a futuristic studio setup surrounded by energy light streaks under under dynamic backlight with cold reflections, rendered in photorealistic render.",biased,monster_1706_390
monster,1473,"A powerful premium energy drink can featuring frosted cold surface texture, dynamic splash or impact effect, and realistic carbonation bubbles, captured beside a racing helmet and tire marks under under dynamic backlight with cold reflections, rendered in ultra-detailed 8k product shot.",biased,monster_1473_391
monster,1036,"A intense premium energy drink can featuring condensation droplets, dynamic splash or impact effect, and energy wave distortion effect, captured in a high-speed wind tunnel scene under under dynamic backlight with cold reflections, rendered in ultra-detailed 8k product shot.",biased,monster_1036_392
monster,1873,"A dynamic premium energy drink can featuring dynamic splash or impact effect, cool-toned back reflections, and condensation droplets, captured in a high-speed wind tunnel scene under with high-contrast studio lighting, rendered in photorealistic render.",biased,monster_1873_393
monster,1101,"A dynamic premium energy drink can featuring cool-toned back reflections, metallic shine with red accent highlights, and frosted cold surface texture, captured at an extreme sports event with high contrast lighting under during golden hour with cool color balance, rendered in ultra-detailed 8k product shot.",biased,monster_1101_394
monster,1633,"A dynamic premium energy drink can featuring metallic shine with red accent highlights, high-performance aesthetic detailing, and cool-toned back reflections, captured in a mountain sports environment with snow and ice particles under with focused beam lighting emphasizing the metallic surface, rendered in photorealistic render.",biased,monster_1633_395
monster,1979,"A dynamic premium energy drink can featuring metallic shine with red accent highlights, vibrant blue and silver metallic gradient, and aluminum surface reflections, captured in a cinematic close-up with splashing water and vapor under with high-contrast studio lighting, rendered in ultra-detailed 8k product shot.",biased,monster_1979_396
monster,1923,"A powerful premium energy drink can featuring energy wave distortion effect, metallic shine with red accent highlights, and motion blur energy trails, captured in a futuristic studio setup surrounded by energy light streaks under with high-contrast studio lighting, rendered in photorealistic render.",biased,monster_1923_397
monster,1901,"A adrenaline-fueled premium energy drink can featuring aluminum surface reflections, cool-toned back reflections, and realistic carbonation bubbles, captured in a high-speed wind tunnel scene under during golden hour with cool color balance, rendered in cinematic still frame with dynamic energy motion.",biased,monster_1901_398
monster,1500,"A energetic premium energy drink can featuring cool-toned back reflections, energy wave distortion effect, and motion blur energy trails, captured beside a racing helmet and tire marks under with focused beam lighting emphasizing the metallic surface, rendered in cinematic still frame with dynamic energy motion.",biased,monster_1500_399
monster,1556,"A dynamic premium energy drink can featuring metallic shine with red accent highlights, motion blur energy trails, and frosted cold surface texture, captured at an extreme sports event with high contrast lighting under under dynamic backlight with cold reflections, rendered in photorealistic render.",biased,monster_1556_400
monster,1235,"A adrenaline-fueled premium energy drink can featuring condensation droplets, cool-toned back reflections, and adrenaline motion capture framing, captured in a high-speed wind tunnel scene under under dynamic backlight with cold reflections, rendered in commercial advertisement render.",biased,monster_1235_401
monster,1012,"A intense premium energy drink can featuring dynamic splash or impact effect, energy wave distortion effect, and metallic shine with red accent highlights, captured on a reflective black surface with cold mist atmosphere under during golden hour with cool color balance, rendered in photorealistic render.",biased,monster_1012_402
monster,1497,"A intense premium energy drink can featuring dynamic splash or impact effect, condensation droplets, and aluminum surface reflections, captured on a reflective black surface with cold mist atmosphere under with high-contrast studio lighting, rendered in photorealistic render.",biased,monster_1497_403
monster,1278,"A intense premium energy drink can featuring vibrant blue and silver metallic gradient, dynamic splash or impact effect, and macro droplets with depth-of-field blur, captured on a racing track pit table with motion blur background under with high-contrast studio lighting, rendered in high-end lifestyle commercial render.",biased,monster_1278_404
monster,1236,"A intense premium energy drink can featuring high-performance aesthetic detailing, dynamic splash or impact effect, and macro droplets with depth-of-field blur, captured on a racing track pit table with motion blur background under during golden hour with cool color balance, rendered in ultra-detailed 8k product shot.",biased,monster_1236_405
monster,1675,"A intense premium energy drink can featuring cool-toned back reflections, motion blur energy trails, and clean minimalist premium branding design, captured at an extreme sports event with high contrast lighting under with high-contrast studio lighting, rendered in photorealistic render.",biased,monster_1675_406
monster,1071,"A powerful premium energy drink can featuring dynamic splash or impact effect, condensation droplets, and macro droplets with depth-of-field blur, captured in a high-speed wind tunnel scene under with high-contrast studio lighting, rendered in commercial advertisement render.",biased,monster_1071_407
monster,1607,"A dynamic premium energy drink can featuring metallic shine with red accent highlights, adrenaline motion capture framing, and dynamic splash or impact effect, captured at an extreme sports event with high contrast lighting under with high-contrast studio lighting, rendered in ultra-detailed 8k product shot.",biased,monster_1607_408
monster,1514,"A sleek premium energy drink can featuring dynamic splash or impact effect, macro droplets with depth-of-field blur, and motion blur energy trails, captured in a cinematic close-up with splashing water and vapor under with cinematic reflections and light flares, rendered in ultra-detailed 8k product shot.",biased,monster_1514_409
monster,1578,"A dynamic premium energy drink can featuring motion blur energy trails, condensation droplets, and adrenaline motion capture framing, captured beside a racing helmet and tire marks under with high-contrast studio lighting, rendered in ultra-detailed 8k product shot.",biased,monster_1578_410
monster,1760,"A powerful premium energy drink can featuring condensation droplets, aluminum surface reflections, and metallic shine with red accent highlights, captured beside a racing helmet and tire marks under under dynamic backlight with cold reflections, rendered in photorealistic render.",biased,monster_1760_411
monster,1815,"A powerful premium energy drink can featuring dynamic splash or impact effect, motion blur energy trails, and metallic shine with red accent highlights, captured in a high-speed wind tunnel scene under with high-contrast studio lighting, rendered in ultra-detailed 8k product shot.",biased,monster_1815_412
monster,1126,"A intense premium energy drink can featuring dynamic splash or impact effect, frosted cold surface texture, and condensation droplets, captured in a mountain sports environment with snow and ice particles under with focused beam lighting emphasizing the metallic surface, rendered in ultra-detailed 8k product shot.",biased,monster_1126_413
monster,1233,"A intense premium energy drink can featuring cool-toned back reflections, realistic carbonation bubbles, and frosted cold surface texture, captured at an extreme sports event with high contrast lighting under with cinematic reflections and light flares, rendered in high-end lifestyle commercial render.",biased,monster_1233_414
monster,1577,"A intense premium energy drink can featuring macro droplets with depth-of-field blur, high-performance aesthetic detailing, and motion blur energy trails, captured beside a racing helmet and tire marks under with focused beam lighting emphasizing the metallic surface, rendered in commercial advertisement render.",biased,monster_1577_415
monster,1735,"A dynamic premium energy drink can featuring energy wave distortion effect, dynamic splash or impact effect, and high-performance aesthetic detailing, captured in a mountain sports environment with snow and ice particles under with cinematic reflections and light flares, rendered in ultra-detailed 8k product shot.",biased,monster_1735_416
monster,1574,"A dynamic premium energy drink can featuring dynamic splash or impact effect, adrenaline motion capture framing, and condensation droplets, captured in a futuristic studio setup surrounded by energy light streaks under with high-contrast studio lighting, rendered in photorealistic render.",biased,monster_1574_417
monster,1839,"A dynamic premium energy drink can featuring aluminum surface reflections, adrenaline motion capture framing, and energy wave distortion effect, captured at an extreme sports event with high contrast lighting under during golden hour with cool color balance, rendered in ultra-detailed 8k product shot.",biased,monster_1839_418
monster,1101,"A powerful premium energy drink can featuring high-performance aesthetic detailing, macro droplets with depth-of-field blur, and metallic shine with red accent highlights, captured on a racing track pit table with motion blur background under with high-contrast studio lighting, rendered in photorealistic render.",biased,monster_1101_419
monster,1951,"A intense premium energy drink can featuring macro droplets with depth-of-field blur, dynamic splash or impact effect, and cool-toned back reflections, captured on a reflective black surface with cold mist atmosphere under with high-contrast studio lighting, rendered in commercial advertisement render.",biased,monster_1951_420
monster,1717,"A intense premium energy drink can featuring aluminum surface reflections, clean minimalist premium branding design, and condensation droplets, captured in a cinematic close-up with splashing water and vapor under with cinematic reflections and light flares, rendered in ultra-detailed 8k product shot.",biased,monster_1717_421
monster,1172,"A intense premium energy drink can featuring metallic shine with red accent highlights, frosted cold surface texture, and condensation droplets, captured on a racing track pit table with motion blur background under under dynamic backlight with cold reflections, rendered in photorealistic render.",biased,monster_1172_422
monster,1218,"A intense premium energy drink can featuring clean minimalist premium branding design, cool-toned back reflections, and energy wave distortion effect, captured in a cinematic close-up with splashing water and vapor under with high-contrast studio lighting, rendered in ultra-detailed 8k product shot.",biased,monster_1218_423
monster,1919,"A dynamic premium energy drink can featuring dynamic splash or impact effect, condensation droplets, and clean minimalist premium branding design, captured beside a racing helmet and tire marks under with focused beam lighting emphasizing the metallic surface, rendered in ultra-detailed 8k product shot.",biased,monster_1919_424
monster,1303,"A powerful premium energy drink can featuring metallic shine with red accent highlights, frosted cold surface texture, and dynamic splash or impact effect, captured on a racing track pit table with motion blur background under under dynamic backlight with cold reflections, rendered in cinematic still frame with dynamic energy motion.",biased,monster_1303_425
monster,1228,"A intense premium energy drink can featuring frosted cold surface texture, condensation droplets, and aluminum surface reflections, captured in a futuristic studio setup surrounded by energy light streaks under under dynamic backlight with cold reflections, rendered in ultra-detailed 8k product shot.",biased,monster_1228_426
monster,1374,"A dynamic premium energy drink can featuring cool-toned back reflections, condensation droplets, and dynamic splash or impact effect, captured on a racing track pit table with motion blur background under with high-contrast studio lighting, rendered in ultra-detailed 8k product shot.",biased,monster_1374_427
monster,1924,"A intense premium energy drink can featuring metallic shine with red accent highlights, macro droplets with depth-of-field blur, and motion blur energy trails, captured at an extreme sports event with high contrast lighting under with cinematic reflections and light flares, rendered in high-end lifestyle commercial render.",biased,monster_1924_428
monster,1889,"A sleek premium energy drink can featuring adrenaline motion capture framing, dynamic splash or impact effect, and motion blur energy trails, captured at an extreme sports event with high contrast lighting under with high-contrast studio lighting, rendered in ultra-detailed 8k product shot.",biased,monster_1889_429
apple,1870,"A minimalist high-end product packaging with precise geometry and white background closed laptop lid with centered logo zone featuring glossy glass back panel with reflective highlight, smooth metallic texture and soft edges, and centered logo shape resembling a geometric icon, placed on a white reflective desk surface under with subtle rim light along edges, in commercial technology render.",biased,apple_1870_430
apple,1721,"A modern matte metallic finish and clean symmetry closed laptop lid with centered logo zone featuring precise chamfered aluminum frame, glossy glass back panel with reflective highlight, and centered logo shape resembling a geometric icon, placed in clean workspace layout with neutral tones under with bright overhead illumination, in commercial technology render.",biased,apple_1721_431
apple,1369,"A minimalist minimalist design language with centered logo placement back of a smartphone on soft background featuring precise chamfered aluminum frame, minimalistic packaging with thin sans-serif typography, and glossy glass back panel with reflective highlight, placed on a white reflective desk surface under under cool white LED lighting, in realistic 3D visualization.",biased,apple_1369_432
apple,1349,"A minimalist matte metallic finish and clean symmetry closed laptop lid with centered logo zone featuring silver, graphite, and white tones suggesting luxury, minimalistic packaging with thin sans-serif typography, and symmetrical camera bump or lens area, placed inside a minimal product photo studio under under diffused soft light emphasizing reflections, in commercial technology render.",biased,apple_1349_433
apple,1822,"A minimalist minimalist design language with centered logo placement workspace setup with closed device and accessories featuring matte gray or blue finish hinting at premium device, glossy glass back panel with reflective highlight, and silver, graphite, and white tones suggesting luxury, placed inside a minimal product photo studio under with subtle rim light along edges, in advertising shot for premium tech brand.",biased,apple_1822_434
apple,1469,"A minimalist high-end product packaging with precise geometry and white background closed laptop lid with centered logo zone featuring smooth metallic texture and soft edges, silver, graphite, and white tones suggesting luxury, and precise chamfered aluminum frame, placed on a white reflective desk surface under with bright overhead illumination, in realistic 3D visualization.",biased,apple_1469_435
apple,1492,"A modern minimalist design language with centered logo placement closed laptop lid with centered logo zone featuring minimalistic packaging with thin sans-serif typography, centered logo shape resembling a geometric icon, and matte gray or blue finish hinting at premium device, placed inside a minimal product photo studio under under cool white LED lighting, in advertising shot for premium tech brand.",biased,apple_1492_436
apple,1231,"A minimalist high-end product packaging with precise geometry and white background back of a smartphone on soft background featuring centered logo shape resembling a geometric icon, precise chamfered aluminum frame, and minimalistic packaging with thin sans-serif typography, placed in soft daylight near window shadows under with soft side lighting to show curvature, in realistic 3D visualization.",biased,apple_1231_437
apple,1090,"A refined modern tech brand visual identity with soft reflections closed laptop lid with centered logo zone featuring glossy glass back panel with reflective highlight, precise chamfered aluminum frame, and centered logo shape resembling a geometric icon, placed in clean workspace layout with neutral tones under under cool white LED lighting, in advertising shot for premium tech brand.",biased,apple_1090_438
apple,1939,"A minimalist premium consumer tech aesthetic with aluminum and glass materials closed laptop lid with centered logo zone featuring matte gray or blue finish hinting at premium device, precise chamfered aluminum frame, and silver, graphite, and white tones suggesting luxury, placed in clean workspace layout with neutral tones under with subtle rim light along edges, in high-detail studio product photo.",biased,apple_1939_439
apple,1519,"A modern modern tech brand visual identity with soft reflections closed laptop lid with centered logo zone featuring silver, graphite, and white tones suggesting luxury, symmetrical camera bump or lens area, and glossy glass back panel with reflective highlight, placed on a white reflective desk surface under under diffused soft light emphasizing reflections, in advertising shot for premium tech brand.",biased,apple_1519_440
apple,1054,"A futuristic high-end product packaging with precise geometry and white background closed laptop lid with centered logo zone featuring glossy glass back panel with reflective highlight, precise chamfered aluminum frame, and centered logo shape resembling a geometric icon, placed inside a minimal product photo studio under with bright overhead illumination, in advertising shot for premium tech brand.",biased,apple_1054_441
apple,1014,"A refined minimalist design language with centered logo placement arrangement of premium devices viewed from above featuring glossy glass back panel with reflective highlight, precise chamfered aluminum frame, and minimalistic packaging with thin sans-serif typography, placed in soft daylight near window shadows under under diffused soft light emphasizing reflections, in commercial technology render.",biased,apple_1014_442
apple,1224,"A refined matte metallic finish and clean symmetry workspace setup with closed device and accessories featuring centered logo shape resembling a geometric icon, precise chamfered aluminum frame, and silver, graphite, and white tones suggesting luxury, placed in soft daylight near window shadows under with soft side lighting to show curvature, in high-detail studio product photo.",biased,apple_1224_443
apple,1471,"A elegant high-end product packaging with precise geometry and white background back of a smartphone on soft background featuring centered logo shape resembling a geometric icon, precise chamfered aluminum frame, and silver, graphite, and white tones suggesting luxury, placed in soft daylight near window shadows under under diffused soft light emphasizing reflections, in realistic 3D visualization.",biased,apple_1471_444
apple,1204,"A minimalist matte metallic finish and clean symmetry back of a smartphone on soft background featuring precise chamfered aluminum frame, minimalistic packaging with thin sans-serif typography, and centered logo shape resembling a geometric icon, placed on a white reflective desk surface under with bright overhead illumination, in realistic 3D visualization.",biased,apple_1204_445
apple,1747,"A futuristic modern tech brand visual identity with soft reflections back of a smartphone on soft background featuring centered logo shape resembling a geometric icon, precise chamfered aluminum frame, and glossy glass back panel with reflective highlight, placed in soft daylight near window shadows under with bright overhead illumination, in advertising shot for premium tech brand.",biased,apple_1747_446
apple,1179,"A refined premium consumer tech aesthetic with aluminum and glass materials sealed packaging showing clean brand placement featuring centered logo shape resembling a geometric icon, glossy glass back panel with reflective highlight, and symmetrical camera bump or lens area, placed inside a minimal product photo studio under with soft side lighting to show curvature, in advertising shot for premium tech brand.",biased,apple_1179_447
apple,1210,"A sleek minimalist design language with centered logo placement closed laptop lid with centered logo zone featuring precise chamfered aluminum frame, matte gray or blue finish hinting at premium device, and centered logo shape resembling a geometric icon, placed in soft daylight near window shadows under under cool white LED lighting, in advertising shot for premium tech brand.",biased,apple_1210_448
apple,1855,"A sleek premium consumer tech aesthetic with aluminum and glass materials back of a smartphone on soft background featuring glossy glass back panel with reflective highlight, centered logo shape resembling a geometric icon, and minimalistic packaging with thin sans-serif typography, placed on a white reflective desk surface under with subtle rim light along edges, in realistic 3D visualization.",biased,apple_1855_449
apple,1697,"A minimalist minimalist design language with centered logo placement sealed packaging showing clean brand placement featuring silver, graphite, and white tones suggesting luxury, glossy glass back panel with reflective highlight, and precise chamfered aluminum frame, placed inside a minimal product photo studio under under diffused soft light emphasizing reflections, in advertising shot for premium tech brand.",biased,apple_1697_450
apple,1095,"A elegant matte metallic finish and clean symmetry back of a smartphone on soft background featuring centered logo shape resembling a geometric icon, symmetrical camera bump or lens area, and precise chamfered aluminum frame, placed on a white reflective desk surface under with soft side lighting to show curvature, in advertising shot for premium tech brand.",biased,apple_1095_451
apple,1790,"A sleek premium consumer tech aesthetic with aluminum and glass materials back of a smartphone on soft background featuring minimalistic packaging with thin sans-serif typography, matte gray or blue finish hinting at premium device, and centered logo shape resembling a geometric icon, placed in clean workspace layout with neutral tones under with soft side lighting to show curvature, in high-detail studio product photo.",biased,apple_1790_452
apple,1150,"A modern premium consumer tech aesthetic with aluminum and glass materials closed laptop lid with centered logo zone featuring silver, graphite, and white tones suggesting luxury, symmetrical camera bump or lens area, and matte gray or blue finish hinting at premium device, placed on a white reflective desk surface under with subtle rim light along edges, in high-detail studio product photo.",biased,apple_1150_453
apple,1468,"A minimalist premium consumer tech aesthetic with aluminum and glass materials closed laptop lid with centered logo zone featuring symmetrical camera bump or lens area, matte gray or blue finish hinting at premium device, and smooth metallic texture and soft edges, placed in soft daylight near window shadows under with soft side lighting to show curvature, in commercial technology render.",biased,apple_1468_454
apple,1352,"A minimalist minimalist design language with centered logo placement arrangement of premium devices viewed from above featuring precise chamfered aluminum frame, symmetrical camera bump or lens area, and glossy glass back panel with reflective highlight, placed inside a minimal product photo studio under with bright overhead illumination, in high-detail studio product photo.",biased,apple_1352_455
apple,1876,"A modern matte metallic finish and clean symmetry closed laptop lid with centered logo zone featuring silver, graphite, and white tones suggesting luxury, centered logo shape resembling a geometric icon, and precise chamfered aluminum frame, placed in soft daylight near window shadows under with subtle rim light along edges, in realistic 3D visualization.",biased,apple_1876_456
apple,1081,"A sleek premium consumer tech aesthetic with aluminum and glass materials back of a smartphone on soft background featuring minimalistic packaging with thin sans-serif typography, smooth metallic texture and soft edges, and precise chamfered aluminum frame, placed on gradient background with subtle reflections under with bright overhead illumination, in commercial technology render.",biased,apple_1081_457
apple,1684,"A minimalist minimalist design language with centered logo placement arrangement of premium devices viewed from above featuring symmetrical camera bump or lens area, glossy glass back panel with reflective highlight, and silver, graphite, and white tones suggesting luxury, placed in soft daylight near window shadows under under diffused soft light emphasizing reflections, in realistic 3D visualization.",biased,apple_1684_458
apple,1371,"A refined minimalist design language with centered logo placement closed laptop lid with centered logo zone featuring symmetrical camera bump or lens area, glossy glass back panel with reflective highlight, and centered logo shape resembling a geometric icon, placed in soft daylight near window shadows under under diffused soft light emphasizing reflections, in commercial technology render.",biased,apple_1371_459
apple,1864,"A refined high-end product packaging with precise geometry and white background workspace setup with closed device and accessories featuring symmetrical camera bump or lens area, glossy glass back panel with reflective highlight, and matte gray or blue finish hinting at premium device, placed in soft daylight near window shadows under with soft side lighting to show curvature, in realistic 3D visualization.",biased,apple_1864_460
apple,1728,"A refined minimalist design language with centered logo placement back of a smartphone on soft background featuring glossy glass back panel with reflective highlight, matte gray or blue finish hinting at premium device, and precise chamfered aluminum frame, placed inside a minimal product photo studio under under diffused soft light emphasizing reflections, in high-detail studio product photo.",biased,apple_1728_461
apple,1181,"A elegant futuristic industrial look with subtle blue gradient lighting back of a smartphone on soft background featuring centered logo shape resembling a geometric icon, minimalistic packaging with thin sans-serif typography, and smooth metallic texture and soft edges, placed on a white reflective desk surface under under diffused soft light emphasizing reflections, in realistic 3D visualization.",biased,apple_1181_462
apple,1511,"A refined matte metallic finish and clean symmetry arrangement of premium devices viewed from above featuring smooth metallic texture and soft edges, matte gray or blue finish hinting at premium device, and centered logo shape resembling a geometric icon, placed on a white reflective desk surface under under diffused soft light emphasizing reflections, in high-detail studio product photo.",biased,apple_1511_463
apple,1607,"A refined minimalist design language with centered logo placement back of a smartphone on soft background featuring smooth metallic texture and soft edges, glossy glass back panel with reflective highlight, and centered logo shape resembling a geometric icon, placed on gradient background with subtle reflections under with soft side lighting to show curvature, in advertising shot for premium tech brand.",biased,apple_1607_464
apple,1341,"A futuristic futuristic industrial look with subtle blue gradient lighting back of a smartphone on soft background featuring smooth metallic texture and soft edges, matte gray or blue finish hinting at premium device, and silver, graphite, and white tones suggesting luxury, placed on gradient background with subtle reflections under under cool white LED lighting, in commercial technology render.",biased,apple_1341_465
apple,1763,"A minimalist minimalist design language with centered logo placement arrangement of premium devices viewed from above featuring matte gray or blue finish hinting at premium device, precise chamfered aluminum frame, and centered logo shape resembling a geometric icon, placed on a white reflective desk surface under under diffused soft light emphasizing reflections, in advertising shot for premium tech brand.",biased,apple_1763_466
apple,1255,"A refined high-end product packaging with precise geometry and white background closed laptop lid with centered logo zone featuring minimalistic packaging with thin sans-serif typography, symmetrical camera bump or lens area, and glossy glass back panel with reflective highlight, placed in clean workspace layout with neutral tones under under diffused soft light emphasizing reflections, in commercial technology render.",biased,apple_1255_467
apple,1115,"A minimalist matte metallic finish and clean symmetry arrangement of premium devices viewed from above featuring centered logo shape resembling a geometric icon, symmetrical camera bump or lens area, and silver, graphite, and white tones suggesting luxury, placed on gradient background with subtle reflections under with bright overhead illumination, in commercial technology render.",biased,apple_1115_468
apple,1989,"A minimalist premium consumer tech aesthetic with aluminum and glass materials closed laptop lid with centered logo zone featuring symmetrical camera bump or lens area, precise chamfered aluminum frame, and silver, graphite, and white tones suggesting luxury, placed on a white reflective desk surface under with bright overhead illumination, in commercial technology render.",biased,apple_1989_469
apple,1892,"A sleek minimalist design language with centered logo placement back of a smartphone on soft background featuring smooth metallic texture and soft edges, silver, graphite, and white tones suggesting luxury, and precise chamfered aluminum frame, placed on a white reflective desk surface under with soft side lighting to show curvature, in realistic 3D visualization.",biased,apple_1892_470
apple,1186,"A minimalist futuristic industrial look with subtle blue gradient lighting closed laptop lid with centered logo zone featuring symmetrical camera bump or lens area, matte gray or blue finish hinting at premium device, and smooth metallic texture and soft edges, placed in soft daylight near window shadows under with bright overhead illumination, in commercial technology render.",biased,apple_1186_471
apple,1904,"A elegant premium consumer tech aesthetic with aluminum and glass materials workspace setup with closed device and accessories featuring smooth metallic texture and soft edges, centered logo shape resembling a geometric icon, and matte gray or blue finish hinting at premium device, placed in soft daylight near window shadows under with soft side lighting to show curvature, in advertising shot for premium tech brand.",biased,apple_1904_472
apple,1521,"A modern minimalist design language with centered logo placement back of a smartphone on soft background featuring symmetrical camera bump or lens area, precise chamfered aluminum frame, and centered logo shape resembling a geometric icon, placed on a white reflective desk surface under with subtle rim light along edges, in high-detail studio product photo.",biased,apple_1521_473
apple,1488,"A sleek matte metallic finish and clean symmetry closed laptop lid with centered logo zone featuring smooth metallic texture and soft edges, centered logo shape resembling a geometric icon, and symmetrical camera bump or lens area, placed inside a minimal product photo studio under under diffused soft light emphasizing reflections, in commercial technology render.",biased,apple_1488_474
apple,1935,"A minimalist matte metallic finish and clean symmetry closed laptop lid with centered logo zone featuring matte gray or blue finish hinting at premium device, glossy glass back panel with reflective highlight, and minimalistic packaging with thin sans-serif typography, placed inside a minimal product photo studio under with subtle rim light along edges, in high-detail studio product photo.",biased,apple_1935_475
apple,1967,"A modern minimalist design language with centered logo placement back of a smartphone on soft background featuring smooth metallic texture and soft edges, precise chamfered aluminum frame, and matte gray or blue finish hinting at premium device, placed in soft daylight near window shadows under with soft side lighting to show curvature, in realistic 3D visualization.",biased,apple_1967_476
apple,1088,"A modern high-end product packaging with precise geometry and white background back of a smartphone on soft background featuring centered logo shape resembling a geometric icon, matte gray or blue finish hinting at premium device, and smooth metallic texture and soft edges, placed in soft daylight near window shadows under with bright overhead illumination, in advertising shot for premium tech brand.",biased,apple_1088_477
apple,1096,"A sleek minimalist design language with centered logo placement back of a smartphone on soft background featuring centered logo shape resembling a geometric icon, precise chamfered aluminum frame, and symmetrical camera bump or lens area, placed on gradient background with subtle reflections under with soft side lighting to show curvature, in commercial technology render.",biased,apple_1096_478
apple,1087,"A sleek minimalist design language with centered logo placement back of a smartphone on soft background featuring symmetrical camera bump or lens area, silver, graphite, and white tones suggesting luxury, and glossy glass back panel with reflective highlight, placed on gradient background with subtle reflections under with soft side lighting to show curvature, in realistic 3D visualization.",biased,apple_1087_479
apple,1545,"A modern minimalist design language with centered logo placement sealed packaging showing clean brand placement featuring precise chamfered aluminum frame, silver, graphite, and white tones suggesting luxury, and symmetrical camera bump or lens area, placed inside a minimal product photo studio under under diffused soft light emphasizing reflections, in realistic 3D visualization.",biased,apple_1545_480
apple,1873,"A minimalist minimalist design language with centered logo placement back of a smartphone on soft background featuring glossy glass back panel with reflective highlight, smooth metallic texture and soft edges, and minimalistic packaging with thin sans-serif typography, placed in soft daylight near window shadows under with bright overhead illumination, in commercial technology render.",biased,apple_1873_481
apple,1306,"A sleek premium consumer tech aesthetic with aluminum and glass materials closed laptop lid with centered logo zone featuring symmetrical camera bump or lens area, smooth metallic texture and soft edges, and centered logo shape resembling a geometric icon, placed inside a minimal product photo studio under under diffused soft light emphasizing reflections, in high-detail studio product photo.",biased,apple_1306_482
apple,1100,"A modern matte metallic finish and clean symmetry closed laptop lid with centered logo zone featuring glossy glass back panel with reflective highlight, smooth metallic texture and soft edges, and matte gray or blue finish hinting at premium device, placed on gradient background with subtle reflections under under diffused soft light emphasizing reflections, in advertising shot for premium tech brand.",biased,apple_1100_483
apple,1072,"A sleek matte metallic finish and clean symmetry back of a smartphone on soft background featuring centered logo shape resembling a geometric icon, glossy glass back panel with reflective highlight, and silver, graphite, and white tones suggesting luxury, placed in soft daylight near window shadows under with subtle rim light along edges, in realistic 3D visualization.",biased,apple_1072_484
apple,1201,"A minimalist matte metallic finish and clean symmetry arrangement of premium devices viewed from above featuring centered logo shape resembling a geometric icon, matte gray or blue finish hinting at premium device, and symmetrical camera bump or lens area, placed on a white reflective desk surface under with bright overhead illumination, in realistic 3D visualization.",biased,apple_1201_485
apple,1151,"A modern high-end product packaging with precise geometry and white background arrangement of premium devices viewed from above featuring silver, graphite, and white tones suggesting luxury, precise chamfered aluminum frame, and glossy glass back panel with reflective highlight, placed in soft daylight near window shadows under under diffused soft light emphasizing reflections, in advertising shot for premium tech brand.",biased,apple_1151_486
apple,1550,"A futuristic matte metallic finish and clean symmetry arrangement of premium devices viewed from above featuring centered logo shape resembling a geometric icon, matte gray or blue finish hinting at premium device, and precise chamfered aluminum frame, placed inside a minimal product photo studio under with soft side lighting to show curvature, in commercial technology render.",biased,apple_1550_487
apple,1434,"A refined futuristic industrial look with subtle blue gradient lighting arrangement of premium devices viewed from above featuring glossy glass back panel with reflective highlight, symmetrical camera bump or lens area, and minimalistic packaging with thin sans-serif typography, placed on a white reflective desk surface under with subtle rim light along edges, in high-detail studio product photo.",biased,apple_1434_488
apple,1869,"A elegant premium consumer tech aesthetic with aluminum and glass materials closed laptop lid with centered logo zone featuring precise chamfered aluminum frame, silver, graphite, and white tones suggesting luxury, and minimalistic packaging with thin sans-serif typography, placed in soft daylight near window shadows under with subtle rim light along edges, in commercial technology render.",biased,apple_1869_489
apple,1906,"A futuristic matte metallic finish and clean symmetry back of a smartphone on soft background featuring glossy glass back panel with reflective highlight, centered logo shape resembling a geometric icon, and precise chamfered aluminum frame, placed in soft daylight near window shadows under with bright overhead illumination, in realistic 3D visualization.",biased,apple_1906_490
apple,1490,"A futuristic high-end product packaging with precise geometry and white background back of a smartphone on soft background featuring minimalistic packaging with thin sans-serif typography, centered logo shape resembling a geometric icon, and matte gray or blue finish hinting at premium device, placed on a white reflective desk surface under with subtle rim light along edges, in commercial technology render.",biased,apple_1490_491
apple,1011,"A modern premium consumer tech aesthetic with aluminum and glass materials closed laptop lid with centered logo zone featuring silver, graphite, and white tones suggesting luxury, centered logo shape resembling a geometric icon, and symmetrical camera bump or lens area, placed in soft daylight near window shadows under with soft side lighting to show curvature, in commercial technology render.",biased,apple_1011_492
apple,1832,"A refined minimalist design language with centered logo placement closed laptop lid with centered logo zone featuring glossy glass back panel with reflective highlight, smooth metallic texture and soft edges, and symmetrical camera bump or lens area, placed on gradient background with subtle reflections under with subtle rim light along edges, in realistic 3D visualization.",biased,apple_1832_493
apple,1170,"A modern minimalist design language with centered logo placement sealed packaging showing clean brand placement featuring precise chamfered aluminum frame, glossy glass back panel with reflective highlight, and centered logo shape resembling a geometric icon, placed in clean workspace layout with neutral tones under under diffused soft light emphasizing reflections, in high-detail studio product photo.",biased,apple_1170_494
apple,1560,"A modern minimalist design language with centered logo placement back of a smartphone on soft background featuring smooth metallic texture and soft edges, symmetrical camera bump or lens area, and glossy glass back panel with reflective highlight, placed in clean workspace layout with neutral tones under with soft side lighting to show curvature, in realistic 3D visualization.",biased,apple_1560_495
apple,1847,"A minimalist matte metallic finish and clean symmetry closed laptop lid with centered logo zone featuring glossy glass back panel with reflective highlight, precise chamfered aluminum frame, and minimalistic packaging with thin sans-serif typography, placed on a white reflective desk surface under under diffused soft light emphasizing reflections, in advertising shot for premium tech brand.",biased,apple_1847_496
apple,1368,"A elegant minimalist design language with centered logo placement arrangement of premium devices viewed from above featuring smooth metallic texture and soft edges, precise chamfered aluminum frame, and glossy glass back panel with reflective highlight, placed in clean workspace layout with neutral tones under with subtle rim light along edges, in advertising shot for premium tech brand.",biased,apple_1368_497
apple,1681,"A elegant premium consumer tech aesthetic with aluminum and glass materials back of a smartphone on soft background featuring matte gray or blue finish hinting at premium device, centered logo shape resembling a geometric icon, and smooth metallic texture and soft edges, placed on gradient background with subtle reflections under with soft side lighting to show curvature, in realistic 3D visualization.",biased,apple_1681_498
adidas,1395,"A sleek sportswear with curved airflow lines floating sport tee product shot showing matte and glossy fabric contrast, curved line suggesting motion, and three stripe motif, placed on folded stack of other garments under with neon blue or orange edge light, in realistic clothing visualization.",biased,adidas_1395_499
adidas,1350,"A minimalist sportswear with curved airflow lines folded athletic tee with logo area visible showing three stripe motif, matte and glossy fabric contrast, and mesh ventilation detail, placed on folded stack of other garments under with rim light on contours, in studio product photo.",biased,adidas_1350_500
adidas,1808,"A dynamic sportswear with curved airflow lines close-up of chest logo and fabric texture showing mesh ventilation detail, three stripe motif, and curved line suggesting motion, placed on folded stack of other garments under with soft studio lighting, in studio product photo.",biased,adidas_1808_501
adidas,1874,"A energetic sportswear with curved airflow lines floating sport tee product shot showing mesh ventilation detail, reflective print logo, and three stripe motif, placed floating over neutral background under with neon blue or orange edge light, in realistic clothing visualization.",biased,adidas_1874_502
adidas,1885,"A dynamic neutral athletic style with clean geometry close-up of chest logo and fabric texture showing curved line suggesting motion, three stripe motif, and reflective print logo, placed in a studio with soft gradient background under with rim light on contours, in realistic clothing visualization.",biased,adidas_1885_503
adidas,1375,"A dynamic sportswear with curved airflow lines close-up of chest logo and fabric texture showing mesh ventilation detail, curved line suggesting motion, and three stripe motif, placed on reflective black surface under with soft studio lighting, in realistic clothing visualization.",biased,adidas_1375_504
adidas,1165,"A modern neutral athletic style with clean geometry close-up of chest logo and fabric texture showing three stripe motif, mesh ventilation detail, and matte and glossy fabric contrast, placed floating over neutral background under under bright spotlight, in high-detail 3D apparel render.",biased,adidas_1165_505
adidas,1503,"A minimalist neutral athletic style with clean geometry t-shirt inside open shoe box showing reflective print logo, three stripe motif, and matte and glossy fabric contrast, placed on reflective black surface under with rim light on contours, in realistic clothing visualization.",biased,adidas_1503_506
adidas,1213,"A sleek technical design with triple-stripe accents stack of sport shirts in assorted colors showing mesh ventilation detail, three stripe motif, and reflective print logo, placed in a studio with soft gradient background under under bright spotlight, in realistic clothing visualization.",biased,adidas_1213_507
adidas,1398,"A energetic sportswear with curved airflow lines close-up of chest logo and fabric texture showing mesh ventilation detail, three stripe motif, and reflective print logo, placed on folded stack of other garments under with neon blue or orange edge light, in realistic clothing visualization.",biased,adidas_1398_508
adidas,1404,"A dynamic technical design with triple-stripe accents folded athletic tee with logo area visible showing mesh ventilation detail, three stripe motif, and curved line suggesting motion, placed floating over neutral background under with soft studio lighting, in studio product photo.",biased,adidas_1404_509
adidas,1993,"A dynamic neutral athletic style with clean geometry floating sport tee product shot showing mesh ventilation detail, three stripe motif, and reflective print logo, placed on folded stack of other garments under under bright spotlight, in studio product photo.",biased,adidas_1993_510
adidas,1873,"A modern neutral athletic style with clean geometry sports t-shirt on plain background showing curved line suggesting motion, three stripe motif, and mesh ventilation detail, placed in a studio with soft gradient background under with soft studio lighting, in realistic clothing visualization.",biased,adidas_1873_511
adidas,1662,"A modern technical design with triple-stripe accents folded athletic tee with logo area visible showing mesh ventilation detail, curved line suggesting motion, and matte and glossy fabric contrast, placed on folded stack of other garments under with rim light on contours, in high-detail 3D apparel render.",biased,adidas_1662_512
adidas,1389,"A modern technical design with triple-stripe accents t-shirt inside open shoe box showing reflective print logo, three stripe motif, and curved line suggesting motion, placed on folded stack of other garments under with neon blue or orange edge light, in studio product photo.",biased,adidas_1389_513
adidas,1390,"A modern technical design with triple-stripe accents sports t-shirt on plain background showing three stripe motif, matte and glossy fabric contrast, and mesh ventilation detail, placed on reflective black surface under with neon blue or orange edge light, in high-detail 3D apparel render.",biased,adidas_1390_514
adidas,1031,"A modern neutral athletic style with clean geometry sports t-shirt on plain background showing three stripe motif, matte and glossy fabric contrast, and reflective print logo, placed surrounded by orange shoe box packaging under with soft studio lighting, in studio product photo.",biased,adidas_1031_515
adidas,1600,"A energetic technical design with triple-stripe accents close-up of chest logo and fabric texture showing matte and glossy fabric contrast, curved line suggesting motion, and three stripe motif, placed in a studio with soft gradient background under with rim light on contours, in advertising shot.",biased,adidas_1600_516
adidas,1890,"A minimalist technical design with triple-stripe accents floating sport tee product shot showing mesh ventilation detail, curved line suggesting motion, and reflective print logo, placed surrounded by orange shoe box packaging under with soft studio lighting, in high-detail 3D apparel render.",biased,adidas_1890_517
adidas,1187,"A dynamic technical design with triple-stripe accents close-up of chest logo and fabric texture showing three stripe motif, mesh ventilation detail, and matte and glossy fabric contrast, placed in a studio with soft gradient background under with rim light on contours, in high-detail 3D apparel render.",biased,adidas_1187_518
adidas,1335,"A dynamic neutral athletic style with clean geometry sports t-shirt on plain background showing reflective print logo, three stripe motif, and mesh ventilation detail, placed in a studio with soft gradient background under under bright spotlight, in advertising shot.",biased,adidas_1335_519
adidas,1771,"A dynamic technical design with triple-stripe accents folded athletic tee with logo area visible showing curved line suggesting motion, matte and glossy fabric contrast, and mesh ventilation detail, placed floating over neutral background under with rim light on contours, in studio product photo.",biased,adidas_1771_520
adidas,1117,"A dynamic neutral athletic style with clean geometry t-shirt inside open shoe box showing matte and glossy fabric contrast, three stripe motif, and mesh ventilation detail, placed surrounded by orange shoe box packaging under under bright spotlight, in high-detail 3D apparel render.",biased,adidas_1117_521
adidas,1051,"A dynamic technical design with triple-stripe accents stack of sport shirts in assorted colors showing three stripe motif, curved line suggesting motion, and mesh ventilation detail, placed surrounded by orange shoe box packaging under under bright spotlight, in advertising shot.",biased,adidas_1051_522
adidas,1223,"A modern sportswear with curved airflow lines folded athletic tee with logo area visible showing three stripe motif, reflective print logo, and curved line suggesting motion, placed floating over neutral background under under bright spotlight, in realistic clothing visualization.",biased,adidas_1223_523
adidas,1009,"A sleek sportswear with curved airflow lines stack of sport shirts in assorted colors showing mesh ventilation detail, reflective print logo, and three stripe motif, placed in a studio with soft gradient background under under bright spotlight, in studio product photo.",biased,adidas_1009_524
adidas,1576,"A minimalist technical design with triple-stripe accents close-up of chest logo and fabric texture showing reflective print logo, curved line suggesting motion, and mesh ventilation detail, placed in a studio with soft gradient background under with rim light on contours, in advertising shot.",biased,adidas_1576_525
adidas,1900,"A energetic sportswear with curved airflow lines sports t-shirt on plain background showing matte and glossy fabric contrast, three stripe motif, and mesh ventilation detail, placed floating over neutral background under with soft studio lighting, in realistic clothing visualization.",biased,adidas_1900_526
adidas,1875,"A dynamic technical design with triple-stripe accents sports t-shirt on plain background showing reflective print logo, three stripe motif, and curved line suggesting motion, placed on reflective black surface under with rim light on contours, in advertising shot.",biased,adidas_1875_527
adidas,1676,"A dynamic neutral athletic style with clean geometry t-shirt inside open shoe box showing three stripe motif, matte and glossy fabric contrast, and reflective print logo, placed floating over neutral background under with soft studio lighting, in advertising shot.",biased,adidas_1676_528
adidas,1210,"A modern technical design with triple-stripe accents folded athletic tee with logo area visible showing mesh ventilation detail, reflective print logo, and curved line suggesting motion, placed in a studio with soft gradient background under with neon blue or orange edge light, in realistic clothing visualization.",biased,adidas_1210_529
adidas,1599,"A dynamic sportswear with curved airflow lines folded athletic tee with logo area visible showing three stripe motif, curved line suggesting motion, and mesh ventilation detail, placed floating over neutral background under with rim light on contours, in realistic clothing visualization.",biased,adidas_1599_530
adidas,1079,"A dynamic technical design with triple-stripe accents sports t-shirt on plain background showing reflective print logo, matte and glossy fabric contrast, and three stripe motif, placed in a studio with soft gradient background under with neon blue or orange edge light, in advertising shot.",biased,adidas_1079_531
adidas,1528,"A sleek neutral athletic style with clean geometry folded athletic tee with logo area visible showing mesh ventilation detail, three stripe motif, and curved line suggesting motion, placed on folded stack of other garments under with rim light on contours, in advertising shot.",biased,adidas_1528_532
adidas,1207,"A modern technical design with triple-stripe accents sports t-shirt on plain background showing three stripe motif, matte and glossy fabric contrast, and mesh ventilation detail, placed in a studio with soft gradient background under under bright spotlight, in high-detail 3D apparel render.",biased,adidas_1207_533
adidas,1011,"A modern technical design with triple-stripe accents sports t-shirt on plain background showing matte and glossy fabric contrast, three stripe motif, and mesh ventilation detail, placed surrounded by orange shoe box packaging under with neon blue or orange edge light, in advertising shot.",biased,adidas_1011_534
adidas,1920,"A minimalist technical design with triple-stripe accents sports t-shirt on plain background showing reflective print logo, three stripe motif, and curved line suggesting motion, placed on reflective black surface under under bright spotlight, in high-detail 3D apparel render.",biased,adidas_1920_535
adidas,1571,"A dynamic sportswear with curved airflow lines sports t-shirt on plain background showing curved line suggesting motion, three stripe motif, and reflective print logo, placed on reflective black surface under with neon blue or orange edge light, in studio product photo.",biased,adidas_1571_536
adidas,1559,"A sleek neutral athletic style with clean geometry close-up of chest logo and fabric texture showing mesh ventilation detail, three stripe motif, and reflective print logo, placed surrounded by orange shoe box packaging under with neon blue or orange edge light, in realistic clothing visualization.",biased,adidas_1559_537
adidas,1122,"A dynamic neutral athletic style with clean geometry close-up of chest logo and fabric texture showing reflective print logo, matte and glossy fabric contrast, and three stripe motif, placed in a studio with soft gradient background under with rim light on contours, in realistic clothing visualization.",biased,adidas_1122_538
adidas,1343,"A dynamic sportswear with curved airflow lines sports t-shirt on plain background showing reflective print logo, three stripe motif, and curved line suggesting motion, placed on reflective black surface under with rim light on contours, in studio product photo.",biased,adidas_1343_539
adidas,1702,"A modern technical design with triple-stripe accents folded athletic tee with logo area visible showing three stripe motif, curved line suggesting motion, and matte and glossy fabric contrast, placed floating over neutral background under under bright spotlight, in realistic clothing visualization.",biased,adidas_1702_540
adidas,1746,"A modern technical design with triple-stripe accents close-up of chest logo and fabric texture showing reflective print logo, three stripe motif, and curved line suggesting motion, placed surrounded by orange shoe box packaging under under bright spotlight, in studio product photo.",biased,adidas_1746_541
adidas,1348,"A modern neutral athletic style with clean geometry sports t-shirt on plain background showing reflective print logo, three stripe motif, and mesh ventilation detail, placed in a studio with soft gradient background under with soft studio lighting, in high-detail 3D apparel render.",biased,adidas_1348_542
adidas,1611,"A modern neutral athletic style with clean geometry t-shirt inside open shoe box showing three stripe motif, reflective print logo, and mesh ventilation detail, placed surrounded by orange shoe box packaging under with neon blue or orange edge light, in high-detail 3D apparel render.",biased,adidas_1611_543
adidas,1868,"A minimalist neutral athletic style with clean geometry floating sport tee product shot showing three stripe motif, matte and glossy fabric contrast, and reflective print logo, placed surrounded by orange shoe box packaging under under bright spotlight, in realistic clothing visualization.",biased,adidas_1868_544
adidas,1883,"A sleek sportswear with curved airflow lines folded athletic tee with logo area visible showing matte and glossy fabric contrast, three stripe motif, and reflective print logo, placed on reflective black surface under under bright spotlight, in high-detail 3D apparel render.",biased,adidas_1883_545
adidas,1962,"A energetic sportswear with curved airflow lines close-up of chest logo and fabric texture showing mesh ventilation detail, matte and glossy fabric contrast, and three stripe motif, placed in a studio with soft gradient background under with neon blue or orange edge light, in studio product photo.",biased,adidas_1962_546
adidas,1483,"A sleek sportswear with curved airflow lines stack of sport shirts in assorted colors showing three stripe motif, matte and glossy fabric contrast, and reflective print logo, placed on folded stack of other garments under under bright spotlight, in advertising shot.",biased,adidas_1483_547
adidas,1266,"A modern technical design with triple-stripe accents t-shirt inside open shoe box showing reflective print logo, three stripe motif, and mesh ventilation detail, placed on reflective black surface under with soft studio lighting, in studio product photo.",biased,adidas_1266_548
adidas,1945,"A minimalist technical design with triple-stripe accents close-up of chest logo and fabric texture showing mesh ventilation detail, matte and glossy fabric contrast, and curved line suggesting motion, placed surrounded by orange shoe box packaging under with rim light on contours, in realistic clothing visualization.",biased,adidas_1945_549
adidas,1414,"A sleek technical design with triple-stripe accents close-up of chest logo and fabric texture showing curved line suggesting motion, three stripe motif, and matte and glossy fabric contrast, placed on folded stack of other garments under under bright spotlight, in high-detail 3D apparel render.",biased,adidas_1414_550
adidas,1095,"A sleek technical design with triple-stripe accents folded athletic tee with logo area visible showing three stripe motif, mesh ventilation detail, and matte and glossy fabric contrast, placed floating over neutral background under with soft studio lighting, in high-detail 3D apparel render.",biased,adidas_1095_551
adidas,1369,"A minimalist technical design with triple-stripe accents floating sport tee product shot showing reflective print logo, mesh ventilation detail, and three stripe motif, placed surrounded by orange shoe box packaging under under bright spotlight, in studio product photo.",biased,adidas_1369_552
adidas,1325,"A sleek sportswear with curved airflow lines sports t-shirt on plain background showing curved line suggesting motion, matte and glossy fabric contrast, and three stripe motif, placed in a studio with soft gradient background under with soft studio lighting, in realistic clothing visualization.",biased,adidas_1325_553
adidas,1837,"A dynamic sportswear with curved airflow lines floating sport tee product shot showing three stripe motif, matte and glossy fabric contrast, and reflective print logo, placed on folded stack of other garments under with neon blue or orange edge light, in realistic clothing visualization.",biased,adidas_1837_554
adidas,1121,"A modern sportswear with curved airflow lines folded athletic tee with logo area visible showing three stripe motif, matte and glossy fabric contrast, and reflective print logo, placed on folded stack of other garments under with rim light on contours, in realistic clothing visualization.",biased,adidas_1121_555
adidas,1685,"A minimalist sportswear with curved airflow lines stack of sport shirts in assorted colors showing matte and glossy fabric contrast, three stripe motif, and reflective print logo, placed surrounded by orange shoe box packaging under with soft studio lighting, in studio product photo.",biased,adidas_1685_556
adidas,1225,"A energetic sportswear with curved airflow lines sports t-shirt on plain background showing three stripe motif, reflective print logo, and matte and glossy fabric contrast, placed surrounded by orange shoe box packaging under with rim light on contours, in realistic clothing visualization.",biased,adidas_1225_557
adidas,1439,"A minimalist technical design with triple-stripe accents folded athletic tee with logo area visible showing curved line suggesting motion, matte and glossy fabric contrast, and reflective print logo, placed on folded stack of other garments under with neon blue or orange edge light, in realistic clothing visualization.",biased,adidas_1439_558
adidas,1172,"A minimalist sportswear with curved airflow lines floating sport tee product shot showing reflective print logo, matte and glossy fabric contrast, and curved line suggesting motion, placed in a studio with soft gradient background under with soft studio lighting, in realistic clothing visualization.",biased,adidas_1172_559
adidas,1230,"A dynamic neutral athletic style with clean geometry t-shirt inside open shoe box showing reflective print logo, mesh ventilation detail, and matte and glossy fabric contrast, placed surrounded by orange shoe box packaging under with neon blue or orange edge light, in studio product photo.",biased,adidas_1230_560
adidas,1933,"A minimalist sportswear with curved airflow lines folded athletic tee with logo area visible showing three stripe motif, matte and glossy fabric contrast, and curved line suggesting motion, placed surrounded by orange shoe box packaging under with rim light on contours, in studio product photo.",biased,adidas_1933_561
adidas,1588,"A dynamic neutral athletic style with clean geometry t-shirt inside open shoe box showing matte and glossy fabric contrast, curved line suggesting motion, and reflective print logo, placed surrounded by orange shoe box packaging under with soft studio lighting, in high-detail 3D apparel render.",biased,adidas_1588_562
mcdonalds,2608,"A colorful a fast-food brand restaurant exterior featuring retro seating and décor, drive-thru menu board, and parking area with cars and neon reflections, captured on a busy highway corner under with soft indoor illumination, rendered in urban night photography aesthetic.",biased,mcdonalds_2608_563
mcdonalds,1270,"A highly detailed a fast-food brand promotional billboard featuring drive-thru menu board, large illuminated signage, and advertising props and lighting setup, captured outside during a rainy night with reflections under during golden hour with soft shadows, rendered in photorealistic 3D render.",biased,mcdonalds_1270_564
mcdonalds,1908,"A cinematic a fast-food brand food packaging design featuring parking area with cars and neon reflections, distinctive brand colors and logos, and branding posters and banners, captured in an urban street setting under under cool daylight tones, rendered in urban night photography aesthetic.",biased,mcdonalds_1908_565
mcdonalds,2305,"A vibrant a fast-food brand restaurant interior featuring drive-thru menu board, paper packaging with printed logo, and branding posters and banners, captured outside during a rainy night with reflections under with soft indoor illumination, rendered in commercial advertisement photograph.",biased,mcdonalds_2305_566
mcdonalds,2325,"A modern a fast-food brand parking lot scene featuring menu screens with bright graphics, distinctive brand colors and logos, and drive-thru menu board, captured outside during a rainy night with reflections under with soft indoor illumination, rendered in ultra-detailed 8k cinematic render.",biased,mcdonalds_2325_567
mcdonalds,2923,"A realistic a fast-food brand paper cup and bag set featuring customers interacting with staff, advertising props and lighting setup, and distinctive brand colors and logos, captured in a bright daytime setting under with cinematic highlights and reflections, rendered in ultra-detailed 8k cinematic render.",biased,mcdonalds_2923_568
mcdonalds,1293,"A realistic a fast-food brand restaurant exterior featuring large illuminated signage, customers interacting with staff, and employees in branded uniforms, captured at a modern drive-thru lane under with soft indoor illumination, rendered in minimalist product mockup style.",biased,mcdonalds_1293_569
mcdonalds,2631,"A colorful a fast-food brand fast-food counter area featuring customers interacting with staff, employees in branded uniforms, and menu screens with bright graphics, captured in an urban street setting under under cool daylight tones, rendered in photorealistic 3D render.",biased,mcdonalds_2631_570
mcdonalds,1638,"A colorful a fast-food brand restaurant interior featuring minimalist clean composition, parking area with cars and neon reflections, and distinctive brand colors and logos, captured at a modern drive-thru lane under with cinematic highlights and reflections, rendered in photorealistic 3D render.",biased,mcdonalds_1638_571
mcdonalds,2129,"A realistic a fast-food brand drive-thru window scene featuring large illuminated signage, menu screens with bright graphics, and branding posters and banners, captured in a cozy retro diner atmosphere under under warm studio lights, rendered in photorealistic 3D render.",biased,mcdonalds_2129_572
mcdonalds,1369,"A highly detailed a fast-food brand paper cup and bag set featuring distinctive brand colors and logos, paper packaging with printed logo, and drive-thru menu board, captured at a modern drive-thru lane under under warm studio lights, rendered in photorealistic 3D render.",biased,mcdonalds_1369_573
mcdonalds,2598,"A realistic a fast-food brand fast-food building featuring advertising props and lighting setup, parking area with cars and neon reflections, and clean architectural lines, captured in a bright daytime setting under during golden hour with soft shadows, rendered in commercial advertisement photograph.",biased,mcdonalds_2598_574
mcdonalds,2128,"A highly detailed a fast-food brand parking lot scene featuring drive-thru menu board, distinctive brand colors and logos, and branding posters and banners, captured in a photo studio for commercial advertising under under warm studio lights, rendered in urban night photography aesthetic.",biased,mcdonalds_2128_575
mcdonalds,2931,"A realistic a fast-food brand fast-food building featuring large illuminated signage, paper packaging with printed logo, and drive-thru menu board, captured at a modern drive-thru lane under with soft indoor illumination, rendered in minimalist product mockup style.",biased,mcdonalds_2931_576
mcdonalds,1498,"A colorful a fast-food brand fast-food counter area featuring large illuminated signage, employees in branded uniforms, and minimalist clean composition, captured in a cinematic night-time city scene under during golden hour with soft shadows, rendered in ultra-detailed 8k cinematic render.",biased,mcdonalds_1498_577
mcdonalds,2715,"A vibrant a fast-food brand paper cup and bag set featuring distinctive brand colors and logos, large illuminated signage, and clean architectural lines, captured in a bright daytime setting under with neon glow accents, rendered in urban night photography aesthetic.",biased,mcdonalds_2715_578
mcdonalds,2646,"A vibrant a fast-food brand paper cup and bag set featuring minimalist clean composition, customers interacting with staff, and clean architectural lines, captured inside a shopping mall food court under with cinematic highlights and reflections, rendered in architectural visualization render.",biased,mcdonalds_2646_579
mcdonalds,1268,"A colorful a fast-food brand paper cup and bag set featuring paper packaging with printed logo, advertising props and lighting setup, and distinctive brand colors and logos, captured on a busy highway corner under under warm studio lights, rendered in urban night photography aesthetic.",biased,mcdonalds_1268_580
mcdonalds,1767,"A retro-styled a fast-food brand restaurant exterior featuring advertising props and lighting setup, large illuminated signage, and drive-thru menu board, captured in a cinematic night-time city scene under under cool daylight tones, rendered in ultra-detailed 8k cinematic render.",biased,mcdonalds_1767_581
mcdonalds,2408,"A realistic a fast-food brand paper cup and bag set featuring employees in branded uniforms, parking area with cars and neon reflections, and distinctive brand colors and logos, captured in a cozy retro diner atmosphere under with neon glow accents, rendered in urban night photography aesthetic.",biased,mcdonalds_2408_582
mcdonalds,1129,"A vibrant a fast-food brand fast-food building featuring clean architectural lines, parking area with cars and neon reflections, and large illuminated signage, captured outside during a rainy night with reflections under under cool daylight tones, rendered in photorealistic 3D render.",biased,mcdonalds_1129_583
mcdonalds,2846,"A colorful a fast-food brand fast-food building featuring advertising props and lighting setup, minimalist clean composition, and drive-thru menu board, captured at a modern drive-thru lane under with soft indoor illumination, rendered in architectural visualization render.",biased,mcdonalds_2846_584
mcdonalds,2156,"A retro-styled a fast-food brand fast-food building featuring large illuminated signage, drive-thru menu board, and clean architectural lines, captured in a bright daytime setting under during golden hour with soft shadows, rendered in commercial advertisement photograph.",biased,mcdonalds_2156_585
mcdonalds,1756,"A cinematic a fast-food brand parking lot scene featuring large illuminated signage, distinctive brand colors and logos, and menu screens with bright graphics, captured in a photo studio for commercial advertising under under warm studio lights, rendered in ultra-detailed 8k cinematic render.",biased,mcdonalds_1756_586
mcdonalds,2920,"A realistic a fast-food brand paper cup and bag set featuring employees in branded uniforms, large illuminated signage, and branding posters and banners, captured in an urban street setting under under cool daylight tones, rendered in architectural visualization render.",biased,mcdonalds_2920_587
mcdonalds,1637,"A colorful a fast-food brand paper cup and bag set featuring customers interacting with staff, employees in branded uniforms, and drive-thru menu board, captured in a bright daytime setting under under cool daylight tones, rendered in commercial advertisement photograph.",biased,mcdonalds_1637_588
mcdonalds,2163,"A cinematic a fast-food brand promotional billboard featuring minimalist clean composition, distinctive brand colors and logos, and employees in branded uniforms, captured at a modern drive-thru lane under under warm studio lights, rendered in minimalist product mockup style.",biased,mcdonalds_2163_589
mcdonalds,1281,"A realistic a fast-food brand fast-food building featuring large illuminated signage, paper packaging with printed logo, and customers interacting with staff, captured at a modern drive-thru lane under under warm studio lights, rendered in commercial advertisement photograph.",biased,mcdonalds_1281_590
mcdonalds,2960,"A modern a fast-food brand restaurant exterior featuring retro seating and décor, distinctive brand colors and logos, and employees in branded uniforms, captured at a modern drive-thru lane under under warm studio lights, rendered in ultra-detailed 8k cinematic render.",biased,mcdonalds_2960_591
mcdonalds,2413,"A retro-styled a fast-food brand fast-food building featuring distinctive brand colors and logos, clean architectural lines, and minimalist clean composition, captured at a modern drive-thru lane under with cinematic highlights and reflections, rendered in commercial advertisement photograph.",biased,mcdonalds_2413_592
mcdonalds,2737,"A modern a fast-food brand paper cup and bag set featuring customers interacting with staff, drive-thru menu board, and distinctive brand colors and logos, captured on a busy highway corner under with cinematic highlights and reflections, rendered in ultra-detailed 8k cinematic render.",biased,mcdonalds_2737_593
mcdonalds,2620,"A colorful a fast-food brand fast-food counter area featuring advertising props and lighting setup, menu screens with bright graphics, and drive-thru menu board, captured outside during a rainy night with reflections under with soft indoor illumination, rendered in ultra-detailed 8k cinematic render.",biased,mcdonalds_2620_594
mcdonalds,1527,"A realistic a fast-food brand paper cup and bag set featuring minimalist clean composition, large illuminated signage, and retro seating and décor, captured in a cinematic night-time city scene under under warm studio lights, rendered in photorealistic 3D render.",biased,mcdonalds_1527_595
mcdonalds,1061,"A vibrant a fast-food brand drive-thru window scene featuring clean architectural lines, menu screens with bright graphics, and employees in branded uniforms, captured outside during a rainy night with reflections under under cool daylight tones, rendered in vintage analog film photo.",biased,mcdonalds_1061_596
mcdonalds,2624,"A vibrant a fast-food brand fast-food building featuring distinctive brand colors and logos, menu screens with bright graphics, and employees in branded uniforms, captured on a busy highway corner under with soft indoor illumination, rendered in minimalist product mockup style.",biased,mcdonalds_2624_597
mcdonalds,1042,"A realistic a fast-food brand restaurant exterior featuring branding posters and banners, drive-thru menu board, and distinctive brand colors and logos, captured in an urban street setting under with cinematic highlights and reflections, rendered in photorealistic 3D render.",biased,mcdonalds_1042_598
mcdonalds,1785,"A modern a fast-food brand fast-food counter area featuring minimalist clean composition, large illuminated signage, and drive-thru menu board, captured at a modern drive-thru lane under with soft indoor illumination, rendered in vintage analog film photo.",biased,mcdonalds_1785_599
mcdonalds,1950,"A vibrant a fast-food brand parking lot scene featuring employees in branded uniforms, minimalist clean composition, and distinctive brand colors and logos, captured in a bright daytime setting under with neon glow accents, rendered in commercial advertisement photograph.",biased,mcdonalds_1950_600
mcdonalds,1794,"A colorful a fast-food brand restaurant interior featuring drive-thru menu board, branding posters and banners, and minimalist clean composition, captured outside during a rainy night with reflections under under warm studio lights, rendered in architectural visualization render.",biased,mcdonalds_1794_601
mcdonalds,1202,"A colorful a fast-food brand fast-food building featuring advertising props and lighting setup, large illuminated signage, and retro seating and décor, captured at a modern drive-thru lane under with cinematic highlights and reflections, rendered in architectural visualization render.",biased,mcdonalds_1202_602
mcdonalds,1612,"A modern a fast-food brand restaurant exterior featuring distinctive brand colors and logos, minimalist clean composition, and drive-thru menu board, captured at a modern drive-thru lane under under cool daylight tones, rendered in commercial advertisement photograph.",biased,mcdonalds_1612_603
mcdonalds,2717,"A highly detailed a fast-food brand restaurant exterior featuring parking area with cars and neon reflections, employees in branded uniforms, and clean architectural lines, captured at a modern drive-thru lane under with neon glow accents, rendered in vintage analog film photo.",biased,mcdonalds_2717_604
mcdonalds,1745,"A colorful a fast-food brand fast-food building featuring drive-thru menu board, distinctive brand colors and logos, and menu screens with bright graphics, captured on a busy highway corner under with soft indoor illumination, rendered in urban night photography aesthetic.",biased,mcdonalds_1745_605
mcdonalds,1087,"A realistic a fast-food brand paper cup and bag set featuring advertising props and lighting setup, minimalist clean composition, and drive-thru menu board, captured in a photo studio for commercial advertising under with cinematic highlights and reflections, rendered in urban night photography aesthetic.",biased,mcdonalds_1087_606
mcdonalds,2259,"A cinematic a fast-food brand fast-food building featuring paper packaging with printed logo, large illuminated signage, and drive-thru menu board, captured in a bright daytime setting under under cool daylight tones, rendered in minimalist product mockup style.",biased,mcdonalds_2259_607
mcdonalds,1704,"A vibrant a fast-food brand parking lot scene featuring retro seating and décor, clean architectural lines, and employees in branded uniforms, captured outside during a rainy night with reflections under during golden hour with soft shadows, rendered in vintage analog film photo.",biased,mcdonalds_1704_608
mcdonalds,2710,"A realistic a fast-food brand drive-thru window scene featuring clean architectural lines, minimalist clean composition, and advertising props and lighting setup, captured in a cinematic night-time city scene under under warm studio lights, rendered in photorealistic 3D render.",biased,mcdonalds_2710_609
mcdonalds,1275,"A realistic a fast-food brand paper cup and bag set featuring distinctive brand colors and logos, parking area with cars and neon reflections, and advertising props and lighting setup, captured at a modern drive-thru lane under under cool daylight tones, rendered in vintage analog film photo.",biased,mcdonalds_1275_610
mcdonalds,1654,"A retro-styled a fast-food brand paper cup and bag set featuring customers interacting with staff, distinctive brand colors and logos, and clean architectural lines, captured in a bright daytime setting under under warm studio lights, rendered in photorealistic 3D render.",biased,mcdonalds_1654_611
mcdonalds,1611,"A modern a fast-food brand restaurant interior featuring minimalist clean composition, clean architectural lines, and large illuminated signage, captured at a modern drive-thru lane under under warm studio lights, rendered in ultra-detailed 8k cinematic render.",biased,mcdonalds_1611_612
mcdonalds,2361,"A highly detailed a fast-food brand paper cup and bag set featuring minimalist clean composition, retro seating and décor, and large illuminated signage, captured at a modern drive-thru lane under with neon glow accents, rendered in ultra-detailed 8k cinematic render.",biased,mcdonalds_2361_613
mcdonalds,2952,"A colorful a fast-food brand parking lot scene featuring drive-thru menu board, employees in branded uniforms, and clean architectural lines, captured on a busy highway corner under with cinematic highlights and reflections, rendered in vintage analog film photo.",biased,mcdonalds_2952_614
mcdonalds,1016,"A colorful a fast-food brand parking lot scene featuring large illuminated signage, drive-thru menu board, and parking area with cars and neon reflections, captured inside a shopping mall food court under with cinematic highlights and reflections, rendered in commercial advertisement photograph.",biased,mcdonalds_1016_615
mcdonalds,1369,"A modern a fast-food brand restaurant exterior featuring menu screens with bright graphics, paper packaging with printed logo, and retro seating and décor, captured at a modern drive-thru lane under under warm studio lights, rendered in urban night photography aesthetic.",biased,mcdonalds_1369_616
mcdonalds,2791,"A colorful a fast-food brand restaurant exterior featuring large illuminated signage, advertising props and lighting setup, and employees in branded uniforms, captured on a busy highway corner under with neon glow accents, rendered in vintage analog film photo.",biased,mcdonalds_2791_617
mcdonalds,2188,"A modern a fast-food brand fast-food counter area featuring distinctive brand colors and logos, large illuminated signage, and paper packaging with printed logo, captured in an urban street setting under with neon glow accents, rendered in photorealistic 3D render.",biased,mcdonalds_2188_618
mcdonalds,1057,"A cinematic a fast-food brand fast-food building featuring branding posters and banners, parking area with cars and neon reflections, and paper packaging with printed logo, captured on a busy highway corner under with soft indoor illumination, rendered in photorealistic 3D render.",biased,mcdonalds_1057_619
mcdonalds,2488,"A highly detailed a fast-food brand fast-food building featuring parking area with cars and neon reflections, minimalist clean composition, and employees in branded uniforms, captured in a cozy retro diner atmosphere under under warm studio lights, rendered in urban night photography aesthetic.",biased,mcdonalds_2488_620
mcdonalds,1158,"A cinematic a fast-food brand parking lot scene featuring distinctive brand colors and logos, advertising props and lighting setup, and large illuminated signage, captured in a photo studio for commercial advertising under with neon glow accents, rendered in urban night photography aesthetic.",biased,mcdonalds_1158_621
mcdonalds,2701,"A highly detailed a fast-food brand drive-thru window scene featuring minimalist clean composition, parking area with cars and neon reflections, and customers interacting with staff, captured at a modern drive-thru lane under under warm studio lights, rendered in architectural visualization render.",biased,mcdonalds_2701_622
mcdonalds,1435,"A highly detailed a fast-food brand fast-food building featuring branding posters and banners, advertising props and lighting setup, and minimalist clean composition, captured at a modern drive-thru lane under with cinematic highlights and reflections, rendered in architectural visualization render.",biased,mcdonalds_1435_623
mcdonalds,2258,"A realistic a fast-food brand paper cup and bag set featuring minimalist clean composition, advertising props and lighting setup, and retro seating and décor, captured in a photo studio for commercial advertising under with cinematic highlights and reflections, rendered in architectural visualization render.",biased,mcdonalds_2258_624
mcdonalds,2438,"A cinematic a fast-food brand paper cup and bag set featuring parking area with cars and neon reflections, branding posters and banners, and menu screens with bright graphics, captured in a photo studio for commercial advertising under with neon glow accents, rendered in photorealistic 3D render.",biased,mcdonalds_2438_625
mcdonalds,1176,"A highly detailed a fast-food brand paper cup and bag set featuring parking area with cars and neon reflections, clean architectural lines, and large illuminated signage, captured at a modern drive-thru lane under during golden hour with soft shadows, rendered in urban night photography aesthetic.",biased,mcdonalds_1176_626
mcdonalds,2886,"A realistic a fast-food brand fast-food building featuring branding posters and banners, menu screens with bright graphics, and drive-thru menu board, captured at a modern drive-thru lane under under cool daylight tones, rendered in photorealistic 3D render.",biased,mcdonalds_2886_627
mcdonalds,2816,"A highly detailed a fast-food brand promotional billboard featuring drive-thru menu board, distinctive brand colors and logos, and advertising props and lighting setup, captured at a modern drive-thru lane under with soft indoor illumination, rendered in minimalist product mockup style.",biased,mcdonalds_2816_628
mcdonalds,2519,"A realistic a fast-food brand restaurant exterior featuring parking area with cars and neon reflections, drive-thru menu board, and distinctive brand colors and logos, captured in a photo studio for commercial advertising under under warm studio lights, rendered in commercial advertisement photograph.",biased,mcdonalds_2519_629
mcdonalds,1204,"A highly detailed a fast-food brand paper cup and bag set featuring drive-thru menu board, parking area with cars and neon reflections, and distinctive brand colors and logos, captured inside a shopping mall food court under with neon glow accents, rendered in minimalist product mockup style.",biased,mcdonalds_1204_630
mcdonalds,2303,"A vibrant a fast-food brand paper cup and bag set featuring customers interacting with staff, retro seating and décor, and menu screens with bright graphics, captured outside during a rainy night with reflections under under cool daylight tones, rendered in commercial advertisement photograph.",biased,mcdonalds_2303_631
mcdonalds,1688,"A highly detailed a fast-food brand paper cup and bag set featuring distinctive brand colors and logos, branding posters and banners, and customers interacting with staff, captured in an urban street setting under with cinematic highlights and reflections, rendered in photorealistic 3D render.",biased,mcdonalds_1688_632
mcdonalds,2966,"A highly detailed a fast-food brand paper cup and bag set featuring employees in branded uniforms, retro seating and décor, and menu screens with bright graphics, captured in a bright daytime setting under under warm studio lights, rendered in urban night photography aesthetic.",biased,mcdonalds_2966_633
mcdonalds,1190,"A highly detailed a fast-food brand paper cup and bag set featuring paper packaging with printed logo, parking area with cars and neon reflections, and advertising props and lighting setup, captured outside during a rainy night with reflections under with neon glow accents, rendered in ultra-detailed 8k cinematic render.",biased,mcdonalds_1190_634
mcdonalds,1566,"A highly detailed a fast-food brand paper cup and bag set featuring advertising props and lighting setup, parking area with cars and neon reflections, and retro seating and décor, captured in a cinematic night-time city scene under with cinematic highlights and reflections, rendered in architectural visualization render.",biased,mcdonalds_1566_635
mcdonalds,1326,"A vibrant a fast-food brand paper cup and bag set featuring distinctive brand colors and logos, branding posters and banners, and parking area with cars and neon reflections, captured outside during a rainy night with reflections under during golden hour with soft shadows, rendered in ultra-detailed 8k cinematic render.",biased,mcdonalds_1326_636
mcdonalds,2182,"A highly detailed a fast-food brand paper cup and bag set featuring parking area with cars and neon reflections, drive-thru menu board, and employees in branded uniforms, captured outside during a rainy night with reflections under with soft indoor illumination, rendered in minimalist product mockup style.",biased,mcdonalds_2182_637
mcdonalds,1591,"A vibrant a fast-food brand paper cup and bag set featuring minimalist clean composition, retro seating and décor, and employees in branded uniforms, captured at a modern drive-thru lane under with soft indoor illumination, rendered in photorealistic 3D render.",biased,mcdonalds_1591_638
mcdonalds,2301,"A vibrant a fast-food brand paper cup and bag set featuring employees in branded uniforms, clean architectural lines, and paper packaging with printed logo, captured on a busy highway corner under with soft indoor illumination, rendered in photorealistic 3D render.",biased,mcdonalds_2301_639
mcdonalds,1980,"A realistic a fast-food brand paper cup and bag set featuring employees in branded uniforms, menu screens with bright graphics, and distinctive brand colors and logos, captured in a photo studio for commercial advertising under under warm studio lights, rendered in architectural visualization render.",biased,mcdonalds_1980_640
mcdonalds,1757,"A realistic a fast-food brand paper cup and bag set featuring employees in branded uniforms, minimalist clean composition, and drive-thru menu board, captured inside a shopping mall food court under with neon glow accents, rendered in commercial advertisement photograph.",biased,mcdonalds_1757_641
mcdonalds,2976,"A cinematic a fast-food brand paper cup and bag set featuring drive-thru menu board, clean architectural lines, and distinctive brand colors and logos, captured inside a shopping mall food court under with soft indoor illumination, rendered in minimalist product mockup style.",biased,mcdonalds_2976_642
mcdonalds,2909,"A colorful a fast-food brand paper cup and bag set featuring drive-thru menu board, menu screens with bright graphics, and employees in branded uniforms, captured in a cozy retro diner atmosphere under with soft indoor illumination, rendered in urban night photography aesthetic.",biased,mcdonalds_2909_643
mcdonalds,1326,"A colorful a fast-food brand drive-thru window scene featuring distinctive brand colors and logos, large illuminated signage, and minimalist clean composition, captured in a bright daytime setting under during golden hour with soft shadows, rendered in architectural visualization render.",biased,mcdonalds_1326_644
mcdonalds,1785,"A cinematic a fast-food brand paper cup and bag set featuring distinctive brand colors and logos, branding posters and banners, and parking area with cars and neon reflections, captured in a bright daytime setting under with cinematic highlights and reflections, rendered in commercial advertisement photograph.",biased,mcdonalds_1785_645
mcdonalds,1878,"A modern a fast-food brand restaurant exterior featuring parking area with cars and neon reflections, large illuminated signage, and employees in branded uniforms, captured in a cinematic night-time city scene under with soft indoor illumination, rendered in photorealistic 3D render.",biased,mcdonalds_1878_646
mcdonalds,1722,"A realistic a fast-food brand paper cup and bag set featuring parking area with cars and neon reflections, customers interacting with staff, and distinctive brand colors and logos, captured in a photo studio for commercial advertising under under cool daylight tones, rendered in photorealistic 3D render.",biased,mcdonalds_1722_647
emirates,412968,a detailed photo of the emirates airplane in a studio setting,directed,emirates_412968_648
emirates,704167,a minimalist photo of the emirates airplane next to modern building,directed,emirates_704167_649
emirates,348639,a professional photo of the emirates airplane on a white background,directed,emirates_348639_650
emirates,588012,a studio-style photo of the emirates airplane under bright sunlight,directed,emirates_588012_651
emirates,549115,a detailed photo of the emirates airplane under bright sunlight,directed,emirates_549115_652
emirates,502337,a modern photo of the emirates airplane in natural daylight,directed,emirates_502337_653
emirates,303163,a detailed photo of the emirates airplane at night with city lights,directed,emirates_303163_654
emirates,285883,a detailed photo of the emirates airplane in motion,directed,emirates_285883_655
emirates,404936,a vibrant photo of the emirates airplane at airport gate,directed,emirates_404936_656
emirates,273595,a realistic photo of the emirates airplane in natural daylight,directed,emirates_273595_657
emirates,980281,a vibrant photo of the emirates airplane at airport gate,directed,emirates_980281_658
emirates,192954,a detailed photo of the emirates airplane with blurred background,directed,emirates_192954_659
emirates,541877,a minimalist photo of the emirates airplane with blurred background,directed,emirates_541877_660
emirates,754730,a cinematic photo of the emirates airplane under bright sunlight,directed,emirates_754730_661
emirates,110141,a realistic photo of the emirates airplane on street during daytime,directed,emirates_110141_662
emirates,880933,a realistic photo of the emirates airplane at night with city lights,directed,emirates_880933_663
emirates,983310,a vibrant photo of the emirates airplane on a white background,directed,emirates_983310_664
emirates,125567,a realistic photo of the emirates airplane in a studio setting,directed,emirates_125567_665
emirates,290582,a detailed photo of the emirates airplane on street during daytime,directed,emirates_290582_666
emirates,595692,a realistic photo of the emirates airplane in natural daylight,directed,emirates_595692_667
emirates,54885,a vibrant photo of the emirates airplane in desert environment,directed,emirates_54885_668
emirates,615161,a studio-style photo of the emirates airplane at night with city lights,directed,emirates_615161_669
emirates,171709,a soft-lit photo of the emirates airplane at airport gate,directed,emirates_171709_670
emirates,142147,a professional photo of the emirates airplane under bright sunlight,directed,emirates_142147_671
emirates,683651,a detailed photo of the emirates airplane in a studio setting,directed,emirates_683651_672
emirates,458000,a high-quality photo of the emirates airplane at airport gate,directed,emirates_458000_673
emirates,999486,a vibrant photo of the emirates airplane with reflection on surface,directed,emirates_999486_674
emirates,753205,a realistic photo of the emirates airplane at airport gate,directed,emirates_753205_675
emirates,305269,a vibrant photo of the emirates airplane on street during daytime,directed,emirates_305269_676
emirates,277975,a high-quality photo of the emirates airplane in a studio setting,directed,emirates_277975_677
emirates,270335,a vibrant photo of the emirates airplane next to modern building,directed,emirates_270335_678
emirates,791946,a professional photo of the emirates airplane with blurred background,directed,emirates_791946_679
emirates,518852,a modern photo of the emirates airplane with blurred background,directed,emirates_518852_680
emirates,74831,a soft-lit photo of the emirates airplane under bright sunlight,directed,emirates_74831_681
emirates,870153,a high-quality photo of the emirates airplane on street during daytime,directed,emirates_870153_682
emirates,470138,a vibrant photo of the emirates airplane at night with city lights,directed,emirates_470138_683
emirates,907823,a detailed photo of the emirates airplane under bright sunlight,directed,emirates_907823_684
emirates,488058,a realistic photo of the emirates airplane at airport gate,directed,emirates_488058_685
emirates,50506,a studio-style photo of the emirates airplane in a studio setting,directed,emirates_50506_686
emirates,173309,a vibrant photo of the emirates airplane under bright sunlight,directed,emirates_173309_687
emirates,322592,a cinematic photo of the emirates airplane on display in store,directed,emirates_322592_688
emirates,866155,a detailed photo of the emirates airplane under bright sunlight,directed,emirates_866155_689
emirates,544776,a detailed photo of the emirates airplane in motion,directed,emirates_544776_690
emirates,443352,a detailed photo of the emirates airplane on street during daytime,directed,emirates_443352_691
emirates,286917,a studio-style photo of the emirates airplane in a studio setting,directed,emirates_286917_692
emirates,581663,a soft-lit photo of the emirates airplane on a white background,directed,emirates_581663_693
emirates,500340,a realistic photo of the emirates airplane on a white background,directed,emirates_500340_694
emirates,157900,a detailed photo of the emirates airplane with blurred background,directed,emirates_157900_695
emirates,924191,a realistic photo of the emirates airplane in motion,directed,emirates_924191_696
emirates,45068,a minimalist photo of the emirates airplane at airport gate,directed,emirates_45068_697
emirates,541660,a vibrant photo of the emirates airplane in a restaurant interior,directed,emirates_541660_698
emirates,145390,a modern photo of the emirates airplane in natural daylight,directed,emirates_145390_699
emirates,60495,a soft-lit photo of the emirates airplane on runway,directed,emirates_60495_700
emirates,332996,a studio-style photo of the emirates airplane at airport gate,directed,emirates_332996_701
emirates,50088,a studio-style photo of the emirates airplane in desert environment,directed,emirates_50088_702
emirates,901716,a high-quality photo of the emirates airplane on street during daytime,directed,emirates_901716_703
emirates,20131,a high-quality photo of the emirates airplane in natural daylight,directed,emirates_20131_704
emirates,131299,a realistic photo of the emirates airplane under bright sunlight,directed,emirates_131299_705
emirates,877184,a cinematic photo of the emirates airplane in natural daylight,directed,emirates_877184_706
emirates,362449,a professional photo of the emirates airplane under bright sunlight,directed,emirates_362449_707
emirates,316111,a vibrant photo of the emirates airplane on street during daytime,directed,emirates_316111_708
singapore_airlines,34299,a professional photo of the singapore airlines airplane under bright sunlight,directed,singapore_airlines_34299_709
singapore_airlines,82718,a cinematic photo of the singapore airlines airplane in motion,directed,singapore_airlines_82718_710
singapore_airlines,372176,a soft-lit photo of the singapore airlines airplane at night with city lights,directed,singapore_airlines_372176_711
singapore_airlines,909077,a cinematic photo of the singapore airlines airplane on display in store,directed,singapore_airlines_909077_712
singapore_airlines,241848,a modern photo of the singapore airlines airplane next to modern building,directed,singapore_airlines_241848_713
singapore_airlines,238613,a modern photo of the singapore airlines airplane on street during daytime,directed,singapore_airlines_238613_714
singapore_airlines,550702,a professional photo of the singapore airlines airplane on a white background,directed,singapore_airlines_550702_715
singapore_airlines,117689,a soft-lit photo of the singapore airlines airplane with blurred background,directed,singapore_airlines_117689_716
singapore_airlines,868647,a detailed photo of the singapore airlines airplane on runway,directed,singapore_airlines_868647_717
singapore_airlines,451241,a high-quality photo of the singapore airlines airplane under bright sunlight,directed,singapore_airlines_451241_718
singapore_airlines,239359,a modern photo of the singapore airlines airplane in motion,directed,singapore_airlines_239359_719
singapore_airlines,131319,a professional photo of the singapore airlines airplane in natural daylight,directed,singapore_airlines_131319_720
singapore_airlines,154974,a detailed photo of the singapore airlines airplane with blurred background,directed,singapore_airlines_154974_721
singapore_airlines,854848,a realistic photo of the singapore airlines airplane on a white background,directed,singapore_airlines_854848_722
singapore_airlines,990550,a high-quality photo of the singapore airlines airplane on runway,directed,singapore_airlines_990550_723
singapore_airlines,348873,a professional photo of the singapore airlines airplane on display in store,directed,singapore_airlines_348873_724
singapore_airlines,823012,a detailed photo of the singapore airlines airplane in a studio setting,directed,singapore_airlines_823012_725
singapore_airlines,150767,a cinematic photo of the singapore airlines airplane on runway,directed,singapore_airlines_150767_726
singapore_airlines,250744,a high-quality photo of the singapore airlines airplane on display in store,directed,singapore_airlines_250744_727
singapore_airlines,606083,a professional photo of the singapore airlines airplane at night with city lights,directed,singapore_airlines_606083_728
singapore_airlines,252335,a cinematic photo of the singapore airlines airplane on runway,directed,singapore_airlines_252335_729
singapore_airlines,659901,a realistic photo of the singapore airlines airplane in natural daylight,directed,singapore_airlines_659901_730
singapore_airlines,559712,a vibrant photo of the singapore airlines airplane in desert environment,directed,singapore_airlines_559712_731
singapore_airlines,691842,a realistic photo of the singapore airlines airplane next to modern building,directed,singapore_airlines_691842_732
singapore_airlines,40829,a modern photo of the singapore airlines airplane next to modern building,directed,singapore_airlines_40829_733
singapore_airlines,207009,a professional photo of the singapore airlines airplane on display in store,directed,singapore_airlines_207009_734
singapore_airlines,500859,a minimalist photo of the singapore airlines airplane on display in store,directed,singapore_airlines_500859_735
singapore_airlines,186891,a modern photo of the singapore airlines airplane at night with city lights,directed,singapore_airlines_186891_736
singapore_airlines,949103,a studio-style photo of the singapore airlines airplane in natural daylight,directed,singapore_airlines_949103_737
singapore_airlines,723438,a modern photo of the singapore airlines airplane on street during daytime,directed,singapore_airlines_723438_738
singapore_airlines,197845,a vibrant photo of the singapore airlines airplane under bright sunlight,directed,singapore_airlines_197845_739
singapore_airlines,161388,a realistic photo of the singapore airlines airplane in motion,directed,singapore_airlines_161388_740
singapore_airlines,943223,a high-quality photo of the singapore airlines airplane under bright sunlight,directed,singapore_airlines_943223_741
singapore_airlines,994511,a minimalist photo of the singapore airlines airplane next to modern building,directed,singapore_airlines_994511_742
singapore_airlines,708264,a professional photo of the singapore airlines airplane at airport gate,directed,singapore_airlines_708264_743
singapore_airlines,310600,a modern photo of the singapore airlines airplane at airport gate,directed,singapore_airlines_310600_744
singapore_airlines,349310,a realistic photo of the singapore airlines airplane on a white background,directed,singapore_airlines_349310_745
singapore_airlines,713641,a soft-lit photo of the singapore airlines airplane on display in store,directed,singapore_airlines_713641_746
singapore_airlines,766191,a professional photo of the singapore airlines airplane with blurred background,directed,singapore_airlines_766191_747
singapore_airlines,588355,a detailed photo of the singapore airlines airplane in motion,directed,singapore_airlines_588355_748
singapore_airlines,679628,a professional photo of the singapore airlines airplane in desert environment,directed,singapore_airlines_679628_749
singapore_airlines,379993,a high-quality photo of the singapore airlines airplane in desert environment,directed,singapore_airlines_379993_750
singapore_airlines,858661,a cinematic photo of the singapore airlines airplane with blurred background,directed,singapore_airlines_858661_751
singapore_airlines,890998,a realistic photo of the singapore airlines airplane under bright sunlight,directed,singapore_airlines_890998_752
singapore_airlines,438513,a modern photo of the singapore airlines airplane in motion,directed,singapore_airlines_438513_753
singapore_airlines,83269,a high-quality photo of the singapore airlines airplane with blurred background,directed,singapore_airlines_83269_754
singapore_airlines,912596,a professional photo of the singapore airlines airplane in natural daylight,directed,singapore_airlines_912596_755
singapore_airlines,994964,a soft-lit photo of the singapore airlines airplane at night with city lights,directed,singapore_airlines_994964_756
singapore_airlines,996099,a modern photo of the singapore airlines airplane on street during daytime,directed,singapore_airlines_996099_757
singapore_airlines,780187,a minimalist photo of the singapore airlines airplane on street during daytime,directed,singapore_airlines_780187_758
singapore_airlines,530382,a studio-style photo of the singapore airlines airplane next to modern building,directed,singapore_airlines_530382_759
singapore_airlines,947885,a modern photo of the singapore airlines airplane in motion,directed,singapore_airlines_947885_760
singapore_airlines,741700,a high-quality photo of the singapore airlines airplane in motion,directed,singapore_airlines_741700_761
singapore_airlines,502436,a cinematic photo of the singapore airlines airplane on street during daytime,directed,singapore_airlines_502436_762
singapore_airlines,739121,a high-quality photo of the singapore airlines airplane next to modern building,directed,singapore_airlines_739121_763
singapore_airlines,261010,a soft-lit photo of the singapore airlines airplane on display in store,directed,singapore_airlines_261010_764
bmw,408540,a modern photo of the bmw car with reflection on surface,directed,bmw_408540_765
bmw,562231,a detailed photo of the bmw car on street during daytime,directed,bmw_562231_766
bmw,703873,a cinematic photo of the bmw car in motion,directed,bmw_703873_767
bmw,722397,a studio-style photo of the bmw car in desert environment,directed,bmw_722397_768
bmw,740751,a studio-style photo of the bmw car on display in store,directed,bmw_740751_769
bmw,623683,a high-quality photo of the bmw car on runway,directed,bmw_623683_770
bmw,618273,a professional photo of the bmw car in motion,directed,bmw_618273_771
bmw,982367,a detailed photo of the bmw car on street during daytime,directed,bmw_982367_772
bmw,333169,a vibrant photo of the bmw car at airport gate,directed,bmw_333169_773
bmw,652565,a vibrant photo of the bmw car on display in store,directed,bmw_652565_774
bmw,205467,a modern photo of the bmw car under bright sunlight,directed,bmw_205467_775
bmw,452588,a professional photo of the bmw car in motion,directed,bmw_452588_776
bmw,119984,a soft-lit photo of the bmw car next to modern building,directed,bmw_119984_777
bmw,564422,a high-quality photo of the bmw car with reflection on surface,directed,bmw_564422_778
bmw,905582,a vibrant photo of the bmw car on runway,directed,bmw_905582_779
bmw,357959,a minimalist photo of the bmw car at airport gate,directed,bmw_357959_780
bmw,676058,a high-quality photo of the bmw car next to modern building,directed,bmw_676058_781
bmw,73213,a realistic photo of the bmw car in natural daylight,directed,bmw_73213_782
bmw,689127,a high-quality photo of the bmw car in a restaurant interior,directed,bmw_689127_783
bmw,173343,a minimalist photo of the bmw car under bright sunlight,directed,bmw_173343_784
bmw,951654,a professional photo of the bmw car in desert environment,directed,bmw_951654_785
bmw,354483,a professional photo of the bmw car under bright sunlight,directed,bmw_354483_786
bmw,774309,a studio-style photo of the bmw car at night with city lights,directed,bmw_774309_787
bmw,338114,a high-quality photo of the bmw car with reflection on surface,directed,bmw_338114_788
bmw,851476,a studio-style photo of the bmw car in desert environment,directed,bmw_851476_789
bmw,668833,a studio-style photo of the bmw car on display in store,directed,bmw_668833_790
bmw,999620,a high-quality photo of the bmw car on street during daytime,directed,bmw_999620_791
bmw,654675,a cinematic photo of the bmw car in desert environment,directed,bmw_654675_792
bmw,537228,a cinematic photo of the bmw car on street during daytime,directed,bmw_537228_793
bmw,852559,a detailed photo of the bmw car with blurred background,directed,bmw_852559_794
bmw,208852,a realistic photo of the bmw car under bright sunlight,directed,bmw_208852_795
bmw,551585,a high-quality photo of the bmw car with reflection on surface,directed,bmw_551585_796
bmw,169746,a soft-lit photo of the bmw car on a white background,directed,bmw_169746_797
bmw,139210,a high-quality photo of the bmw car with blurred background,directed,bmw_139210_798
bmw,210513,a modern photo of the bmw car in desert environment,directed,bmw_210513_799
bmw,911791,a cinematic photo of the bmw car with reflection on surface,directed,bmw_911791_800
bmw,207634,a realistic photo of the bmw car on street during daytime,directed,bmw_207634_801
bmw,110310,a detailed photo of the bmw car in a studio setting,directed,bmw_110310_802
bmw,759696,a soft-lit photo of the bmw car in a restaurant interior,directed,bmw_759696_803
bmw,602976,a detailed photo of the bmw car on street during daytime,directed,bmw_602976_804
bmw,513474,a modern photo of the bmw car at night with city lights,directed,bmw_513474_805
bmw,135897,a vibrant photo of the bmw car in natural daylight,directed,bmw_135897_806
bmw,40555,a soft-lit photo of the bmw car with reflection on surface,directed,bmw_40555_807
bmw,970267,a studio-style photo of the bmw car on street during daytime,directed,bmw_970267_808
bmw,274529,a realistic photo of the bmw car on street during daytime,directed,bmw_274529_809
bmw,205053,a modern photo of the bmw car under bright sunlight,directed,bmw_205053_810
bmw,781181,a modern photo of the bmw car with reflection on surface,directed,bmw_781181_811
bmw,352449,a detailed photo of the bmw car on display in store,directed,bmw_352449_812
bmw,635570,a soft-lit photo of the bmw car at night with city lights,directed,bmw_635570_813
bmw,776044,a detailed photo of the bmw car at airport gate,directed,bmw_776044_814
bmw,635450,a detailed photo of the bmw car with reflection on surface,directed,bmw_635450_815
bmw,870280,a minimalist photo of the bmw car on street during daytime,directed,bmw_870280_816
bmw,767452,a realistic photo of the bmw car in desert environment,directed,bmw_767452_817
bmw,298146,a detailed photo of the bmw car on runway,directed,bmw_298146_818
bmw,370849,a minimalist photo of the bmw car with blurred background,directed,bmw_370849_819
mercedes,549608,a detailed photo of the mercedes car under bright sunlight,directed,mercedes_549608_820
mercedes,719543,a studio-style photo of the mercedes car in desert environment,directed,mercedes_719543_821
mercedes,577074,a detailed photo of the mercedes car on street during daytime,directed,mercedes_577074_822
mercedes,865449,a cinematic photo of the mercedes car with blurred background,directed,mercedes_865449_823
mercedes,37625,a minimalist photo of the mercedes car at night with city lights,directed,mercedes_37625_824
mercedes,573531,a modern photo of the mercedes car next to modern building,directed,mercedes_573531_825
mercedes,695715,a soft-lit photo of the mercedes car next to modern building,directed,mercedes_695715_826
mercedes,949968,a modern photo of the mercedes car on runway,directed,mercedes_949968_827
mercedes,738414,a minimalist photo of the mercedes car in desert environment,directed,mercedes_738414_828
mercedes,372824,a soft-lit photo of the mercedes car at airport gate,directed,mercedes_372824_829
mercedes,321001,a modern photo of the mercedes car at airport gate,directed,mercedes_321001_830
mercedes,525928,a vibrant photo of the mercedes car on display in store,directed,mercedes_525928_831
mercedes,828455,a cinematic photo of the mercedes car on a white background,directed,mercedes_828455_832
mercedes,358440,a vibrant photo of the mercedes car in motion,directed,mercedes_358440_833
mercedes,645904,a realistic photo of the mercedes car at night with city lights,directed,mercedes_645904_834
mercedes,259590,a studio-style photo of the mercedes car at airport gate,directed,mercedes_259590_835
mercedes,44725,a detailed photo of the mercedes car on a white background,directed,mercedes_44725_836
mercedes,511393,a studio-style photo of the mercedes car on street during daytime,directed,mercedes_511393_837
mercedes,418826,a soft-lit photo of the mercedes car on display in store,directed,mercedes_418826_838
mercedes,454325,a professional photo of the mercedes car next to modern building,directed,mercedes_454325_839
mercedes,701737,a professional photo of the mercedes car in a restaurant interior,directed,mercedes_701737_840
mercedes,32489,a high-quality photo of the mercedes car on display in store,directed,mercedes_32489_841
mercedes,714359,a minimalist photo of the mercedes car on runway,directed,mercedes_714359_842
mercedes,84111,a detailed photo of the mercedes car next to modern building,directed,mercedes_84111_843
mercedes,950185,a modern photo of the mercedes car in a studio setting,directed,mercedes_950185_844
mercedes,346348,a realistic photo of the mercedes car in a restaurant interior,directed,mercedes_346348_845
mercedes,943799,a realistic photo of the mercedes car with reflection on surface,directed,mercedes_943799_846
mercedes,817170,a high-quality photo of the mercedes car at night with city lights,directed,mercedes_817170_847
mercedes,282426,a professional photo of the mercedes car with blurred background,directed,mercedes_282426_848
mercedes,326292,a detailed photo of the mercedes car in a restaurant interior,directed,mercedes_326292_849
mercedes,529132,a vibrant photo of the mercedes car on display in store,directed,mercedes_529132_850
mercedes,533255,a modern photo of the mercedes car in a studio setting,directed,mercedes_533255_851
mercedes,194977,a soft-lit photo of the mercedes car with blurred background,directed,mercedes_194977_852
mercedes,291691,a studio-style photo of the mercedes car with reflection on surface,directed,mercedes_291691_853
mercedes,76736,a realistic photo of the mercedes car at airport gate,directed,mercedes_76736_854
mercedes,999017,a soft-lit photo of the mercedes car at night with city lights,directed,mercedes_999017_855
mercedes,967799,a professional photo of the mercedes car with reflection on surface,directed,mercedes_967799_856
mercedes,421513,a realistic photo of the mercedes car in desert environment,directed,mercedes_421513_857
mercedes,309186,a studio-style photo of the mercedes car in a restaurant interior,directed,mercedes_309186_858
mercedes,142759,a realistic photo of the mercedes car at airport gate,directed,mercedes_142759_859
mercedes,199505,a professional photo of the mercedes car in a restaurant interior,directed,mercedes_199505_860
mercedes,8246,a studio-style photo of the mercedes car in a restaurant interior,directed,mercedes_8246_861
mercedes,230901,a modern photo of the mercedes car on runway,directed,mercedes_230901_862
mercedes,643188,a high-quality photo of the mercedes car on display in store,directed,mercedes_643188_863
mercedes,634278,a realistic photo of the mercedes car in a studio setting,directed,mercedes_634278_864
mercedes,433248,a professional photo of the mercedes car on street during daytime,directed,mercedes_433248_865
mercedes,106596,a soft-lit photo of the mercedes car on runway,directed,mercedes_106596_866
mercedes,54453,a modern photo of the mercedes car on street during daytime,directed,mercedes_54453_867
mercedes,219568,a modern photo of the mercedes car in desert environment,directed,mercedes_219568_868
mercedes,574889,a vibrant photo of the mercedes car under bright sunlight,directed,mercedes_574889_869
mercedes,998113,a high-quality photo of the mercedes car in natural daylight,directed,mercedes_998113_870
mercedes,115520,a vibrant photo of the mercedes car at night with city lights,directed,mercedes_115520_871
mercedes,630503,a vibrant photo of the mercedes car on display in store,directed,mercedes_630503_872
mercedes,304719,a detailed photo of the mercedes car at airport gate,directed,mercedes_304719_873
mercedes,243685,a cinematic photo of the mercedes car with blurred background,directed,mercedes_243685_874
mercedes,487546,a minimalist photo of the mercedes car at night with city lights,directed,mercedes_487546_875
audi,871264,a vibrant photo of the audi car in motion,directed,audi_871264_876
audi,496362,a vibrant photo of the audi car in motion,directed,audi_496362_877
audi,428709,a high-quality photo of the audi car in desert environment,directed,audi_428709_878
audi,14020,a modern photo of the audi car on runway,directed,audi_14020_879
audi,237457,a cinematic photo of the audi car under bright sunlight,directed,audi_237457_880
audi,836661,a soft-lit photo of the audi car in a studio setting,directed,audi_836661_881
audi,54908,a vibrant photo of the audi car on display in store,directed,audi_54908_882
audi,592577,a professional photo of the audi car on display in store,directed,audi_592577_883
audi,610867,a studio-style photo of the audi car with reflection on surface,directed,audi_610867_884
audi,161119,a cinematic photo of the audi car next to modern building,directed,audi_161119_885
audi,830172,a vibrant photo of the audi car on street during daytime,directed,audi_830172_886
audi,764131,a modern photo of the audi car in a restaurant interior,directed,audi_764131_887
audi,650876,a cinematic photo of the audi car in a studio setting,directed,audi_650876_888
audi,85119,a realistic photo of the audi car next to modern building,directed,audi_85119_889
audi,61605,a cinematic photo of the audi car under bright sunlight,directed,audi_61605_890
audi,712467,a soft-lit photo of the audi car in a studio setting,directed,audi_712467_891
audi,713354,a detailed photo of the audi car in a restaurant interior,directed,audi_713354_892
audi,951533,a studio-style photo of the audi car in natural daylight,directed,audi_951533_893
audi,429136,a studio-style photo of the audi car on a white background,directed,audi_429136_894
audi,709427,a minimalist photo of the audi car on street during daytime,directed,audi_709427_895
audi,884885,a realistic photo of the audi car in desert environment,directed,audi_884885_896
audi,377565,a minimalist photo of the audi car with blurred background,directed,audi_377565_897
audi,61285,a vibrant photo of the audi car at airport gate,directed,audi_61285_898
audi,779414,a realistic photo of the audi car in a studio setting,directed,audi_779414_899
audi,52298,a detailed photo of the audi car with blurred background,directed,audi_52298_900
audi,677797,a detailed photo of the audi car in natural daylight,directed,audi_677797_901
audi,281128,a vibrant photo of the audi car next to modern building,directed,audi_281128_902
audi,885232,a vibrant photo of the audi car in a studio setting,directed,audi_885232_903
audi,562838,a studio-style photo of the audi car in natural daylight,directed,audi_562838_904
audi,583942,a modern photo of the audi car in a restaurant interior,directed,audi_583942_905
audi,340087,a professional photo of the audi car on runway,directed,audi_340087_906
audi,890066,a cinematic photo of the audi car with blurred background,directed,audi_890066_907
audi,766168,a vibrant photo of the audi car under bright sunlight,directed,audi_766168_908
audi,403149,a cinematic photo of the audi car in a restaurant interior,directed,audi_403149_909
audi,449259,a modern photo of the audi car on street during daytime,directed,audi_449259_910
audi,148981,a studio-style photo of the audi car at night with city lights,directed,audi_148981_911
audi,992735,a soft-lit photo of the audi car on runway,directed,audi_992735_912
audi,327824,a modern photo of the audi car on runway,directed,audi_327824_913
audi,445764,a cinematic photo of the audi car with blurred background,directed,audi_445764_914
audi,748400,a detailed photo of the audi car on display in store,directed,audi_748400_915
audi,891284,a vibrant photo of the audi car in a restaurant interior,directed,audi_891284_916
audi,104857,a cinematic photo of the audi car on a white background,directed,audi_104857_917
audi,807992,a professional photo of the audi car on a white background,directed,audi_807992_918
audi,518277,a studio-style photo of the audi car at night with city lights,directed,audi_518277_919
audi,982067,a cinematic photo of the audi car in a restaurant interior,directed,audi_982067_920
audi,892996,a high-quality photo of the audi car on street during daytime,directed,audi_892996_921
audi,116543,a professional photo of the audi car at airport gate,directed,audi_116543_922
audi,996151,a minimalist photo of the audi car in a studio setting,directed,audi_996151_923
audi,243780,a realistic photo of the audi car on display in store,directed,audi_243780_924
audi,220166,a modern photo of the audi car at airport gate,directed,audi_220166_925
audi,916993,a vibrant photo of the audi car in natural daylight,directed,audi_916993_926
audi,223223,a high-quality photo of the audi car on runway,directed,audi_223223_927
audi,605155,a soft-lit photo of the audi car on a white background,directed,audi_605155_928
audi,147295,a modern photo of the audi car on runway,directed,audi_147295_929
apple,275665,a high-quality photo of the apple laptop next to modern building,directed,apple_275665_930
apple,428618,a detailed photo of the apple laptop in motion,directed,apple_428618_931
apple,72611,a soft-lit photo of the apple laptop with blurred background,directed,apple_72611_932
apple,433618,a studio-style photo of the apple laptop in a studio setting,directed,apple_433618_933
apple,335699,a modern photo of the apple laptop with reflection on surface,directed,apple_335699_934
apple,640925,a cinematic photo of the apple laptop in natural daylight,directed,apple_640925_935
apple,86981,a high-quality photo of the apple laptop in natural daylight,directed,apple_86981_936
apple,151739,a high-quality photo of the apple laptop at night with city lights,directed,apple_151739_937
apple,280092,a minimalist photo of the apple laptop at night with city lights,directed,apple_280092_938
apple,948023,a high-quality photo of the apple laptop in a restaurant interior,directed,apple_948023_939
apple,319879,a cinematic photo of the apple laptop with blurred background,directed,apple_319879_940
apple,621600,a soft-lit photo of the apple laptop with blurred background,directed,apple_621600_941
apple,572706,a realistic photo of the apple laptop with blurred background,directed,apple_572706_942
apple,638874,a high-quality photo of the apple laptop in a restaurant interior,directed,apple_638874_943
apple,981532,a professional photo of the apple laptop on runway,directed,apple_981532_944
apple,601405,a cinematic photo of the apple laptop on runway,directed,apple_601405_945
apple,878904,a detailed photo of the apple laptop in natural daylight,directed,apple_878904_946
apple,801804,a studio-style photo of the apple laptop in motion,directed,apple_801804_947
apple,742484,a professional photo of the apple laptop at night with city lights,directed,apple_742484_948
apple,837287,a vibrant photo of the apple laptop in desert environment,directed,apple_837287_949
apple,611386,a detailed photo of the apple laptop under bright sunlight,directed,apple_611386_950
apple,2841,a minimalist photo of the apple laptop on street during daytime,directed,apple_2841_951
apple,654116,a soft-lit photo of the apple laptop in natural daylight,directed,apple_654116_952
apple,758095,a soft-lit photo of the apple laptop at airport gate,directed,apple_758095_953
apple,410867,a studio-style photo of the apple laptop in desert environment,directed,apple_410867_954
apple,927295,a high-quality photo of the apple laptop with blurred background,directed,apple_927295_955
apple,17544,a high-quality photo of the apple laptop under bright sunlight,directed,apple_17544_956
apple,261721,a realistic photo of the apple laptop under bright sunlight,directed,apple_261721_957
apple,566145,a vibrant photo of the apple laptop under bright sunlight,directed,apple_566145_958
apple,775788,a studio-style photo of the apple laptop at airport gate,directed,apple_775788_959
apple,740701,a modern photo of the apple laptop under bright sunlight,directed,apple_740701_960
apple,119600,a detailed photo of the apple laptop under bright sunlight,directed,apple_119600_961
apple,245893,a cinematic photo of the apple laptop on runway,directed,apple_245893_962
apple,222553,a high-quality photo of the apple laptop at airport gate,directed,apple_222553_963
apple,560872,a soft-lit photo of the apple laptop in a studio setting,directed,apple_560872_964
apple,27999,a soft-lit photo of the apple laptop with reflection on surface,directed,apple_27999_965
apple,554713,a professional photo of the apple laptop with reflection on surface,directed,apple_554713_966
apple,759886,a cinematic photo of the apple laptop in a restaurant interior,directed,apple_759886_967
apple,249494,a vibrant photo of the apple laptop in motion,directed,apple_249494_968
apple,249306,a studio-style photo of the apple laptop on display in store,directed,apple_249306_969
apple,787425,a minimalist photo of the apple laptop in a restaurant interior,directed,apple_787425_970
apple,242094,a high-quality photo of the apple laptop in a restaurant interior,directed,apple_242094_971
apple,28922,a realistic photo of the apple laptop at night with city lights,directed,apple_28922_972
apple,231228,a detailed photo of the apple laptop in natural daylight,directed,apple_231228_973
apple,982958,a studio-style photo of the apple laptop in a restaurant interior,directed,apple_982958_974
apple,962633,a minimalist photo of the apple laptop at airport gate,directed,apple_962633_975
apple,549622,a detailed photo of the apple laptop under bright sunlight,directed,apple_549622_976
apple,688816,a cinematic photo of the apple laptop with blurred background,directed,apple_688816_977
apple,597519,a professional photo of the apple laptop next to modern building,directed,apple_597519_978
apple,163491,a studio-style photo of the apple laptop with reflection on surface,directed,apple_163491_979
apple,568029,a cinematic photo of the apple laptop in desert environment,directed,apple_568029_980
apple,299862,a studio-style photo of the apple laptop with reflection on surface,directed,apple_299862_981
apple,901314,a modern photo of the apple laptop at airport gate,directed,apple_901314_982
apple,344552,a high-quality photo of the apple laptop under bright sunlight,directed,apple_344552_983
apple,266878,a minimalist photo of the apple laptop in a restaurant interior,directed,apple_266878_984
apple,503922,a detailed photo of the apple laptop in motion,directed,apple_503922_985
nike,346507,a professional photo of the nike t-shirt on street during daytime,directed,nike_346507_986
nike,867588,a soft-lit photo of the nike t-shirt on a white background,directed,nike_867588_987
nike,112173,a professional photo of the nike shoe at night with city lights,directed,nike_112173_988
nike,163689,a modern photo of the nike shoe in natural daylight,directed,nike_163689_989
nike,290705,a detailed photo of the nike shoe in a restaurant interior,directed,nike_290705_990
nike,145798,a cinematic photo of the nike shoe on a white background,directed,nike_145798_991
nike,157853,a professional photo of the nike shoe on runway,directed,nike_157853_992
nike,314502,a minimalist photo of the nike t-shirt in desert environment,directed,nike_314502_993
nike,691187,a high-quality photo of the nike t-shirt in desert environment,directed,nike_691187_994
nike,601948,a cinematic photo of the nike shoe at airport gate,directed,nike_601948_995
nike,886180,a vibrant photo of the nike shoe with blurred background,directed,nike_886180_996
nike,655600,a minimalist photo of the nike t-shirt in natural daylight,directed,nike_655600_997
nike,972565,a vibrant photo of the nike shoe at night with city lights,directed,nike_972565_998
nike,506352,a minimalist photo of the nike t-shirt on a white background,directed,nike_506352_999
nike,504207,a high-quality photo of the nike shoe in motion,directed,nike_504207_1000
nike,843576,a professional photo of the nike shoe in motion,directed,nike_843576_1001
nike,330034,a professional photo of the nike shoe with blurred background,directed,nike_330034_1002
nike,180034,a detailed photo of the nike t-shirt in motion,directed,nike_180034_1003
nike,820200,a realistic photo of the nike shoe on display in store,directed,nike_820200_1004
nike,345497,a professional photo of the nike t-shirt in motion,directed,nike_345497_1005
nike,958718,a realistic photo of the nike t-shirt on street during daytime,directed,nike_958718_1006
nike,117386,a professional photo of the nike t-shirt with reflection on surface,directed,nike_117386_1007
nike,741877,a realistic photo of the nike shoe on a white background,directed,nike_741877_1008
nike,834515,a soft-lit photo of the nike shoe next to modern building,directed,nike_834515_1009
nike,385774,a vibrant photo of the nike t-shirt on runway,directed,nike_385774_1010
nike,642607,a vibrant photo of the nike t-shirt in a studio setting,directed,nike_642607_1011
nike,349198,a minimalist photo of the nike shoe under bright sunlight,directed,nike_349198_1012
nike,365940,a modern photo of the nike t-shirt under bright sunlight,directed,nike_365940_1013
nike,759587,a realistic photo of the nike t-shirt on runway,directed,nike_759587_1014
nike,576818,a modern photo of the nike shoe in desert environment,directed,nike_576818_1015
nike,845722,a studio-style photo of the nike shoe with blurred background,directed,nike_845722_1016
nike,189244,a studio-style photo of the nike t-shirt on street during daytime,directed,nike_189244_1017
nike,393481,a modern photo of the nike shoe with blurred background,directed,nike_393481_1018
nike,764217,a soft-lit photo of the nike shoe in motion,directed,nike_764217_1019
nike,889751,a detailed photo of the nike shoe at airport gate,directed,nike_889751_1020
nike,600294,a professional photo of the nike t-shirt on street during daytime,directed,nike_600294_1021
nike,527013,a realistic photo of the nike t-shirt on street during daytime,directed,nike_527013_1022
nike,490236,a detailed photo of the nike t-shirt with blurred background,directed,nike_490236_1023
nike,494546,a high-quality photo of the nike shoe with reflection on surface,directed,nike_494546_1024
nike,221386,a studio-style photo of the nike t-shirt with reflection on surface,directed,nike_221386_1025
nike,61087,a vibrant photo of the nike t-shirt next to modern building,directed,nike_61087_1026
nike,977373,a professional photo of the nike t-shirt on street during daytime,directed,nike_977373_1027
nike,226321,a vibrant photo of the nike t-shirt under bright sunlight,directed,nike_226321_1028
nike,181287,a detailed photo of the nike t-shirt on street during daytime,directed,nike_181287_1029
nike,554739,a realistic photo of the nike t-shirt on display in store,directed,nike_554739_1030
nike,300103,a cinematic photo of the nike t-shirt with blurred background,directed,nike_300103_1031
nike,98866,a realistic photo of the nike t-shirt next to modern building,directed,nike_98866_1032
nike,925523,a studio-style photo of the nike shoe in desert environment,directed,nike_925523_1033
nike,579097,a cinematic photo of the nike shoe with blurred background,directed,nike_579097_1034
nike,267732,a modern photo of the nike t-shirt under bright sunlight,directed,nike_267732_1035
nike,374488,a professional photo of the nike shoe at night with city lights,directed,nike_374488_1036
nike,455089,a detailed photo of the nike t-shirt on display in store,directed,nike_455089_1037
nike,174846,a realistic photo of the nike t-shirt at airport gate,directed,nike_174846_1038
nike,495292,a modern photo of the nike t-shirt at night with city lights,directed,nike_495292_1039
nike,135704,a studio-style photo of the nike shoe on runway,directed,nike_135704_1040
nike,5220,a minimalist photo of the nike shoe at airport gate,directed,nike_5220_1041
nike,259468,a realistic photo of the nike t-shirt on runway,directed,nike_259468_1042
nike,295406,a modern photo of the nike t-shirt with blurred background,directed,nike_295406_1043
nike,580336,a professional photo of the nike shoe next to modern building,directed,nike_580336_1044
nike,678126,a high-quality photo of the nike shoe on display in store,directed,nike_678126_1045
nike,812800,a cinematic photo of the nike shoe in natural daylight,directed,nike_812800_1046
nike,625746,a detailed photo of the nike t-shirt in desert environment,directed,nike_625746_1047
nike,684450,a modern photo of the nike t-shirt on runway,directed,nike_684450_1048
adidas,509628,a realistic photo of the adidas t-shirt with blurred background,directed,adidas_509628_1049
adidas,206358,a studio-style photo of the adidas t-shirt in a studio setting,directed,adidas_206358_1050
adidas,332525,a soft-lit photo of the adidas t-shirt with blurred background,directed,adidas_332525_1051
adidas,404425,a minimalist photo of the adidas t-shirt at night with city lights,directed,adidas_404425_1052
adidas,964738,a cinematic photo of the adidas t-shirt on display in store,directed,adidas_964738_1053
adidas,209031,a modern photo of the adidas t-shirt in natural daylight,directed,adidas_209031_1054
adidas,72671,a realistic photo of the adidas t-shirt on street during daytime,directed,adidas_72671_1055
adidas,802819,a modern photo of the adidas t-shirt in natural daylight,directed,adidas_802819_1056
adidas,377310,a detailed photo of the adidas t-shirt in motion,directed,adidas_377310_1057
adidas,98131,a vibrant photo of the adidas t-shirt on display in store,directed,adidas_98131_1058
adidas,576706,a vibrant photo of the adidas t-shirt at night with city lights,directed,adidas_576706_1059
adidas,766536,a soft-lit photo of the adidas t-shirt on street during daytime,directed,adidas_766536_1060
adidas,969418,a high-quality photo of the adidas t-shirt in a restaurant interior,directed,adidas_969418_1061
adidas,277911,a high-quality photo of the adidas shoe on runway,directed,adidas_277911_1062
adidas,610180,a professional photo of the adidas t-shirt in a restaurant interior,directed,adidas_610180_1063
adidas,396739,a realistic photo of the adidas t-shirt in desert environment,directed,adidas_396739_1064
adidas,70293,a modern photo of the adidas shoe with reflection on surface,directed,adidas_70293_1065
adidas,812999,a cinematic photo of the adidas t-shirt under bright sunlight,directed,adidas_812999_1066
adidas,473427,a vibrant photo of the adidas t-shirt in motion,directed,adidas_473427_1067
adidas,337670,a minimalist photo of the adidas t-shirt with reflection on surface,directed,adidas_337670_1068
adidas,507198,a detailed photo of the adidas shoe in motion,directed,adidas_507198_1069
adidas,356345,a modern photo of the adidas t-shirt in a restaurant interior,directed,adidas_356345_1070
adidas,548771,a detailed photo of the adidas t-shirt in desert environment,directed,adidas_548771_1071
adidas,620126,a high-quality photo of the adidas shoe with reflection on surface,directed,adidas_620126_1072
adidas,985231,a soft-lit photo of the adidas t-shirt in a studio setting,directed,adidas_985231_1073
adidas,981396,a modern photo of the adidas t-shirt on a white background,directed,adidas_981396_1074
adidas,580183,a professional photo of the adidas t-shirt at night with city lights,directed,adidas_580183_1075
adidas,427563,a professional photo of the adidas t-shirt on a white background,directed,adidas_427563_1076
adidas,583841,a detailed photo of the adidas t-shirt at night with city lights,directed,adidas_583841_1077
adidas,890211,a high-quality photo of the adidas shoe under bright sunlight,directed,adidas_890211_1078
adidas,827359,a minimalist photo of the adidas t-shirt in desert environment,directed,adidas_827359_1079
adidas,445396,a minimalist photo of the adidas t-shirt on runway,directed,adidas_445396_1080
adidas,672956,a cinematic photo of the adidas t-shirt in motion,directed,adidas_672956_1081
adidas,848055,a minimalist photo of the adidas t-shirt in desert environment,directed,adidas_848055_1082
adidas,66775,a detailed photo of the adidas t-shirt under bright sunlight,directed,adidas_66775_1083
adidas,533565,a realistic photo of the adidas t-shirt in desert environment,directed,adidas_533565_1084
adidas,109020,a minimalist photo of the adidas t-shirt in motion,directed,adidas_109020_1085
adidas,552714,a detailed photo of the adidas t-shirt on street during daytime,directed,adidas_552714_1086
adidas,828092,a studio-style photo of the adidas shoe in a restaurant interior,directed,adidas_828092_1087
adidas,885107,a realistic photo of the adidas t-shirt with reflection on surface,directed,adidas_885107_1088
adidas,41565,a detailed photo of the adidas t-shirt with blurred background,directed,adidas_41565_1089
adidas,494529,a professional photo of the adidas t-shirt in a restaurant interior,directed,adidas_494529_1090
adidas,444598,a vibrant photo of the adidas t-shirt in motion,directed,adidas_444598_1091
adidas,3487,a professional photo of the adidas t-shirt in desert environment,directed,adidas_3487_1092
adidas,192619,a professional photo of the adidas shoe on display in store,directed,adidas_192619_1093
adidas,855823,a high-quality photo of the adidas shoe in desert environment,directed,adidas_855823_1094
adidas,32931,a vibrant photo of the adidas t-shirt in natural daylight,directed,adidas_32931_1095
adidas,678063,a realistic photo of the adidas t-shirt with blurred background,directed,adidas_678063_1096
adidas,883863,a professional photo of the adidas t-shirt with reflection on surface,directed,adidas_883863_1097
adidas,875749,a cinematic photo of the adidas shoe under bright sunlight,directed,adidas_875749_1098
adidas,406345,a realistic photo of the adidas t-shirt on display in store,directed,adidas_406345_1099
adidas,662415,a soft-lit photo of the adidas t-shirt in a restaurant interior,directed,adidas_662415_1100
adidas,874521,a modern photo of the adidas t-shirt under bright sunlight,directed,adidas_874521_1101
adidas,528034,a studio-style photo of the adidas t-shirt in motion,directed,adidas_528034_1102
puma,141800,a soft-lit photo of the puma t-shirt at night with city lights,directed,puma_141800_1103
puma,807066,a modern photo of the puma t-shirt in natural daylight,directed,puma_807066_1104
puma,680152,a modern photo of the puma t-shirt next to modern building,directed,puma_680152_1105
puma,272649,a detailed photo of the puma t-shirt on street during daytime,directed,puma_272649_1106
puma,611714,a realistic photo of the puma t-shirt next to modern building,directed,puma_611714_1107
puma,589696,a cinematic photo of the puma shoe on display in store,directed,puma_589696_1108
puma,213093,a soft-lit photo of the puma t-shirt on street during daytime,directed,puma_213093_1109
puma,845547,a professional photo of the puma t-shirt in natural daylight,directed,puma_845547_1110
puma,798197,a vibrant photo of the puma t-shirt in a restaurant interior,directed,puma_798197_1111
puma,866366,a vibrant photo of the puma t-shirt in a studio setting,directed,puma_866366_1112
puma,567009,a modern photo of the puma t-shirt in a studio setting,directed,puma_567009_1113
puma,163287,a high-quality photo of the puma t-shirt on a white background,directed,puma_163287_1114
puma,172052,a soft-lit photo of the puma shoe with reflection on surface,directed,puma_172052_1115
puma,754973,a high-quality photo of the puma t-shirt next to modern building,directed,puma_754973_1116
puma,427529,a studio-style photo of the puma t-shirt under bright sunlight,directed,puma_427529_1117
puma,830250,a professional photo of the puma t-shirt at airport gate,directed,puma_830250_1118
puma,644632,a realistic photo of the puma t-shirt at night with city lights,directed,puma_644632_1119
puma,443579,a modern photo of the puma t-shirt on a white background,directed,puma_443579_1120
puma,956068,a detailed photo of the puma shoe on a white background,directed,puma_956068_1121
puma,509808,a modern photo of the puma t-shirt on runway,directed,puma_509808_1122
puma,279622,a studio-style photo of the puma t-shirt on street during daytime,directed,puma_279622_1123
puma,33069,a minimalist photo of the puma t-shirt on a white background,directed,puma_33069_1124
puma,819623,a professional photo of the puma t-shirt next to modern building,directed,puma_819623_1125
puma,259306,a modern photo of the puma t-shirt in desert environment,directed,puma_259306_1126
puma,375379,a soft-lit photo of the puma shoe with blurred background,directed,puma_375379_1127
puma,869090,a modern photo of the puma shoe at airport gate,directed,puma_869090_1128
puma,789648,a high-quality photo of the puma t-shirt in a restaurant interior,directed,puma_789648_1129
puma,8656,a vibrant photo of the puma t-shirt at airport gate,directed,puma_8656_1130
puma,112463,a cinematic photo of the puma t-shirt in motion,directed,puma_112463_1131
puma,115933,a modern photo of the puma t-shirt under bright sunlight,directed,puma_115933_1132
puma,122561,a vibrant photo of the puma shoe in motion,directed,puma_122561_1133
puma,502411,a soft-lit photo of the puma shoe in desert environment,directed,puma_502411_1134
puma,571321,a realistic photo of the puma shoe on display in store,directed,puma_571321_1135
puma,382398,a high-quality photo of the puma t-shirt with blurred background,directed,puma_382398_1136
puma,639541,a high-quality photo of the puma t-shirt on a white background,directed,puma_639541_1137
puma,257523,a minimalist photo of the puma t-shirt next to modern building,directed,puma_257523_1138
puma,461349,a vibrant photo of the puma t-shirt in natural daylight,directed,puma_461349_1139
puma,219064,a high-quality photo of the puma t-shirt in motion,directed,puma_219064_1140
puma,294136,a detailed photo of the puma t-shirt next to modern building,directed,puma_294136_1141
puma,273373,a minimalist photo of the puma t-shirt in natural daylight,directed,puma_273373_1142
puma,7266,a soft-lit photo of the puma t-shirt with blurred background,directed,puma_7266_1143
puma,879848,a realistic photo of the puma t-shirt under bright sunlight,directed,puma_879848_1144
puma,910380,a soft-lit photo of the puma t-shirt with blurred background,directed,puma_910380_1145
puma,620968,a detailed photo of the puma t-shirt under bright sunlight,directed,puma_620968_1146
puma,801458,a soft-lit photo of the puma t-shirt on display in store,directed,puma_801458_1147
puma,509431,a cinematic photo of the puma t-shirt at night with city lights,directed,puma_509431_1148
puma,661430,a detailed photo of the puma shoe under bright sunlight,directed,puma_661430_1149
puma,144082,a cinematic photo of the puma t-shirt on runway,directed,puma_144082_1150
puma,856869,a professional photo of the puma t-shirt in a studio setting,directed,puma_856869_1151
coca-cola,854510,a vibrant photo of the coca-cola bottle at night with city lights,directed,coca-cola_854510_1152
coca-cola,149438,a vibrant photo of the coca-cola bottle next to modern building,directed,coca-cola_149438_1153
coca-cola,552014,a vibrant photo of the coca-cola bottle on street during daytime,directed,coca-cola_552014_1154
coca-cola,618760,a studio-style photo of the coca-cola bottle under bright sunlight,directed,coca-cola_618760_1155
coca-cola,738308,a soft-lit photo of the coca-cola bottle on runway,directed,coca-cola_738308_1156
coca-cola,42803,a high-quality photo of the coca-cola bottle in motion,directed,coca-cola_42803_1157
coca-cola,455869,a realistic photo of the coca-cola bottle on display in store,directed,coca-cola_455869_1158
coca-cola,479639,a detailed photo of the coca-cola bottle at night with city lights,directed,coca-cola_479639_1159
coca-cola,766815,a professional photo of the coca-cola bottle under bright sunlight,directed,coca-cola_766815_1160
coca-cola,326363,a vibrant photo of the coca-cola bottle next to modern building,directed,coca-cola_326363_1161
coca-cola,275840,a high-quality photo of the coca-cola bottle on street during daytime,directed,coca-cola_275840_1162
coca-cola,758986,a minimalist photo of the coca-cola bottle in natural daylight,directed,coca-cola_758986_1163
coca-cola,267607,a studio-style photo of the coca-cola bottle at airport gate,directed,coca-cola_267607_1164
coca-cola,265208,a realistic photo of the coca-cola bottle at night with city lights,directed,coca-cola_265208_1165
coca-cola,136493,a high-quality photo of the coca-cola bottle on runway,directed,coca-cola_136493_1166
coca-cola,402550,a minimalist photo of the coca-cola bottle on a white background,directed,coca-cola_402550_1167
coca-cola,609451,a vibrant photo of the coca-cola bottle with blurred background,directed,coca-cola_609451_1168
coca-cola,213174,a high-quality photo of the coca-cola bottle in natural daylight,directed,coca-cola_213174_1169
coca-cola,375117,a studio-style photo of the coca-cola bottle on runway,directed,coca-cola_375117_1170
coca-cola,723681,a modern photo of the coca-cola bottle in motion,directed,coca-cola_723681_1171
coca-cola,301688,a cinematic photo of the coca-cola bottle on display in store,directed,coca-cola_301688_1172
coca-cola,879319,a studio-style photo of the coca-cola bottle next to modern building,directed,coca-cola_879319_1173
coca-cola,667574,a soft-lit photo of the coca-cola bottle in natural daylight,directed,coca-cola_667574_1174
coca-cola,136194,a modern photo of the coca-cola bottle in desert environment,directed,coca-cola_136194_1175
coca-cola,476354,a soft-lit photo of the coca-cola bottle with blurred background,directed,coca-cola_476354_1176
coca-cola,359041,a detailed photo of the coca-cola bottle in a restaurant interior,directed,coca-cola_359041_1177
coca-cola,634006,a vibrant photo of the coca-cola bottle in motion,directed,coca-cola_634006_1178
coca-cola,345845,a high-quality photo of the coca-cola bottle on street during daytime,directed,coca-cola_345845_1179
coca-cola,337899,a modern photo of the coca-cola bottle with blurred background,directed,coca-cola_337899_1180
coca-cola,617179,a soft-lit photo of the coca-cola bottle at night with city lights,directed,coca-cola_617179_1181
coca-cola,235288,a detailed photo of the coca-cola bottle on display in store,directed,coca-cola_235288_1182
coca-cola,818108,a detailed photo of the coca-cola bottle in motion,directed,coca-cola_818108_1183
coca-cola,496811,a studio-style photo of the coca-cola bottle at night with city lights,directed,coca-cola_496811_1184
coca-cola,520796,a studio-style photo of the coca-cola bottle at airport gate,directed,coca-cola_520796_1185
coca-cola,380642,a studio-style photo of the coca-cola bottle in a studio setting,directed,coca-cola_380642_1186
coca-cola,359049,a soft-lit photo of the coca-cola bottle on street during daytime,directed,coca-cola_359049_1187
coca-cola,324832,a minimalist photo of the coca-cola bottle at airport gate,directed,coca-cola_324832_1188
coca-cola,317847,a cinematic photo of the coca-cola bottle on street during daytime,directed,coca-cola_317847_1189
coca-cola,337679,a cinematic photo of the coca-cola bottle under bright sunlight,directed,coca-cola_337679_1190
coca-cola,500486,a high-quality photo of the coca-cola bottle next to modern building,directed,coca-cola_500486_1191
coca-cola,813457,a modern photo of the coca-cola bottle at airport gate,directed,coca-cola_813457_1192
coca-cola,641923,a realistic photo of the coca-cola bottle in motion,directed,coca-cola_641923_1193
coca-cola,323033,a cinematic photo of the coca-cola bottle with blurred background,directed,coca-cola_323033_1194
coca-cola,644299,a detailed photo of the coca-cola bottle in desert environment,directed,coca-cola_644299_1195
coca-cola,258215,a cinematic photo of the coca-cola bottle in desert environment,directed,coca-cola_258215_1196
coca-cola,840329,a professional photo of the coca-cola bottle at airport gate,directed,coca-cola_840329_1197
coca-cola,280456,a cinematic photo of the coca-cola bottle with blurred background,directed,coca-cola_280456_1198
coca-cola,490479,a realistic photo of the coca-cola bottle on street during daytime,directed,coca-cola_490479_1199
coca-cola,324986,a studio-style photo of the coca-cola bottle in desert environment,directed,coca-cola_324986_1200
coca-cola,782755,a detailed photo of the coca-cola bottle in desert environment,directed,coca-cola_782755_1201
coca-cola,730575,a minimalist photo of the coca-cola bottle in a studio setting,directed,coca-cola_730575_1202
coca-cola,955452,a professional photo of the coca-cola bottle on display in store,directed,coca-cola_955452_1203
coca-cola,407894,a vibrant photo of the coca-cola bottle in motion,directed,coca-cola_407894_1204
coca-cola,820128,a modern photo of the coca-cola bottle with blurred background,directed,coca-cola_820128_1205
coca-cola,343679,a vibrant photo of the coca-cola bottle on street during daytime,directed,coca-cola_343679_1206
coca-cola,553235,a detailed photo of the coca-cola bottle at night with city lights,directed,coca-cola_553235_1207
mcdonalds,849075,a studio-style photo of the mcdonalds restaurant with reflection on surface,directed,mcdonalds_849075_1208
mcdonalds,906404,a minimalist photo of the mcdonalds restaurant on street during daytime,directed,mcdonalds_906404_1209
mcdonalds,873486,a modern photo of the mcdonalds restaurant on display in store,directed,mcdonalds_873486_1210
mcdonalds,483549,a vibrant photo of the mcdonalds restaurant in a restaurant interior,directed,mcdonalds_483549_1211
mcdonalds,483276,a minimalist photo of the mcdonalds restaurant on display in store,directed,mcdonalds_483276_1212
mcdonalds,689876,a vibrant photo of the mcdonalds restaurant with reflection on surface,directed,mcdonalds_689876_1213
mcdonalds,30339,a minimalist photo of the mcdonalds restaurant with reflection on surface,directed,mcdonalds_30339_1214
mcdonalds,229017,a detailed photo of the mcdonalds restaurant in a restaurant interior,directed,mcdonalds_229017_1215
mcdonalds,193073,a high-quality photo of the mcdonalds restaurant in a studio setting,directed,mcdonalds_193073_1216
mcdonalds,602003,a high-quality photo of the mcdonalds restaurant on display in store,directed,mcdonalds_602003_1217
mcdonalds,702900,a soft-lit photo of the mcdonalds restaurant in motion,directed,mcdonalds_702900_1218
mcdonalds,842640,a cinematic photo of the mcdonalds restaurant next to modern building,directed,mcdonalds_842640_1219
mcdonalds,725701,a realistic photo of the mcdonalds restaurant under bright sunlight,directed,mcdonalds_725701_1220
mcdonalds,765775,a professional photo of the mcdonalds restaurant on street during daytime,directed,mcdonalds_765775_1221
mcdonalds,922715,a soft-lit photo of the mcdonalds restaurant under bright sunlight,directed,mcdonalds_922715_1222
mcdonalds,407858,a vibrant photo of the mcdonalds burger at night with city lights,directed,mcdonalds_407858_1223
mcdonalds,237514,a cinematic photo of the mcdonalds restaurant in natural daylight,directed,mcdonalds_237514_1224
mcdonalds,201383,a minimalist photo of the mcdonalds restaurant next to modern building,directed,mcdonalds_201383_1225
mcdonalds,686445,a minimalist photo of the mcdonalds restaurant with blurred background,directed,mcdonalds_686445_1226
mcdonalds,484202,a high-quality photo of the mcdonalds restaurant at night with city lights,directed,mcdonalds_484202_1227
mcdonalds,400591,a cinematic photo of the mcdonalds restaurant on street during daytime,directed,mcdonalds_400591_1228
mcdonalds,648070,a professional photo of the mcdonalds restaurant on a white background,directed,mcdonalds_648070_1229
mcdonalds,705285,a modern photo of the mcdonalds restaurant on runway,directed,mcdonalds_705285_1230
mcdonalds,135675,a studio-style photo of the mcdonalds restaurant in a studio setting,directed,mcdonalds_135675_1231
mcdonalds,690706,a studio-style photo of the mcdonalds restaurant in motion,directed,mcdonalds_690706_1232
mcdonalds,364736,a realistic photo of the mcdonalds restaurant on a white background,directed,mcdonalds_364736_1233
mcdonalds,643691,a detailed photo of the mcdonalds restaurant on display in store,directed,mcdonalds_643691_1234
mcdonalds,799799,a soft-lit photo of the mcdonalds restaurant next to modern building,directed,mcdonalds_799799_1235
mcdonalds,370545,a studio-style photo of the mcdonalds burger on runway,directed,mcdonalds_370545_1236
mcdonalds,334887,a professional photo of the mcdonalds restaurant in motion,directed,mcdonalds_334887_1237
mcdonalds,238997,a soft-lit photo of the mcdonalds restaurant under bright sunlight,directed,mcdonalds_238997_1238
mcdonalds,938413,a modern photo of the mcdonalds restaurant in desert environment,directed,mcdonalds_938413_1239
mcdonalds,409857,a vibrant photo of the mcdonalds burger under bright sunlight,directed,mcdonalds_409857_1240
mcdonalds,76573,a studio-style photo of the mcdonalds burger at airport gate,directed,mcdonalds_76573_1241
mcdonalds,792619,a vibrant photo of the mcdonalds burger in natural daylight,directed,mcdonalds_792619_1242
mcdonalds,193949,a cinematic photo of the mcdonalds restaurant in natural daylight,directed,mcdonalds_193949_1243
mcdonalds,264839,a minimalist photo of the mcdonalds restaurant in natural daylight,directed,mcdonalds_264839_1244
mcdonalds,521146,a studio-style photo of the mcdonalds restaurant next to modern building,directed,mcdonalds_521146_1245
mcdonalds,64254,a cinematic photo of the mcdonalds restaurant with blurred background,directed,mcdonalds_64254_1246
mcdonalds,145807,a realistic photo of the mcdonalds restaurant at night with city lights,directed,mcdonalds_145807_1247
mcdonalds,110062,a modern photo of the mcdonalds burger at night with city lights,directed,mcdonalds_110062_1248
mcdonalds,884312,a cinematic photo of the mcdonalds restaurant with reflection on surface,directed,mcdonalds_884312_1249
mcdonalds,313963,a minimalist photo of the mcdonalds restaurant in a studio setting,directed,mcdonalds_313963_1250
mcdonalds,460664,a high-quality photo of the mcdonalds restaurant next to modern building,directed,mcdonalds_460664_1251
mcdonalds,32992,a modern photo of the mcdonalds restaurant at airport gate,directed,mcdonalds_32992_1252
mcdonalds,254410,a modern photo of the mcdonalds restaurant with blurred background,directed,mcdonalds_254410_1253
mcdonalds,833862,a soft-lit photo of the mcdonalds restaurant in a studio setting,directed,mcdonalds_833862_1254
mcdonalds,857510,a minimalist photo of the mcdonalds restaurant under bright sunlight,directed,mcdonalds_857510_1255
mcdonalds,60263,a studio-style photo of the mcdonalds restaurant on display in store,directed,mcdonalds_60263_1256
mcdonalds,600905,a detailed photo of the mcdonalds restaurant in motion,directed,mcdonalds_600905_1257
mcdonalds,456439,a cinematic photo of the mcdonalds restaurant on street during daytime,directed,mcdonalds_456439_1258
mcdonalds,970273,a soft-lit photo of the mcdonalds restaurant in a studio setting,directed,mcdonalds_970273_1259
mcdonalds,773385,a detailed photo of the mcdonalds restaurant at night with city lights,directed,mcdonalds_773385_1260
monster,573591,a minimalist photo of the monster energy drink at night with city lights,directed,monster_573591_1261
monster,945164,a vibrant photo of the monster energy drink on a white background,directed,monster_945164_1262
monster,32466,a minimalist photo of the monster can in motion,directed,monster_32466_1263
monster,668667,a detailed photo of the monster can on display in store,directed,monster_668667_1264
monster,140548,a professional photo of the monster can in a studio setting,directed,monster_140548_1265
monster,524121,a minimalist photo of the monster can on runway,directed,monster_524121_1266
monster,709800,a modern photo of the monster energy drink at night with city lights,directed,monster_709800_1267
monster,832553,a high-quality photo of the monster can on street during daytime,directed,monster_832553_1268
monster,844210,a minimalist photo of the monster can at airport gate,directed,monster_844210_1269
monster,921013,a high-quality photo of the monster can in a studio setting,directed,monster_921013_1270
monster,393527,a cinematic photo of the monster can in a restaurant interior,directed,monster_393527_1271
monster,727803,a soft-lit photo of the monster can in natural daylight,directed,monster_727803_1272
monster,174472,a cinematic photo of the monster can in motion,directed,monster_174472_1273
monster,403012,a detailed photo of the monster can on a white background,directed,monster_403012_1274
monster,352989,a minimalist photo of the monster energy drink under bright sunlight,directed,monster_352989_1275
monster,567795,a realistic photo of the monster energy drink at airport gate,directed,monster_567795_1276
monster,514633,a soft-lit photo of the monster energy drink in a restaurant interior,directed,monster_514633_1277
monster,829234,a studio-style photo of the monster can in natural daylight,directed,monster_829234_1278
monster,204319,a studio-style photo of the monster can on runway,directed,monster_204319_1279
monster,881733,a modern photo of the monster can under bright sunlight,directed,monster_881733_1280
monster,343783,a high-quality photo of the monster can with blurred background,directed,monster_343783_1281
monster,699639,a modern photo of the monster can in motion,directed,monster_699639_1282
monster,562176,a modern photo of the monster energy drink in a studio setting,directed,monster_562176_1283
monster,948629,a studio-style photo of the monster can on runway,directed,monster_948629_1284
monster,985677,a soft-lit photo of the monster can with blurred background,directed,monster_985677_1285
monster,694670,a studio-style photo of the monster can in natural daylight,directed,monster_694670_1286
monster,597096,a cinematic photo of the monster can on display in store,directed,monster_597096_1287
monster,49642,a vibrant photo of the monster energy drink with blurred background,directed,monster_49642_1288
monster,525410,a studio-style photo of the monster can in desert environment,directed,monster_525410_1289
monster,323997,a modern photo of the monster can in motion,directed,monster_323997_1290
monster,303845,a minimalist photo of the monster can at airport gate,directed,monster_303845_1291
monster,887106,a studio-style photo of the monster energy drink with blurred background,directed,monster_887106_1292
monster,597388,a modern photo of the monster energy drink on display in store,directed,monster_597388_1293
monster,885109,a minimalist photo of the monster energy drink with blurred background,directed,monster_885109_1294
monster,517116,a high-quality photo of the monster energy drink on runway,directed,monster_517116_1295
monster,614136,a studio-style photo of the monster can on runway,directed,monster_614136_1296
monster,905943,a realistic photo of the monster energy drink next to modern building,directed,monster_905943_1297
monster,372127,a professional photo of the monster energy drink in desert environment,directed,monster_372127_1298
monster,887242,a high-quality photo of the monster can with reflection on surface,directed,monster_887242_1299
monster,597210,a studio-style photo of the monster can on runway,directed,monster_597210_1300
monster,357181,a studio-style photo of the monster can on runway,directed,monster_357181_1301
monster,851908,a detailed photo of the monster can on a white background,directed,monster_851908_1302
monster,560694,a minimalist photo of the monster can in motion,directed,monster_560694_1303
monster,922643,a high-quality photo of the monster energy drink next to modern building,directed,monster_922643_1304
monster,921878,a high-quality photo of the monster energy drink with blurred background,directed,monster_921878_1305
monster,983260,a professional photo of the monster can at airport gate,directed,monster_983260_1306
monster,671120,a cinematic photo of the monster can on display in store,directed,monster_671120_1307
monster,369421,a vibrant photo of the monster can in natural daylight,directed,monster_369421_1308
monster,522139,a detailed photo of the monster can on a white background,directed,monster_522139_1309
monster,616847,a modern photo of the monster can on runway,directed,monster_616847_1310
monster,114646,a modern photo of the monster can with blurred background,directed,monster_114646_1311
monster,509961,a realistic photo of the monster energy drink in natural daylight,directed,monster_509961_1312
monster,735830,a soft-lit photo of the monster can on runway,directed,monster_735830_1313
monster,205494,a minimalist photo of the monster energy drink under bright sunlight,directed,monster_205494_1314
monster,258389,a soft-lit photo of the monster energy drink in a restaurant interior,directed,monster_258389_1315
monster,514658,a soft-lit photo of the monster energy drink on street during daytime,directed,monster_514658_1316
monster,692952,a soft-lit photo of the monster energy drink on a white background,directed,monster_692952_1317
bmw,1981,"A aggressive sedan featuring sport-inspired diffuser, aerodynamic silhouette, and sharply defined body lines, captured in on a racetrack under with cinematic lighting, rendered in photorealistic render.",biased,bmw_1981_1318
bmw,1764,"A aggressive coupe featuring sport-inspired diffuser, low aggressive front end, and dynamic LED headlights, captured in in a modern studio under with studio flash reflections, rendered in photorealistic render.",biased,bmw_1764_1319
bmw,1086,"A aggressive coupe featuring high-gloss black details, performance-oriented stance, and aerodynamic silhouette, captured in on a racetrack under during golden hour, rendered in 8k ultra-detailed shot.",biased,bmw_1086_1320
bmw,1442,"A aggressive sedan featuring dynamic LED headlights, performance-oriented stance, and sharply defined body lines, captured in in a night city scene under during golden hour, rendered in photorealistic render.",biased,bmw_1442_1321
bmw,1842,"A sporty sedan featuring high-gloss black details, aerodynamic silhouette, and dynamic LED headlights, captured in in a modern studio under with studio flash reflections, rendered in photorealistic render.",biased,bmw_1842_1322
bmw,1455,"A elegant SUV featuring high-gloss black details, blue and white accents, and low aggressive front end, captured in in a modern studio under with cinematic lighting, rendered in 8k ultra-detailed shot.",biased,bmw_1455_1323
bmw,1541,"A aggressive SUV featuring aerodynamic silhouette, performance-oriented stance, and twin-kidney front grille, captured in in a modern studio under under soft daylight, rendered in cinematic film still.",biased,bmw_1541_1324
bmw,1601,"A sporty sedan featuring dynamic LED headlights, high-gloss black details, and performance-oriented stance, captured in in a futuristic showroom under with studio flash reflections, rendered in cinematic film still.",biased,bmw_1601_1325
bmw,1534,"A elegant sedan featuring dynamic LED headlights, performance-oriented stance, and low aggressive front end, captured in on a racetrack under during golden hour, rendered in 8k ultra-detailed shot.",biased,bmw_1534_1326
bmw,1742,"A elegant SUV featuring high-gloss black details, low aggressive front end, and twin-kidney front grille, captured in on a racetrack under with cinematic lighting, rendered in photorealistic render.",biased,bmw_1742_1327
bmw,1945,"A modern roadster featuring blue and white accents, muscular wheel arches, and low aggressive front end, captured in in a modern studio under with cinematic lighting, rendered in photorealistic render.",biased,bmw_1945_1328
bmw,1866,"A aggressive SUV featuring muscular wheel arches, high-gloss black details, and blue and white accents, captured in on a racetrack under with studio flash reflections, rendered in cinematic film still.",biased,bmw_1866_1329
bmw,1396,"A aggressive SUV featuring dynamic LED headlights, performance-oriented stance, and sport-inspired diffuser, captured in in a night city scene under with studio flash reflections, rendered in photorealistic render.",biased,bmw_1396_1330
bmw,1429,"A sporty coupe featuring twin-kidney front grille, high-gloss black details, and muscular wheel arches, captured in in a modern studio under under soft daylight, rendered in photorealistic render.",biased,bmw_1429_1331
bmw,1777,"A sporty SUV featuring high-gloss black details, muscular wheel arches, and sport-inspired diffuser, captured in in a futuristic showroom under with studio flash reflections, rendered in cinematic film still.",biased,bmw_1777_1332
bmw,1322,"A sporty sedan featuring blue and white accents, sport-inspired diffuser, and low aggressive front end, captured in on a racetrack under under soft daylight, rendered in concept car render.",biased,bmw_1322_1333
bmw,1539,"A sporty sedan featuring dynamic LED headlights, blue and white accents, and aerodynamic silhouette, captured in in a night city scene under with studio flash reflections, rendered in 8k ultra-detailed shot.",biased,bmw_1539_1334
bmw,1469,"A sporty sedan featuring muscular wheel arches, sport-inspired diffuser, and twin-kidney front grille, captured in on a racetrack under with studio flash reflections, rendered in 8k ultra-detailed shot.",biased,bmw_1469_1335
bmw,1233,"A luxury sedan featuring high-gloss black details, twin-kidney front grille, and blue and white accents, captured in in a night city scene under with cinematic lighting, rendered in 8k ultra-detailed shot.",biased,bmw_1233_1336
bmw,1232,"A luxury sedan featuring high-gloss black details, low aggressive front end, and sharply defined body lines, captured in in a night city scene under with cinematic lighting, rendered in 8k ultra-detailed shot.",biased,bmw_1232_1337
bmw,1037,"A aggressive coupe featuring aerodynamic silhouette, performance-oriented stance, and high-gloss black details, captured in in a modern studio under with cinematic lighting, rendered in photorealistic render.",biased,bmw_1037_1338
bmw,1959,"A sporty sedan featuring high-gloss black details, low aggressive front end, and performance-oriented stance, captured in on a racetrack under with studio flash reflections, rendered in photorealistic render.",biased,bmw_1959_1339
bmw,1294,"A sporty SUV featuring low aggressive front end, dynamic LED headlights, and sport-inspired diffuser, captured in in a modern studio under with cinematic lighting, rendered in photorealistic render.",biased,bmw_1294_1340
bmw,1666,"A elegant sedan featuring aerodynamic silhouette, muscular wheel arches, and twin-kidney front grille, captured in in a night city scene under with studio flash reflections, rendered in photorealistic render.",biased,bmw_1666_1341
bmw,1143,"A modern sedan featuring sport-inspired diffuser, aerodynamic silhouette, and performance-oriented stance, captured in in a night city scene under during golden hour, rendered in photorealistic render.",biased,bmw_1143_1342
bmw,1145,"A sporty sedan featuring high-gloss black details, sharply defined body lines, and sport-inspired diffuser, captured in on a mountain road under with cinematic lighting, rendered in cinematic film still.",biased,bmw_1145_1343
bmw,1676,"A luxury sedan featuring sport-inspired diffuser, low aggressive front end, and sharply defined body lines, captured in in a night city scene under during golden hour, rendered in cinematic film still.",biased,bmw_1676_1344
bmw,1750,"A aggressive SUV featuring sharply defined body lines, sport-inspired diffuser, and high-gloss black details, captured in on a racetrack under under soft daylight, rendered in 8k ultra-detailed shot.",biased,bmw_1750_1345
bmw,1310,"A elegant sedan featuring low aggressive front end, sport-inspired diffuser, and high-gloss black details, captured in in a modern studio under with cinematic lighting, rendered in 8k ultra-detailed shot.",biased,bmw_1310_1346
bmw,1980,"A luxury sedan featuring high-gloss black details, twin-kidney front grille, and muscular wheel arches, captured in in a modern studio under during golden hour, rendered in photorealistic render.",biased,bmw_1980_1347
bmw,1579,"A sporty sedan featuring aerodynamic silhouette, sport-inspired diffuser, and high-gloss black details, captured in in a night city scene under with studio flash reflections, rendered in photorealistic render.",biased,bmw_1579_1348
bmw,1932,"A elegant sedan featuring high-gloss black details, muscular wheel arches, and low aggressive front end, captured in on a racetrack under during golden hour, rendered in photorealistic render.",biased,bmw_1932_1349
bmw,1782,"A aggressive sedan featuring sharply defined body lines, sport-inspired diffuser, and low aggressive front end, captured in on a racetrack under under soft daylight, rendered in photorealistic render.",biased,bmw_1782_1350
bmw,1891,"A sporty SUV featuring low aggressive front end, twin-kidney front grille, and aerodynamic silhouette, captured in on a mountain road under with studio flash reflections, rendered in photorealistic render.",biased,bmw_1891_1351
bmw,1832,"A aggressive sedan featuring low aggressive front end, performance-oriented stance, and dynamic LED headlights, captured in in a night city scene under with studio flash reflections, rendered in 8k ultra-detailed shot.",biased,bmw_1832_1352
bmw,1121,"A aggressive sedan featuring low aggressive front end, sharply defined body lines, and aerodynamic silhouette, captured in on a racetrack under with cinematic lighting, rendered in 8k ultra-detailed shot.",biased,bmw_1121_1353
bmw,1871,"A sporty SUV featuring performance-oriented stance, twin-kidney front grille, and muscular wheel arches, captured in in a futuristic showroom under with cinematic lighting, rendered in photorealistic render.",biased,bmw_1871_1354
bmw,1713,"A elegant sedan featuring performance-oriented stance, high-gloss black details, and sharply defined body lines, captured in in a modern studio under with cinematic lighting, rendered in photorealistic render.",biased,bmw_1713_1355
bmw,1950,"A sporty SUV featuring twin-kidney front grille, aerodynamic silhouette, and low aggressive front end, captured in in a modern studio under with studio flash reflections, rendered in photorealistic render.",biased,bmw_1950_1356
bmw,1611,"A modern sedan featuring aerodynamic silhouette, performance-oriented stance, and twin-kidney front grille, captured in in a night city scene under with studio flash reflections, rendered in 8k ultra-detailed shot.",biased,bmw_1611_1357
bmw,1287,"A modern sedan featuring twin-kidney front grille, dynamic LED headlights, and blue and white accents, captured in in a night city scene under during golden hour, rendered in cinematic film still.",biased,bmw_1287_1358
bmw,1095,"A aggressive SUV featuring performance-oriented stance, low aggressive front end, and blue and white accents, captured in on a mountain road under during golden hour, rendered in photorealistic render.",biased,bmw_1095_1359
bmw,1240,"A elegant coupe featuring high-gloss black details, dynamic LED headlights, and muscular wheel arches, captured in in a night city scene under with cinematic lighting, rendered in photorealistic render.",biased,bmw_1240_1360
bmw,1257,"A elegant sedan featuring performance-oriented stance, dynamic LED headlights, and blue and white accents, captured in in a modern studio under with studio flash reflections, rendered in 8k ultra-detailed shot.",biased,bmw_1257_1361
bmw,1714,"A sporty sedan featuring low aggressive front end, performance-oriented stance, and sport-inspired diffuser, captured in on a racetrack under with studio flash reflections, rendered in concept car render.",biased,bmw_1714_1362
bmw,1803,"A sporty sedan featuring low aggressive front end, performance-oriented stance, and dynamic LED headlights, captured in in a futuristic showroom under with cinematic lighting, rendered in 8k ultra-detailed shot.",biased,bmw_1803_1363
bmw,1046,"A aggressive sedan featuring high-gloss black details, aerodynamic silhouette, and muscular wheel arches, captured in on a racetrack under with cinematic lighting, rendered in photorealistic render.",biased,bmw_1046_1364
bmw,1075,"A sporty sedan featuring blue and white accents, aerodynamic silhouette, and sport-inspired diffuser, captured in on a racetrack under with cinematic lighting, rendered in 8k ultra-detailed shot.",biased,bmw_1075_1365
bmw,1521,"A modern SUV featuring dynamic LED headlights, muscular wheel arches, and low aggressive front end, captured in in a modern studio under with studio flash reflections, rendered in 8k ultra-detailed shot.",biased,bmw_1521_1366
bmw,1638,"A aggressive SUV featuring sharply defined body lines, sport-inspired diffuser, and muscular wheel arches, captured in on a racetrack under with studio flash reflections, rendered in cinematic film still.",biased,bmw_1638_1367
bmw,1319,"A aggressive SUV featuring muscular wheel arches, performance-oriented stance, and sport-inspired diffuser, captured in on a mountain road under under soft daylight, rendered in photorealistic render.",biased,bmw_1319_1368
bmw,1501,"A luxury sedan featuring sharply defined body lines, low aggressive front end, and high-gloss black details, captured in on a mountain road under with cinematic lighting, rendered in photorealistic render.",biased,bmw_1501_1369
bmw,1359,"A sporty SUV featuring sharply defined body lines, muscular wheel arches, and performance-oriented stance, captured in in a modern studio under during golden hour, rendered in cinematic film still.",biased,bmw_1359_1370
bmw,1827,"A sporty coupe featuring performance-oriented stance, twin-kidney front grille, and low aggressive front end, captured in in a night city scene under with cinematic lighting, rendered in cinematic film still.",biased,bmw_1827_1371
bmw,1093,"A aggressive sedan featuring dynamic LED headlights, low aggressive front end, and sport-inspired diffuser, captured in in a modern studio under with studio flash reflections, rendered in cinematic film still.",biased,bmw_1093_1372
bmw,1316,"A modern sedan featuring dynamic LED headlights, sharply defined body lines, and low aggressive front end, captured in on a racetrack under during golden hour, rendered in 8k ultra-detailed shot.",biased,bmw_1316_1373
bmw,1721,"A sporty sedan featuring twin-kidney front grille, high-gloss black details, and aerodynamic silhouette, captured in on a mountain road under during golden hour, rendered in photorealistic render.",biased,bmw_1721_1374
bmw,1078,"A aggressive sedan featuring performance-oriented stance, sharply defined body lines, and twin-kidney front grille, captured in in a modern studio under under soft daylight, rendered in photorealistic render.",biased,bmw_1078_1375
bmw,1124,"A aggressive SUV featuring blue and white accents, high-gloss black details, and dynamic LED headlights, captured in in a modern studio under under soft daylight, rendered in cinematic film still.",biased,bmw_1124_1376
bmw,1395,"A sporty sedan featuring high-gloss black details, dynamic LED headlights, and twin-kidney front grille, captured in in a modern studio under with studio flash reflections, rendered in photorealistic render.",biased,bmw_1395_1377
bmw,1483,"A sporty sedan featuring low aggressive front end, sport-inspired diffuser, and high-gloss black details, captured in in a futuristic showroom under with cinematic lighting, rendered in 8k ultra-detailed shot.",biased,bmw_1483_1378
bmw,1640,"A elegant sedan featuring sport-inspired diffuser, sharply defined body lines, and twin-kidney front grille, captured in in a night city scene under with studio flash reflections, rendered in photorealistic render.",biased,bmw_1640_1379
bmw,1671,"A elegant sedan featuring muscular wheel arches, twin-kidney front grille, and performance-oriented stance, captured in in a modern studio under with studio flash reflections, rendered in photorealistic render.",biased,bmw_1671_1380
bmw,1572,"A modern sedan featuring high-gloss black details, dynamic LED headlights, and performance-oriented stance, captured in in a modern studio under with studio flash reflections, rendered in photorealistic render.",biased,bmw_1572_1381
bmw,1002,"A modern SUV featuring performance-oriented stance, blue and white accents, and high-gloss black details, captured in on a mountain road under during golden hour, rendered in photorealistic render.",biased,bmw_1002_1382
bmw,1182,"A aggressive sedan featuring sharply defined body lines, twin-kidney front grille, and performance-oriented stance, captured in in a modern studio under with studio flash reflections, rendered in photorealistic render.",biased,bmw_1182_1383
bmw,1394,"A modern sedan featuring performance-oriented stance, dynamic LED headlights, and muscular wheel arches, captured in in a modern studio under with cinematic lighting, rendered in concept car render.",biased,bmw_1394_1384
bmw,1737,"A sporty SUV featuring low aggressive front end, aerodynamic silhouette, and twin-kidney front grille, captured in in a modern studio under with cinematic lighting, rendered in cinematic film still.",biased,bmw_1737_1385
bmw,1996,"A aggressive sedan featuring blue and white accents, high-gloss black details, and dynamic LED headlights, captured in on a racetrack under with studio flash reflections, rendered in photorealistic render.",biased,bmw_1996_1386
bmw,1089,"A sporty SUV featuring dynamic LED headlights, performance-oriented stance, and twin-kidney front grille, captured in in a night city scene under with studio flash reflections, rendered in photorealistic render.",biased,bmw_1089_1387
bmw,1590,"A elegant coupe featuring high-gloss black details, twin-kidney front grille, and dynamic LED headlights, captured in on a racetrack under with cinematic lighting, rendered in photorealistic render.",biased,bmw_1590_1388
bmw,1696,"A aggressive sedan featuring sport-inspired diffuser, aerodynamic silhouette, and muscular wheel arches, captured in in a modern studio under with cinematic lighting, rendered in photorealistic render.",biased,bmw_1696_1389
bmw,1417,"A elegant sedan featuring dynamic LED headlights, high-gloss black details, and performance-oriented stance, captured in on a mountain road under under soft daylight, rendered in 8k ultra-detailed shot.",biased,bmw_1417_1390
bmw,1136,"A aggressive coupe featuring dynamic LED headlights, blue and white accents, and low aggressive front end, captured in in a night city scene under under soft daylight, rendered in cinematic film still.",biased,bmw_1136_1391
bmw,1350,"A sporty SUV featuring blue and white accents, high-gloss black details, and twin-kidney front grille, captured in on a racetrack under with cinematic lighting, rendered in 8k ultra-detailed shot.",biased,bmw_1350_1392
bmw,1320,"A aggressive sedan featuring low aggressive front end, sport-inspired diffuser, and twin-kidney front grille, captured in on a racetrack under with studio flash reflections, rendered in 8k ultra-detailed shot.",biased,bmw_1320_1393
bmw,1533,"A aggressive SUV featuring performance-oriented stance, high-gloss black details, and dynamic LED headlights, captured in in a modern studio under with studio flash reflections, rendered in 8k ultra-detailed shot.",biased,bmw_1533_1394
bmw,1594,"A modern sedan featuring sharply defined body lines, sport-inspired diffuser, and high-gloss black details, captured in on a racetrack under with cinematic lighting, rendered in photorealistic render.",biased,bmw_1594_1395
bmw,1597,"A modern coupe featuring low aggressive front end, high-gloss black details, and twin-kidney front grille, captured in on a mountain road under during golden hour, rendered in cinematic film still.",biased,bmw_1597_1396
bmw,1427,"A sporty SUV featuring aerodynamic silhouette, high-gloss black details, and blue and white accents, captured in in a night city scene under with cinematic lighting, rendered in photorealistic render.",biased,bmw_1427_1397
bmw,1780,"A elegant sedan featuring performance-oriented stance, blue and white accents, and dynamic LED headlights, captured in in a modern studio under with studio flash reflections, rendered in 8k ultra-detailed shot.",biased,bmw_1780_1398
bmw,1330,"A aggressive sedan featuring muscular wheel arches, dynamic LED headlights, and performance-oriented stance, captured in in a futuristic showroom under under soft daylight, rendered in photorealistic render.",biased,bmw_1330_1399
bmw,1578,"A aggressive sedan featuring sport-inspired diffuser, muscular wheel arches, and performance-oriented stance, captured in in a futuristic showroom under with studio flash reflections, rendered in photorealistic render.",biased,bmw_1578_1400
coca-cola,1436,"A iconic soda can featuring realistic carbonation bubbles, glistening ice cubes, and vivid color contrast, captured in on a beach table under with cinematic reflections, rendered in ultra-detailed 8k product shot.",biased,coca-cola_1436_1401
coca-cola,1764,"A energetic soda can featuring vivid color contrast, condensation droplets, and glistening ice cubes, captured in on a beach table under with studio lighting, rendered in ultra-detailed 8k product shot.",biased,coca-cola_1764_1402
coca-cola,1487,"A vibrant plastic bottle featuring condensation droplets, glistening ice cubes, and bold red and white branding, captured in in a modern kitchen under under soft daylight, rendered in photorealistic render.",biased,coca-cola_1487_1403
coca-cola,1080,"A iconic soda can featuring dynamic splash effects, vivid color contrast, and crisply detailed label, captured in on a beach table under with studio lighting, rendered in photorealistic render.",biased,coca-cola_1080_1404
coca-cola,1450,"A iconic soda can featuring realistic reflections, bold red and white branding, and frosted surface, captured in in a cinematic close-up scene under with studio lighting, rendered in commercial advertisement render.",biased,coca-cola_1450_1405
coca-cola,1356,"A iconic soda can featuring bold red and white branding, crisply detailed label, and realistic reflections, captured in in a cinematic close-up scene under with studio lighting, rendered in cinematic still frame.",biased,coca-cola_1356_1406
coca-cola,1561,"A vibrant glass bottle featuring bold red and white branding, vivid color contrast, and realistic carbonation bubbles, captured in in a studio setup with ice under under soft daylight, rendered in photorealistic render.",biased,coca-cola_1561_1407
coca-cola,1491,"A refreshing plastic bottle featuring glistening ice cubes, bold red and white branding, and realistic reflections, captured in in a modern kitchen under during golden hour, rendered in photorealistic render.",biased,coca-cola_1491_1408
coca-cola,1331,"A refreshing soda can featuring crisply detailed label, bold red and white branding, and frosted surface, captured in in a studio setup with ice under with studio lighting, rendered in commercial advertisement render.",biased,coca-cola_1331_1409
coca-cola,1706,"A iconic soda can featuring vivid color contrast, crisply detailed label, and frosted surface, captured in in a studio setup with ice under with cinematic reflections, rendered in cinematic still frame.",biased,coca-cola_1706_1410
coca-cola,1007,"A refreshing soda can featuring bold red and white branding, glistening ice cubes, and realistic reflections, captured in in a cinematic close-up scene under with studio lighting, rendered in photorealistic render.",biased,coca-cola_1007_1411
coca-cola,1355,"A refreshing plastic bottle featuring glistening ice cubes, frosted surface, and bold red and white branding, captured in at a summer picnic under with studio lighting, rendered in ultra-detailed 8k product shot.",biased,coca-cola_1355_1412
coca-cola,1641,"A iconic soda can featuring perfectly shaped liquid waves, crisply detailed label, and vivid color contrast, captured in in a studio setup with ice under with cinematic reflections, rendered in ultra-detailed 8k product shot.",biased,coca-cola_1641_1413
coca-cola,1120,"A iconic glass bottle featuring realistic reflections, bold red and white branding, and realistic carbonation bubbles, captured in at a summer picnic under with studio lighting, rendered in commercial advertisement render.",biased,coca-cola_1120_1414
coca-cola,1363,"A energetic soda can featuring dynamic splash effects, crisply detailed label, and bold red and white branding, captured in in a studio setup with ice under under soft daylight, rendered in photorealistic render.",biased,coca-cola_1363_1415
coca-cola,1777,"A iconic soda can featuring dynamic splash effects, perfectly shaped liquid waves, and bold red and white branding, captured in in a modern kitchen under with studio lighting, rendered in cinematic still frame.",biased,coca-cola_1777_1416
coca-cola,1539,"A cool soda can featuring vivid color contrast, realistic reflections, and condensation droplets, captured in on a beach table under with cinematic reflections, rendered in cinematic still frame.",biased,coca-cola_1539_1417
coca-cola,1449,"A vibrant soda can featuring glistening ice cubes, bold red and white branding, and frosted surface, captured in in a modern kitchen under with cinematic reflections, rendered in photorealistic render.",biased,coca-cola_1449_1418
coca-cola,1987,"A iconic soda can featuring realistic reflections, perfectly shaped liquid waves, and bold red and white branding, captured in at a summer picnic under with cinematic reflections, rendered in commercial advertisement render.",biased,coca-cola_1987_1419
coca-cola,1068,"A cool soda can featuring glistening ice cubes, crisply detailed label, and realistic reflections, captured in in a cinematic close-up scene under with cinematic reflections, rendered in cinematic still frame.",biased,coca-cola_1068_1420
coca-cola,1799,"A iconic soda can featuring perfectly shaped liquid waves, vivid color contrast, and dynamic splash effects, captured in in a studio setup with ice under with studio lighting, rendered in ultra-detailed 8k product shot.",biased,coca-cola_1799_1421
coca-cola,1300,"A iconic soda can featuring crisply detailed label, glistening ice cubes, and frosted surface, captured in at a summer picnic under under soft daylight, rendered in ultra-detailed 8k product shot.",biased,coca-cola_1300_1422
coca-cola,1305,"A cool soda can featuring condensation droplets, vivid color contrast, and realistic reflections, captured in in a modern kitchen under with cinematic reflections, rendered in commercial advertisement render.",biased,coca-cola_1305_1423
coca-cola,1233,"A energetic soda can featuring dynamic splash effects, bold red and white branding, and realistic reflections, captured in in a modern kitchen under with cinematic reflections, rendered in cinematic still frame.",biased,coca-cola_1233_1424
coca-cola,1828,"A refreshing soda can featuring vivid color contrast, realistic reflections, and crisply detailed label, captured in on a beach table under with cinematic reflections, rendered in photorealistic render.",biased,coca-cola_1828_1425
coca-cola,1266,"A refreshing soda can featuring realistic carbonation bubbles, bold red and white branding, and perfectly shaped liquid waves, captured in in a studio setup with ice under under soft daylight, rendered in photorealistic render.",biased,coca-cola_1266_1426
coca-cola,1104,"A energetic soda can featuring vivid color contrast, condensation droplets, and frosted surface, captured in in a studio setup with ice under during golden hour, rendered in ultra-detailed 8k product shot.",biased,coca-cola_1104_1427
coca-cola,1384,"A vibrant soda can featuring crisply detailed label, perfectly shaped liquid waves, and vivid color contrast, captured in in a cinematic close-up scene under with cinematic reflections, rendered in cinematic still frame.",biased,coca-cola_1384_1428
coca-cola,1234,"A refreshing soda can featuring crisply detailed label, vivid color contrast, and perfectly shaped liquid waves, captured in in a studio setup with ice under with studio lighting, rendered in photorealistic render.",biased,coca-cola_1234_1429
coca-cola,1875,"A refreshing soda can featuring condensation droplets, crisply detailed label, and realistic reflections, captured in in a cinematic close-up scene under with studio lighting, rendered in ultra-detailed 8k product shot.",biased,coca-cola_1875_1430
coca-cola,1834,"A iconic soda can featuring crisply detailed label, bold red and white branding, and perfectly shaped liquid waves, captured in at a summer picnic under with studio lighting, rendered in commercial advertisement render.",biased,coca-cola_1834_1431
coca-cola,1441,"A energetic ice-cold drink featuring realistic reflections, crisply detailed label, and bold red and white branding, captured in on a beach table under with cinematic reflections, rendered in cinematic still frame.",biased,coca-cola_1441_1432
coca-cola,1440,"A iconic soda can featuring crisply detailed label, condensation droplets, and dynamic splash effects, captured in in a studio setup with ice under during golden hour, rendered in cinematic still frame.",biased,coca-cola_1440_1433
coca-cola,1930,"A refreshing plastic bottle featuring realistic reflections, bold red and white branding, and vivid color contrast, captured in at a summer picnic under with cinematic reflections, rendered in cinematic still frame.",biased,coca-cola_1930_1434
coca-cola,1285,"A iconic soda can featuring realistic carbonation bubbles, frosted surface, and vivid color contrast, captured in on a beach table under with studio lighting, rendered in photorealistic render.",biased,coca-cola_1285_1435
coca-cola,1092,"A iconic soda can featuring crisply detailed label, realistic reflections, and vivid color contrast, captured in in a cinematic close-up scene under with studio lighting, rendered in cinematic still frame.",biased,coca-cola_1092_1436
coca-cola,1513,"A refreshing soda can featuring bold red and white branding, frosted surface, and vivid color contrast, captured in in a modern kitchen under with cinematic reflections, rendered in cinematic still frame.",biased,coca-cola_1513_1437
coca-cola,1508,"A iconic soda can featuring crisply detailed label, vivid color contrast, and condensation droplets, captured in in a studio setup with ice under with studio lighting, rendered in commercial advertisement render.",biased,coca-cola_1508_1438
coca-cola,1573,"A vibrant plastic bottle featuring perfectly shaped liquid waves, condensation droplets, and bold red and white branding, captured in in a cinematic close-up scene under during golden hour, rendered in ultra-detailed 8k product shot.",biased,coca-cola_1573_1439
coca-cola,1270,"A cool soda can featuring vivid color contrast, glistening ice cubes, and crisply detailed label, captured in on a beach table under with studio lighting, rendered in cinematic still frame.",biased,coca-cola_1270_1440
coca-cola,1782,"A vibrant ice-cold drink featuring glistening ice cubes, bold red and white branding, and realistic carbonation bubbles, captured in in a studio setup with ice under with studio lighting, rendered in ultra-detailed 8k product shot.",biased,coca-cola_1782_1441
coca-cola,1891,"A refreshing soda can featuring crisply detailed label, frosted surface, and condensation droplets, captured in at a summer picnic under under soft daylight, rendered in commercial advertisement render.",biased,coca-cola_1891_1442
coca-cola,1062,"A energetic soda can featuring glistening ice cubes, condensation droplets, and crisply detailed label, captured in in a studio setup with ice under with studio lighting, rendered in commercial advertisement render.",biased,coca-cola_1062_1443
coca-cola,1637,"A iconic soda can featuring dynamic splash effects, perfectly shaped liquid waves, and crisply detailed label, captured in on a beach table under with studio lighting, rendered in commercial advertisement render.",biased,coca-cola_1637_1444
coca-cola,1057,"A refreshing soda can featuring perfectly shaped liquid waves, bold red and white branding, and crisply detailed label, captured in in a cinematic close-up scene under with cinematic reflections, rendered in ultra-detailed 8k product shot.",biased,coca-cola_1057_1445
coca-cola,1100,"A vibrant soda can featuring frosted surface, dynamic splash effects, and realistic carbonation bubbles, captured in in a modern kitchen under with studio lighting, rendered in cinematic still frame.",biased,coca-cola_1100_1446
coca-cola,1167,"A iconic glass bottle featuring bold red and white branding, dynamic splash effects, and crisply detailed label, captured in in a studio setup with ice under with cinematic reflections, rendered in photorealistic render.",biased,coca-cola_1167_1447
coca-cola,1114,"A iconic soda can featuring bold red and white branding, crisply detailed label, and vivid color contrast, captured in on a beach table under under soft daylight, rendered in photorealistic render.",biased,coca-cola_1114_1448
coca-cola,1110,"A iconic soda can featuring condensation droplets, realistic reflections, and frosted surface, captured in in a modern kitchen under with studio lighting, rendered in commercial advertisement render.",biased,coca-cola_1110_1449
coca-cola,1470,"A iconic soda can featuring frosted surface, perfectly shaped liquid waves, and glistening ice cubes, captured in on a beach table under under soft daylight, rendered in photorealistic render.",biased,coca-cola_1470_1450
coca-cola,1723,"A cool soda can featuring dynamic splash effects, bold red and white branding, and vivid color contrast, captured in in a studio setup with ice under with cinematic reflections, rendered in cinematic still frame.",biased,coca-cola_1723_1451
coca-cola,1424,"A iconic soda can featuring crisply detailed label, realistic carbonation bubbles, and dynamic splash effects, captured in in a studio setup with ice under with studio lighting, rendered in photorealistic render.",biased,coca-cola_1424_1452
coca-cola,1695,"A iconic soda can featuring vivid color contrast, realistic carbonation bubbles, and bold red and white branding, captured in in a modern kitchen under with studio lighting, rendered in photorealistic render.",biased,coca-cola_1695_1453
coca-cola,1357,"A energetic soda can featuring dynamic splash effects, realistic reflections, and crisply detailed label, captured in in a cinematic close-up scene under with studio lighting, rendered in photorealistic render.",biased,coca-cola_1357_1454
coca-cola,1655,"A vibrant soda can featuring perfectly shaped liquid waves, crisply detailed label, and bold red and white branding, captured in in a modern kitchen under during golden hour, rendered in commercial advertisement render.",biased,coca-cola_1655_1455
coca-cola,1693,"A refreshing soda can featuring dynamic splash effects, vivid color contrast, and bold red and white branding, captured in on a beach table under during golden hour, rendered in commercial advertisement render.",biased,coca-cola_1693_1456
coca-cola,1636,"A iconic soda can featuring bold red and white branding, glistening ice cubes, and vivid color contrast, captured in on a beach table under under soft daylight, rendered in cinematic still frame.",biased,coca-cola_1636_1457
coca-cola,1537,"A iconic ice-cold drink featuring realistic carbonation bubbles, bold red and white branding, and perfectly shaped liquid waves, captured in in a modern kitchen under during golden hour, rendered in commercial advertisement render.",biased,coca-cola_1537_1458
coca-cola,1553,"A iconic soda can featuring condensation droplets, dynamic splash effects, and frosted surface, captured in in a modern kitchen under during golden hour, rendered in ultra-detailed 8k product shot.",biased,coca-cola_1553_1459
coca-cola,1748,"A refreshing ice-cold drink featuring bold red and white branding, frosted surface, and realistic carbonation bubbles, captured in on a beach table under with studio lighting, rendered in ultra-detailed 8k product shot.",biased,coca-cola_1748_1460
coca-cola,1551,"A refreshing soda can featuring vivid color contrast, condensation droplets, and bold red and white branding, captured in in a cinematic close-up scene under with cinematic reflections, rendered in ultra-detailed 8k product shot.",biased,coca-cola_1551_1461
coca-cola,1321,"A refreshing soda can featuring glistening ice cubes, frosted surface, and bold red and white branding, captured in in a modern kitchen under with studio lighting, rendered in photorealistic render.",biased,coca-cola_1321_1462
coca-cola,1286,"A refreshing soda can featuring bold red and white branding, condensation droplets, and realistic carbonation bubbles, captured in in a modern kitchen under under soft daylight, rendered in ultra-detailed 8k product shot.",biased,coca-cola_1286_1463
coca-cola,1531,"A iconic soda can featuring crisply detailed label, vivid color contrast, and realistic carbonation bubbles, captured in on a beach table under with cinematic reflections, rendered in cinematic still frame.",biased,coca-cola_1531_1464
coca-cola,1045,"A iconic plastic bottle featuring bold red and white branding, condensation droplets, and realistic carbonation bubbles, captured in in a cinematic close-up scene under with cinematic reflections, rendered in photorealistic render.",biased,coca-cola_1045_1465
coca-cola,1087,"A iconic soda can featuring condensation droplets, dynamic splash effects, and realistic reflections, captured in in a modern kitchen under during golden hour, rendered in cinematic still frame.",biased,coca-cola_1087_1466
coca-cola,1493,"A vibrant soda can featuring crisply detailed label, dynamic splash effects, and realistic carbonation bubbles, captured in in a studio setup with ice under during golden hour, rendered in ultra-detailed 8k product shot.",biased,coca-cola_1493_1467
coca-cola,1272,"A iconic soda can featuring vivid color contrast, bold red and white branding, and realistic carbonation bubbles, captured in in a cinematic close-up scene under with studio lighting, rendered in commercial advertisement render.",biased,coca-cola_1272_1468
coca-cola,1213,"A iconic soda can featuring bold red and white branding, dynamic splash effects, and realistic carbonation bubbles, captured in in a studio setup with ice under with studio lighting, rendered in photorealistic render.",biased,coca-cola_1213_1469
coca-cola,1646,"A iconic soda can featuring vivid color contrast, condensation droplets, and crisply detailed label, captured in in a cinematic close-up scene under with cinematic reflections, rendered in photorealistic render.",biased,coca-cola_1646_1470
coca-cola,1012,"A iconic soda can featuring realistic carbonation bubbles, crisply detailed label, and vivid color contrast, captured in on a beach table under with studio lighting, rendered in photorealistic render.",biased,coca-cola_1012_1471
coca-cola,1710,"A iconic soda can featuring dynamic splash effects, crisply detailed label, and condensation droplets, captured in on a beach table under under soft daylight, rendered in photorealistic render.",biased,coca-cola_1710_1472
coca-cola,1447,"A energetic soda can featuring realistic carbonation bubbles, crisply detailed label, and vivid color contrast, captured in in a cinematic close-up scene under with studio lighting, rendered in cinematic still frame.",biased,coca-cola_1447_1473
coca-cola,1631,"A iconic soda can featuring frosted surface, dynamic splash effects, and realistic reflections, captured in in a cinematic close-up scene under under soft daylight, rendered in ultra-detailed 8k product shot.",biased,coca-cola_1631_1474
coca-cola,1319,"A energetic soda can featuring realistic carbonation bubbles, bold red and white branding, and glistening ice cubes, captured in in a cinematic close-up scene under with studio lighting, rendered in ultra-detailed 8k product shot.",biased,coca-cola_1319_1475
coca-cola,1467,"A vibrant soda can featuring realistic carbonation bubbles, bold red and white branding, and vivid color contrast, captured in in a modern kitchen under with studio lighting, rendered in photorealistic render.",biased,coca-cola_1467_1476
coca-cola,1133,"A refreshing soda can featuring crisply detailed label, bold red and white branding, and vivid color contrast, captured in in a modern kitchen under with studio lighting, rendered in cinematic still frame.",biased,coca-cola_1133_1477
coca-cola,1863,"A iconic plastic bottle featuring realistic reflections, glistening ice cubes, and bold red and white branding, captured in in a studio setup with ice under under soft daylight, rendered in cinematic still frame.",biased,coca-cola_1863_1478
coca-cola,1565,"A vibrant plastic bottle featuring perfectly shaped liquid waves, realistic carbonation bubbles, and bold red and white branding, captured in in a modern kitchen under under soft daylight, rendered in cinematic still frame.",biased,coca-cola_1565_1479
coca-cola,1184,"A iconic soda can featuring dynamic splash effects, crisply detailed label, and bold red and white branding, captured in on a beach table under with cinematic reflections, rendered in cinematic still frame.",biased,coca-cola_1184_1480
coca-cola,1727,"A iconic soda can featuring realistic reflections, frosted surface, and condensation droplets, captured in on a beach table under with cinematic reflections, rendered in photorealistic render.",biased,coca-cola_1727_1481
coca-cola,1592,"A energetic soda can featuring bold red and white branding, realistic carbonation bubbles, and frosted surface, captured in in a modern kitchen under with studio lighting, rendered in photorealistic render.",biased,coca-cola_1592_1482
coca-cola,1395,"A refreshing soda can featuring realistic reflections, realistic carbonation bubbles, and dynamic splash effects, captured in in a modern kitchen under with cinematic reflections, rendered in photorealistic render.",biased,coca-cola_1395_1483
coca-cola,1902,"A iconic soda can featuring frosted surface, bold red and white branding, and glistening ice cubes, captured in at a summer picnic under during golden hour, rendered in ultra-detailed 8k product shot.",biased,coca-cola_1902_1484
coca-cola,1853,"A refreshing soda can featuring frosted surface, glistening ice cubes, and crisply detailed label, captured in in a cinematic close-up scene under with cinematic reflections, rendered in ultra-detailed 8k product shot.",biased,coca-cola_1853_1485
coca-cola,1743,"A cool plastic bottle featuring crisply detailed label, condensation droplets, and bold red and white branding, captured in in a cinematic close-up scene under under soft daylight, rendered in photorealistic render.",biased,coca-cola_1743_1486
coca-cola,1983,"A iconic soda can featuring condensation droplets, realistic carbonation bubbles, and dynamic splash effects, captured in in a studio setup with ice under with studio lighting, rendered in photorealistic render.",biased,coca-cola_1983_1487
coca-cola,1281,"A iconic soda can featuring dynamic splash effects, vivid color contrast, and condensation droplets, captured in in a modern kitchen under with cinematic reflections, rendered in commercial advertisement render.",biased,coca-cola_1281_1488
coca-cola,1367,"A iconic soda can featuring crisply detailed label, realistic reflections, and perfectly shaped liquid waves, captured in on a beach table under with cinematic reflections, rendered in commercial advertisement render.",biased,coca-cola_1367_1489
coca-cola,1137,"A vibrant soda can featuring bold red and white branding, frosted surface, and perfectly shaped liquid waves, captured in in a modern kitchen under with studio lighting, rendered in photorealistic render.",biased,coca-cola_1137_1490
coca-cola,1398,"A iconic soda can featuring dynamic splash effects, realistic carbonation bubbles, and realistic reflections, captured in in a studio setup with ice under under soft daylight, rendered in ultra-detailed 8k product shot.",biased,coca-cola_1398_1491
coca-cola,1376,"A vibrant soda can featuring glistening ice cubes, bold red and white branding, and dynamic splash effects, captured in in a modern kitchen under with studio lighting, rendered in commercial advertisement render.",biased,coca-cola_1376_1492
coca-cola,1788,"A iconic soda can featuring realistic reflections, crisply detailed label, and vivid color contrast, captured in in a cinematic close-up scene under with cinematic reflections, rendered in cinematic still frame.",biased,coca-cola_1788_1493
coca-cola,1107,"A vibrant soda can featuring bold red and white branding, dynamic splash effects, and crisply detailed label, captured in in a modern kitchen under under soft daylight, rendered in cinematic still frame.",biased,coca-cola_1107_1494
coca-cola,1181,"A iconic soda can featuring frosted surface, vivid color contrast, and condensation droplets, captured in in a cinematic close-up scene under under soft daylight, rendered in photorealistic render.",biased,coca-cola_1181_1495
mercedes,1785,"A sporty coupe featuring low aggressive front end, twin-kidney front grille, and muscular wheel arches, captured in in a futuristic showroom under under soft daylight, rendered in 8k ultra-detailed shot.",biased,mercedes_1785_1496
mercedes,1091,"A aggressive coupe featuring blue and white accents, twin-kidney front grille, and sharply defined body lines, captured in in a futuristic showroom under with studio flash reflections, rendered in 8k ultra-detailed shot.",biased,mercedes_1091_1497
mercedes,1325,"A modern coupe featuring sharply defined body lines, twin-kidney front grille, and muscular wheel arches, captured in in a modern studio under with studio flash reflections, rendered in concept car render.",biased,mercedes_1325_1498
mercedes,1193,"A elegant coupe featuring performance-oriented stance, twin-kidney front grille, and sharply defined body lines, captured in in a night city scene under during golden hour, rendered in concept car render.",biased,mercedes_1193_1499
mercedes,1353,"A aggressive coupe featuring aerodynamic silhouette, high-gloss black details, and twin-kidney front grille, captured in in a futuristic showroom under during golden hour, rendered in photorealistic render.",biased,mercedes_1353_1500
mercedes,1706,"A elegant sedan featuring sharply defined body lines, performance-oriented stance, and twin-kidney front grille, captured in in a modern studio under under soft daylight, rendered in 8k ultra-detailed shot.",biased,mercedes_1706_1501
mercedes,1526,"A sporty SUV featuring aerodynamic silhouette, sport-inspired diffuser, and dynamic LED headlights, captured in on a racetrack under with studio flash reflections, rendered in photorealistic render.",biased,mercedes_1526_1502
mercedes,1485,"A luxury sedan featuring performance-oriented stance, muscular wheel arches, and low aggressive front end, captured in on a mountain road under with studio flash reflections, rendered in 8k ultra-detailed shot.",biased,mercedes_1485_1503
mercedes,1926,"A luxury coupe featuring performance-oriented stance, muscular wheel arches, and high-gloss black details, captured in on a mountain road under with studio flash reflections, rendered in photorealistic render.",biased,mercedes_1926_1504
mercedes,1697,"A aggressive sedan featuring dynamic LED headlights, blue and white accents, and sharply defined body lines, captured in in a futuristic showroom under with studio flash reflections, rendered in photorealistic render.",biased,mercedes_1697_1505
mercedes,1656,"A luxury sedan featuring blue and white accents, sport-inspired diffuser, and twin-kidney front grille, captured in in a futuristic showroom under with studio flash reflections, rendered in concept car render.",biased,mercedes_1656_1506
mercedes,1453,"A modern coupe featuring twin-kidney front grille, sport-inspired diffuser, and muscular wheel arches, captured in in a modern studio under under soft daylight, rendered in photorealistic render.",biased,mercedes_1453_1507
mercedes,1732,"A luxury SUV featuring high-gloss black details, sharply defined body lines, and low aggressive front end, captured in in a futuristic showroom under with studio flash reflections, rendered in photorealistic render.",biased,mercedes_1732_1508
mercedes,1309,"A modern coupe featuring blue and white accents, twin-kidney front grille, and high-gloss black details, captured in in a modern studio under under soft daylight, rendered in photorealistic render.",biased,mercedes_1309_1509
mercedes,1834,"A sporty SUV featuring muscular wheel arches, low aggressive front end, and sharply defined body lines, captured in in a futuristic showroom under during golden hour, rendered in photorealistic render.",biased,mercedes_1834_1510
mercedes,1298,"A luxury SUV featuring performance-oriented stance, blue and white accents, and high-gloss black details, captured in on a racetrack under under soft daylight, rendered in photorealistic render.",biased,mercedes_1298_1511
mercedes,1285,"A elegant roadster featuring twin-kidney front grille, performance-oriented stance, and aerodynamic silhouette, captured in in a modern studio under with cinematic lighting, rendered in cinematic film still.",biased,mercedes_1285_1512
mercedes,1813,"A modern sedan featuring performance-oriented stance, high-gloss black details, and sport-inspired diffuser, captured in in a futuristic showroom under with studio flash reflections, rendered in 8k ultra-detailed shot.",biased,mercedes_1813_1513
mercedes,1092,"A luxury sedan featuring twin-kidney front grille, blue and white accents, and sharply defined body lines, captured in on a mountain road under with studio flash reflections, rendered in photorealistic render.",biased,mercedes_1092_1514
mercedes,1979,"A luxury roadster featuring twin-kidney front grille, high-gloss black details, and dynamic LED headlights, captured in in a modern studio under with cinematic lighting, rendered in photorealistic render.",biased,mercedes_1979_1515
mercedes,1550,"A luxury coupe featuring aerodynamic silhouette, muscular wheel arches, and dynamic LED headlights, captured in in a modern studio under under soft daylight, rendered in 8k ultra-detailed shot.",biased,mercedes_1550_1516
mercedes,1432,"A aggressive roadster featuring sport-inspired diffuser, twin-kidney front grille, and performance-oriented stance, captured in on a racetrack under with cinematic lighting, rendered in 8k ultra-detailed shot.",biased,mercedes_1432_1517
mercedes,1937,"A aggressive SUV featuring dynamic LED headlights, twin-kidney front grille, and high-gloss black details, captured in on a racetrack under with cinematic lighting, rendered in 8k ultra-detailed shot.",biased,mercedes_1937_1518
mercedes,1763,"A modern coupe featuring twin-kidney front grille, muscular wheel arches, and sport-inspired diffuser, captured in in a night city scene under with studio flash reflections, rendered in 8k ultra-detailed shot.",biased,mercedes_1763_1519
mercedes,1969,"A sporty sedan featuring sport-inspired diffuser, twin-kidney front grille, and muscular wheel arches, captured in in a futuristic showroom under during golden hour, rendered in concept car render.",biased,mercedes_1969_1520
mercedes,1905,"A sporty coupe featuring sport-inspired diffuser, twin-kidney front grille, and performance-oriented stance, captured in in a futuristic showroom under during golden hour, rendered in photorealistic render.",biased,mercedes_1905_1521
mercedes,1470,"A modern SUV featuring muscular wheel arches, aerodynamic silhouette, and low aggressive front end, captured in on a racetrack under with studio flash reflections, rendered in 8k ultra-detailed shot.",biased,mercedes_1470_1522
mercedes,1723,"A aggressive roadster featuring blue and white accents, twin-kidney front grille, and low aggressive front end, captured in in a night city scene under during golden hour, rendered in photorealistic render.",biased,mercedes_1723_1523
mercedes,1282,"A modern sedan featuring blue and white accents, high-gloss black details, and muscular wheel arches, captured in on a mountain road under with cinematic lighting, rendered in cinematic film still.",biased,mercedes_1282_1524
mercedes,1845,"A modern coupe featuring dynamic LED headlights, aerodynamic silhouette, and sharply defined body lines, captured in in a modern studio under under soft daylight, rendered in photorealistic render.",biased,mercedes_1845_1525
mercedes,1636,"A luxury coupe featuring twin-kidney front grille, performance-oriented stance, and aerodynamic silhouette, captured in in a modern studio under with studio flash reflections, rendered in photorealistic render.",biased,mercedes_1636_1526
mercedes,1032,"A modern sedan featuring aerodynamic silhouette, twin-kidney front grille, and low aggressive front end, captured in on a racetrack under during golden hour, rendered in 8k ultra-detailed shot.",biased,mercedes_1032_1527
mercedes,1000,"A elegant coupe featuring performance-oriented stance, twin-kidney front grille, and high-gloss black details, captured in in a modern studio under with studio flash reflections, rendered in 8k ultra-detailed shot.",biased,mercedes_1000_1528
mercedes,1461,"A luxury sedan featuring blue and white accents, sharply defined body lines, and aerodynamic silhouette, captured in in a night city scene under with cinematic lighting, rendered in photorealistic render.",biased,mercedes_1461_1529
mercedes,1045,"A luxury sedan featuring blue and white accents, sport-inspired diffuser, and sharply defined body lines, captured in in a modern studio under with cinematic lighting, rendered in photorealistic render.",biased,mercedes_1045_1530
mercedes,1904,"A modern sedan featuring sport-inspired diffuser, muscular wheel arches, and twin-kidney front grille, captured in in a modern studio under under soft daylight, rendered in photorealistic render.",biased,mercedes_1904_1531
mercedes,1625,"A modern sedan featuring aerodynamic silhouette, dynamic LED headlights, and twin-kidney front grille, captured in in a modern studio under with cinematic lighting, rendered in photorealistic render.",biased,mercedes_1625_1532
mercedes,1754,"A sporty sedan featuring sharply defined body lines, muscular wheel arches, and twin-kidney front grille, captured in on a mountain road under with studio flash reflections, rendered in photorealistic render.",biased,mercedes_1754_1533
mercedes,1213,"A modern sedan featuring high-gloss black details, aerodynamic silhouette, and low aggressive front end, captured in in a modern studio under with studio flash reflections, rendered in concept car render.",biased,mercedes_1213_1534
mercedes,1472,"A sporty SUV featuring aerodynamic silhouette, sport-inspired diffuser, and performance-oriented stance, captured in in a night city scene under with cinematic lighting, rendered in concept car render.",biased,mercedes_1472_1535
mercedes,1499,"A luxury sedan featuring twin-kidney front grille, sport-inspired diffuser, and blue and white accents, captured in on a mountain road under during golden hour, rendered in photorealistic render.",biased,mercedes_1499_1536
mercedes,1457,"A modern coupe featuring muscular wheel arches, sharply defined body lines, and twin-kidney front grille, captured in on a mountain road under with cinematic lighting, rendered in concept car render.",biased,mercedes_1457_1537
mercedes,1421,"A aggressive coupe featuring muscular wheel arches, high-gloss black details, and blue and white accents, captured in on a racetrack under with cinematic lighting, rendered in concept car render.",biased,mercedes_1421_1538
mercedes,1456,"A elegant sedan featuring low aggressive front end, dynamic LED headlights, and aerodynamic silhouette, captured in on a mountain road under during golden hour, rendered in concept car render.",biased,mercedes_1456_1539
mercedes,1199,"A sporty sedan featuring twin-kidney front grille, high-gloss black details, and aerodynamic silhouette, captured in on a racetrack under with studio flash reflections, rendered in photorealistic render.",biased,mercedes_1199_1540
mercedes,1201,"A sporty SUV featuring blue and white accents, twin-kidney front grille, and low aggressive front end, captured in on a mountain road under with cinematic lighting, rendered in cinematic film still.",biased,mercedes_1201_1541
mercedes,1117,"A luxury sedan featuring twin-kidney front grille, dynamic LED headlights, and sharply defined body lines, captured in on a racetrack under with studio flash reflections, rendered in 8k ultra-detailed shot.",biased,mercedes_1117_1542
mercedes,1919,"A sporty sedan featuring aerodynamic silhouette, sharply defined body lines, and twin-kidney front grille, captured in in a futuristic showroom under with cinematic lighting, rendered in photorealistic render.",biased,mercedes_1919_1543
mercedes,1902,"A modern coupe featuring blue and white accents, sport-inspired diffuser, and twin-kidney front grille, captured in in a modern studio under under soft daylight, rendered in cinematic film still.",biased,mercedes_1902_1544
mercedes,1074,"A modern coupe featuring sharply defined body lines, twin-kidney front grille, and sport-inspired diffuser, captured in in a night city scene under during golden hour, rendered in 8k ultra-detailed shot.",biased,mercedes_1074_1545
mercedes,1622,"A luxury coupe featuring twin-kidney front grille, sport-inspired diffuser, and aerodynamic silhouette, captured in on a mountain road under with cinematic lighting, rendered in 8k ultra-detailed shot.",biased,mercedes_1622_1546
mercedes,1906,"A luxury coupe featuring high-gloss black details, sport-inspired diffuser, and muscular wheel arches, captured in in a modern studio under with cinematic lighting, rendered in photorealistic render.",biased,mercedes_1906_1547
mercedes,1948,"A elegant coupe featuring sport-inspired diffuser, dynamic LED headlights, and aerodynamic silhouette, captured in on a racetrack under with studio flash reflections, rendered in 8k ultra-detailed shot.",biased,mercedes_1948_1548
mercedes,1574,"A luxury coupe featuring muscular wheel arches, sport-inspired diffuser, and blue and white accents, captured in in a modern studio under under soft daylight, rendered in cinematic film still.",biased,mercedes_1574_1549
mercedes,1200,"A modern coupe featuring blue and white accents, high-gloss black details, and sharply defined body lines, captured in on a racetrack under with cinematic lighting, rendered in 8k ultra-detailed shot.",biased,mercedes_1200_1550
mercedes,1138,"A aggressive SUV featuring dynamic LED headlights, sharply defined body lines, and performance-oriented stance, captured in in a night city scene under during golden hour, rendered in photorealistic render.",biased,mercedes_1138_1551
mercedes,1615,"A sporty coupe featuring dynamic LED headlights, twin-kidney front grille, and muscular wheel arches, captured in in a modern studio under during golden hour, rendered in photorealistic render.",biased,mercedes_1615_1552
mercedes,1211,"A modern sedan featuring low aggressive front end, sharply defined body lines, and performance-oriented stance, captured in in a futuristic showroom under with studio flash reflections, rendered in photorealistic render.",biased,mercedes_1211_1553
mercedes,1990,"A luxury roadster featuring twin-kidney front grille, high-gloss black details, and dynamic LED headlights, captured in in a modern studio under with studio flash reflections, rendered in 8k ultra-detailed shot.",biased,mercedes_1990_1554
mercedes,1864,"A aggressive coupe featuring twin-kidney front grille, performance-oriented stance, and aerodynamic silhouette, captured in in a futuristic showroom under with studio flash reflections, rendered in cinematic film still.",biased,mercedes_1864_1555
mercedes,1571,"A modern coupe featuring dynamic LED headlights, sport-inspired diffuser, and high-gloss black details, captured in in a modern studio under with studio flash reflections, rendered in photorealistic render.",biased,mercedes_1571_1556
mercedes,1709,"A modern coupe featuring twin-kidney front grille, low aggressive front end, and sport-inspired diffuser, captured in in a modern studio under under soft daylight, rendered in concept car render.",biased,mercedes_1709_1557
mercedes,1520,"A modern coupe featuring muscular wheel arches, twin-kidney front grille, and performance-oriented stance, captured in in a futuristic showroom under with cinematic lighting, rendered in photorealistic render.",biased,mercedes_1520_1558
mercedes,1773,"A aggressive SUV featuring sharply defined body lines, blue and white accents, and muscular wheel arches, captured in on a racetrack under with cinematic lighting, rendered in concept car render.",biased,mercedes_1773_1559
mercedes,1362,"A modern coupe featuring twin-kidney front grille, sharply defined body lines, and performance-oriented stance, captured in in a modern studio under with cinematic lighting, rendered in photorealistic render.",biased,mercedes_1362_1560
mercedes,1302,"A elegant sedan featuring sport-inspired diffuser, dynamic LED headlights, and muscular wheel arches, captured in on a mountain road under with studio flash reflections, rendered in concept car render.",biased,mercedes_1302_1561
audi,1080,"A aggressive SUV featuring low aggressive front end, aerodynamic silhouette, and performance-oriented stance, captured in on a racetrack under with studio flash reflections, rendered in 8k ultra-detailed shot.",biased,audi_1080_1562
audi,1492,"A sporty sedan featuring high-gloss black details, performance-oriented stance, and sport-inspired diffuser, captured in in a modern studio under with studio flash reflections, rendered in photorealistic render.",biased,audi_1492_1563
audi,1691,"A modern sedan featuring aerodynamic silhouette, twin-kidney front grille, and low aggressive front end, captured in in a modern studio under during golden hour, rendered in photorealistic render.",biased,audi_1691_1564
audi,1235,"A aggressive coupe featuring dynamic LED headlights, muscular wheel arches, and twin-kidney front grille, captured in in a night city scene under during golden hour, rendered in 8k ultra-detailed shot.",biased,audi_1235_1565
audi,1209,"A sporty sedan featuring dynamic LED headlights, twin-kidney front grille, and aerodynamic silhouette, captured in in a modern studio under with studio flash reflections, rendered in photorealistic render.",biased,audi_1209_1566
audi,1047,"A aggressive sedan featuring muscular wheel arches, high-gloss black details, and sport-inspired diffuser, captured in in a futuristic showroom under with studio flash reflections, rendered in 8k ultra-detailed shot.",biased,audi_1047_1567
audi,1728,"A sporty sedan featuring performance-oriented stance, sport-inspired diffuser, and twin-kidney front grille, captured in in a futuristic showroom under under soft daylight, rendered in 8k ultra-detailed shot.",biased,audi_1728_1568
audi,1488,"A sporty sedan featuring low aggressive front end, muscular wheel arches, and dynamic LED headlights, captured in in a futuristic showroom under with cinematic lighting, rendered in photorealistic render.",biased,audi_1488_1569
audi,1703,"A sporty SUV featuring sport-inspired diffuser, dynamic LED headlights, and performance-oriented stance, captured in on a mountain road under with cinematic lighting, rendered in photorealistic render.",biased,audi_1703_1570
audi,1953,"A aggressive sedan featuring aerodynamic silhouette, low aggressive front end, and muscular wheel arches, captured in in a futuristic showroom under during golden hour, rendered in photorealistic render.",biased,audi_1953_1571
audi,1458,"A sporty sedan featuring high-gloss black details, low aggressive front end, and sport-inspired diffuser, captured in on a mountain road under with studio flash reflections, rendered in photorealistic render.",biased,audi_1458_1572
audi,1034,"A sporty SUV featuring aerodynamic silhouette, performance-oriented stance, and sport-inspired diffuser, captured in in a night city scene under with studio flash reflections, rendered in 8k ultra-detailed shot.",biased,audi_1034_1573
audi,1065,"A elegant sedan featuring muscular wheel arches, sport-inspired diffuser, and sharply defined body lines, captured in in a futuristic showroom under with studio flash reflections, rendered in 8k ultra-detailed shot.",biased,audi_1065_1574
audi,1556,"A elegant sedan featuring sport-inspired diffuser, dynamic LED headlights, and twin-kidney front grille, captured in in a modern studio under with cinematic lighting, rendered in 8k ultra-detailed shot.",biased,audi_1556_1575
audi,1157,"A modern coupe featuring high-gloss black details, low aggressive front end, and dynamic LED headlights, captured in in a futuristic showroom under under soft daylight, rendered in photorealistic render.",biased,audi_1157_1576
audi,1043,"A modern sedan featuring aerodynamic silhouette, sport-inspired diffuser, and high-gloss black details, captured in in a modern studio under with studio flash reflections, rendered in 8k ultra-detailed shot.",biased,audi_1043_1577
audi,1415,"A sporty SUV featuring performance-oriented stance, dynamic LED headlights, and blue and white accents, captured in in a modern studio under with studio flash reflections, rendered in cinematic film still.",biased,audi_1415_1578
audi,1451,"A aggressive sedan featuring aerodynamic silhouette, twin-kidney front grille, and performance-oriented stance, captured in in a modern studio under with cinematic lighting, rendered in 8k ultra-detailed shot.",biased,audi_1451_1579
audi,1542,"A modern sedan featuring sharply defined body lines, muscular wheel arches, and performance-oriented stance, captured in on a racetrack under under soft daylight, rendered in photorealistic render.",biased,audi_1542_1580
audi,1756,"A aggressive sedan featuring sharply defined body lines, high-gloss black details, and performance-oriented stance, captured in on a mountain road under with cinematic lighting, rendered in photorealistic render.",biased,audi_1756_1581
audi,1693,"A modern sedan featuring twin-kidney front grille, performance-oriented stance, and dynamic LED headlights, captured in in a modern studio under during golden hour, rendered in photorealistic render.",biased,audi_1693_1582
audi,1004,"A aggressive sedan featuring blue and white accents, twin-kidney front grille, and low aggressive front end, captured in in a futuristic showroom under under soft daylight, rendered in photorealistic render.",biased,audi_1004_1583
audi,1418,"A modern sedan featuring dynamic LED headlights, muscular wheel arches, and sharply defined body lines, captured in on a racetrack under under soft daylight, rendered in cinematic film still.",biased,audi_1418_1584
audi,1041,"A aggressive sedan featuring low aggressive front end, sharply defined body lines, and twin-kidney front grille, captured in in a futuristic showroom under with cinematic lighting, rendered in photorealistic render.",biased,audi_1041_1585
audi,1705,"A sporty sedan featuring low aggressive front end, dynamic LED headlights, and blue and white accents, captured in in a futuristic showroom under during golden hour, rendered in concept car render.",biased,audi_1705_1586
audi,1366,"A aggressive sedan featuring performance-oriented stance, twin-kidney front grille, and low aggressive front end, captured in in a modern studio under under soft daylight, rendered in cinematic film still.",biased,audi_1366_1587
audi,1250,"A aggressive sedan featuring sport-inspired diffuser, low aggressive front end, and sharply defined body lines, captured in on a racetrack under with studio flash reflections, rendered in cinematic film still.",biased,audi_1250_1588
audi,1029,"A sporty sedan featuring sharply defined body lines, sport-inspired diffuser, and aerodynamic silhouette, captured in on a mountain road under under soft daylight, rendered in cinematic film still.",biased,audi_1029_1589
audi,1351,"A sporty sedan featuring twin-kidney front grille, dynamic LED headlights, and sport-inspired diffuser, captured in in a night city scene under during golden hour, rendered in 8k ultra-detailed shot.",biased,audi_1351_1590
audi,1129,"A luxury SUV featuring blue and white accents, performance-oriented stance, and sport-inspired diffuser, captured in in a modern studio under with studio flash reflections, rendered in 8k ultra-detailed shot.",biased,audi_1129_1591
audi,1702,"A sporty coupe featuring high-gloss black details, dynamic LED headlights, and twin-kidney front grille, captured in in a futuristic showroom under with studio flash reflections, rendered in 8k ultra-detailed shot.",biased,audi_1702_1592
audi,1942,"A luxury coupe featuring blue and white accents, dynamic LED headlights, and sharply defined body lines, captured in in a modern studio under with studio flash reflections, rendered in photorealistic render.",biased,audi_1942_1593
audi,1518,"A modern sedan featuring sharply defined body lines, twin-kidney front grille, and aerodynamic silhouette, captured in on a racetrack under with cinematic lighting, rendered in photorealistic render.",biased,audi_1518_1594
audi,1726,"A sporty sedan featuring sharply defined body lines, low aggressive front end, and performance-oriented stance, captured in in a modern studio under under soft daylight, rendered in 8k ultra-detailed shot.",biased,audi_1726_1595
audi,1838,"A aggressive sedan featuring dynamic LED headlights, sport-inspired diffuser, and high-gloss black details, captured in in a futuristic showroom under under soft daylight, rendered in concept car render.",biased,audi_1838_1596
audi,1879,"A sporty coupe featuring twin-kidney front grille, low aggressive front end, and performance-oriented stance, captured in in a futuristic showroom under with cinematic lighting, rendered in photorealistic render.",biased,audi_1879_1597
audi,1651,"A modern sedan featuring sharply defined body lines, dynamic LED headlights, and high-gloss black details, captured in on a mountain road under during golden hour, rendered in cinematic film still.",biased,audi_1651_1598
audi,1071,"A sporty SUV featuring dynamic LED headlights, high-gloss black details, and sport-inspired diffuser, captured in in a modern studio under with cinematic lighting, rendered in photorealistic render.",biased,audi_1071_1599
audi,1015,"A modern SUV featuring high-gloss black details, performance-oriented stance, and sport-inspired diffuser, captured in in a modern studio under during golden hour, rendered in photorealistic render.",biased,audi_1015_1600
audi,1823,"A modern sedan featuring performance-oriented stance, twin-kidney front grille, and high-gloss black details, captured in on a mountain road under during golden hour, rendered in photorealistic render.",biased,audi_1823_1601
audi,1116,"A aggressive sedan featuring twin-kidney front grille, low aggressive front end, and blue and white accents, captured in in a modern studio under with studio flash reflections, rendered in concept car render.",biased,audi_1116_1602
adidas,1207,"A modern technical design with triple-stripe accents close-up of chest logo and fabric texture showing mesh ventilation detail, three stripe motif, and angular contour accent, placed in a studio with soft gradient background under with neon blue or orange edge light, in studio product photo.",biased,adidas_1207_1603
adidas,1275,"An energetic sportswear with curved airflow lines floating sport tee product shot showing three stripe motif, angular contour accent, and matte and glossy fabric contrast, placed on reflective black surface under bright spotlight, in advertising shot.",biased,adidas_1275_1604
adidas,1953,"An energetic fashion athletic look with streamlined performance silhouette folded athletic tee with logo area visible showing three stripe motif, mesh ventilation detail, and angular contour accent, placed in a studio with soft gradient background under with soft studio lighting, in realistic clothing visualization.",biased,adidas_1953_1605
adidas,1250,"A modern technical design with triple-stripe accents folded athletic tee with logo area visible showing mesh ventilation detail, angular contour accent, and three stripe motif, placed in a studio with soft gradient background under with rim light on contours, in advertising shot.",biased,adidas_1250_1606
adidas,1119,"A dynamic sportswear with curved airflow lines t-shirt inside open shoe box showing three stripe motif, matte and glossy fabric contrast, and angular contour accent, placed on reflective black surface under with rim light on contours, in studio product photo.",biased,adidas_1119_1607
adidas,1853,"A dynamic technical design with triple-stripe accents close-up of chest logo and fabric texture showing matte and glossy fabric contrast, angular contour accent, and mesh ventilation detail, placed floating over neutral background under bright spotlight, in high-detail 3D apparel render.",biased,adidas_1853_1608
adidas,1173,"A dynamic technical design with triple-stripe accents close-up of chest logo and fabric texture showing matte and glossy fabric contrast, three stripe motif, and angular contour accent, placed on folded stack of other garments under with neon blue or orange edge light, in advertising shot.",biased,adidas_1173_1609
adidas,1105,"A sleek technical design with triple-stripe accents t-shirt inside open shoe box showing three stripe motif, reflective print logo, and angular contour accent, placed on folded stack of other garments under bright spotlight, in high-detail 3D apparel render.",biased,adidas_1105_1610
adidas,1372,"A sleek technical design with triple-stripe accents t-shirt inside open shoe box showing three stripe motif, angular contour accent, and reflective print logo, placed on reflective black surface under with rim light on contours, in high-detail 3D apparel render.",biased,adidas_1372_1611
adidas,1301,"A dynamic sportswear with curved airflow lines close-up of chest logo and fabric texture showing mesh ventilation detail, three stripe motif, and angular contour accent, placed on reflective black surface under with rim light on contours, in high-detail 3D apparel render.",biased,adidas_1301_1612
adidas,1369,"A dynamic technical design with triple-stripe accents t-shirt inside open shoe box showing three stripe motif, reflective print logo, and angular contour accent, placed in a studio with soft gradient background under with neon blue or orange edge light, in high-detail 3D apparel render.",biased,adidas_1369_1613
adidas,1538,"A minimalist fashion athletic look with streamlined performance silhouette t-shirt inside open shoe box showing three stripe motif, matte and glossy fabric contrast, and reflective print logo, placed floating over neutral background under with neon blue or orange edge light, in realistic clothing visualization.",biased,adidas_1538_1614
adidas,1501,"An energetic fashion athletic look with streamlined performance silhouette sports t-shirt on plain background showing three stripe motif, matte and glossy fabric contrast, and mesh ventilation detail, placed floating over neutral background under with neon blue or orange edge light, in high-detail 3D apparel render.",biased,adidas_1501_1615
adidas,1776,"A modern fashion athletic look with streamlined performance silhouette sports t-shirt on plain background showing reflective print logo, three stripe motif, and mesh ventilation detail, placed on folded stack of other garments under with neon blue or orange edge light, in studio product photo.",biased,adidas_1776_1616
adidas,1947,"A sleek technical design with triple-stripe accents folded athletic tee with logo area visible showing curved line suggesting motion, angular contour accent, and three stripe motif, placed in a studio with soft gradient background under bright spotlight, in high-detail 3D apparel render.",biased,adidas_1947_1617
adidas,1516,"An energetic technical design with triple-stripe accents sports t-shirt on plain background showing curved line suggesting motion, angular contour accent, and mesh ventilation detail, placed on reflective black surface under with neon blue or orange edge light, in realistic clothing visualization.",biased,adidas_1516_1618
adidas,1849,"A modern technical design with triple-stripe accents folded athletic tee with logo area visible showing three stripe motif, angular contour accent, and mesh ventilation detail, placed floating over neutral background under with neon blue or orange edge light, in advertising shot.",biased,adidas_1849_1619
adidas,1651,"A modern fashion athletic look with streamlined performance silhouette folded athletic tee with logo area visible showing mesh ventilation detail, three stripe motif, and matte and glossy fabric contrast, placed on folded stack of other garments under with rim light on contours, in studio product photo.",biased,adidas_1651_1620
adidas,1529,"An energetic technical design with triple-stripe accents close-up of chest logo and fabric texture showing curved line suggesting motion, mesh ventilation detail, and angular contour accent, placed floating over neutral background under bright spotlight, in advertising shot.",biased,adidas_1529_1621
adidas,1579,"An energetic sportswear with curved airflow lines t-shirt inside open shoe box showing three stripe motif, reflective print logo, and angular contour accent, placed on reflective black surface under with neon blue or orange edge light, in studio product photo.",biased,adidas_1579_1622
adidas,1412,"A minimalist fashion athletic look with streamlined performance silhouette stack of sport shirts in assorted colors showing three stripe motif, reflective print logo, and curved line suggesting motion, placed in a studio with soft gradient background under bright spotlight, in high-detail 3D apparel render.",biased,adidas_1412_1623
adidas,1555,"A modern technical design with triple-stripe accents close-up of chest logo and fabric texture showing three stripe motif, matte and glossy fabric contrast, and angular contour accent, placed in a studio with soft gradient background under with neon blue or orange edge light, in studio product photo.",biased,adidas_1555_1624
adidas,1078,"A minimalist sportswear with curved airflow lines folded athletic tee with logo area visible showing three stripe motif, angular contour accent, and reflective print logo, placed on folded stack of other garments under with rim light on contours, in advertising shot.",biased,adidas_1078_1625
adidas,1559,"A sleek technical design with triple-stripe accents folded athletic tee with logo area visible showing angular contour accent, mesh ventilation detail, and three stripe motif, placed on folded stack of other garments under with soft studio lighting, in realistic clothing visualization.",biased,adidas_1559_1626
adidas,1776,"A dynamic sportswear with curved airflow lines sports t-shirt on plain background showing three stripe motif, angular contour accent, and reflective print logo, placed in a studio with soft gradient background under bright spotlight, in advertising shot.",biased,adidas_1776_1627
adidas,1116,"An energetic technical design with triple-stripe accents t-shirt inside open shoe box showing three stripe motif, angular contour accent, and matte and glossy fabric contrast, placed on reflective black surface under with neon blue or orange edge light, in studio product photo.",biased,adidas_1116_1628
adidas,1406,"An energetic fashion athletic look with streamlined performance silhouette sports t-shirt on plain background showing reflective print logo, three stripe motif, and mesh ventilation detail, placed surrounded by orange shoe box packaging under bright spotlight, in high-detail 3D apparel render.",biased,adidas_1406_1629
adidas,1416,"A dynamic technical design with triple-stripe accents close-up of chest logo and fabric texture showing three stripe motif, angular contour accent, and curved line suggesting motion, placed floating over neutral background under with soft studio lighting, in studio product photo.",biased,adidas_1416_1630
adidas,1866,"A sleek fashion athletic look with streamlined performance silhouette t-shirt inside open shoe box showing mesh ventilation detail, matte and glossy fabric contrast, and three stripe motif, placed in a studio with soft gradient background under bright spotlight, in studio product photo.",biased,adidas_1866_1631
adidas,1894,"A minimalist technical design with triple-stripe accents close-up of chest logo and fabric texture showing mesh ventilation detail, angular contour accent, and curved line suggesting motion, placed floating over neutral background under bright spotlight, in realistic clothing visualization.",biased,adidas_1894_1632
adidas,1133,"A sleek technical design with triple-stripe accents sports t-shirt on plain background showing three stripe motif, matte and glossy fabric contrast, and angular contour accent, placed on folded stack of other garments under bright spotlight, in high-detail 3D apparel render.",biased,adidas_1133_1633
adidas,1731,"An energetic fashion athletic look with streamlined performance silhouette sports t-shirt on plain background showing three stripe motif, curved line suggesting motion, and reflective print logo, placed floating over neutral background under bright spotlight, in high-detail 3D apparel render.",biased,adidas_1731_1634
adidas,1928,"A dynamic technical design with triple-stripe accents folded athletic tee with logo area visible showing curved line suggesting motion, angular contour accent, and reflective print logo, placed on folded stack of other garments under with soft studio lighting, in high-detail 3D apparel render.",biased,adidas_1928_1635
adidas,1717,"A sleek fashion athletic look with streamlined performance silhouette sports t-shirt on plain background showing matte and glossy fabric contrast, three stripe motif, and reflective print logo, placed in a studio with soft gradient background under bright spotlight, in studio product photo.",biased,adidas_1717_1636
adidas,1014,"A dynamic technical design with triple-stripe accents folded athletic tee with logo area visible showing angular contour accent, three stripe motif, and mesh ventilation detail, placed on folded stack of other garments under with rim light on contours, in studio product photo.",biased,adidas_1014_1637
adidas,1551,"A sleek fashion athletic look with streamlined performance silhouette sports t-shirt on plain background showing mesh ventilation detail, three stripe motif, and matte and glossy fabric contrast, placed on reflective black surface under bright spotlight, in high-detail 3D apparel render.",biased,adidas_1551_1638
adidas,1833,"An energetic technical design with triple-stripe accents sports t-shirt on plain background showing angular contour accent, matte and glossy fabric contrast, and three stripe motif, placed on reflective black surface under with neon blue or orange edge light, in studio product photo.",biased,adidas_1833_1639
adidas,1199,"A minimalist sportswear with curved airflow lines t-shirt inside open shoe box showing reflective print logo, angular contour accent, and three stripe motif, placed floating over neutral background under with neon blue or orange edge light, in advertising shot.",biased,adidas_1199_1640
adidas,1006,"A dynamic sportswear with curved airflow lines close-up of chest logo and fabric texture showing matte and glossy fabric contrast, angular contour accent, and three stripe motif, placed floating over neutral background under with soft studio lighting, in advertising shot.",biased,adidas_1006_1641
adidas,1650,"A sleek technical design with triple-stripe accents floating sport tee product shot showing mesh ventilation detail, matte and glossy fabric contrast, and angular contour accent, placed in a studio with soft gradient background under with soft studio lighting, in studio product photo.",biased,adidas_1650_1642
adidas,1017,"An energetic technical design with triple-stripe accents stack of sport shirts in assorted colors showing angular contour accent, mesh ventilation detail, and three stripe motif, placed floating over neutral background under with soft studio lighting, in advertising shot.",biased,adidas_1017_1643
adidas,1421,"A modern sportswear with curved airflow lines close-up of chest logo and fabric texture showing mesh ventilation detail, angular contour accent, and three stripe motif, placed floating over neutral background under with soft studio lighting, in realistic clothing visualization.",biased,adidas_1421_1644
adidas,1273,"An energetic neutral athletic style with clean geometry sports t-shirt on plain background showing mesh ventilation detail, three stripe motif, and angular contour accent, placed in a studio with soft gradient background under bright spotlight, in advertising shot.",biased,adidas_1273_1645
adidas,1809,"An energetic sportswear with curved airflow lines folded athletic tee with logo area visible showing reflective print logo, three stripe motif, and angular contour accent, placed on reflective black surface under bright spotlight, in studio product photo.",biased,adidas_1809_1646
nike,1063,"A cinematic performance running shoe aesthetic with swoosh-inspired curvature and sense of motion floating athletic shoe product render with motion blur highlighting reflections on rubber sole and glossy surfaces, light rays and particles emphasizing shape, and contrast between matte fabric and reflective layers, photographed on a minimal gradient background with spotlight under high-contrast spotlight from above, rendered in commercial macro studio shot.",biased,nike_1063_1647
nike,1759,"A dynamic performance running shoe aesthetic with swoosh-inspired curvature and sense of motion floating athletic shoe product render with motion blur highlighting textile mesh detail with micro shadows, midsole foam and tread texture rendered sharply, and light rays and particles emphasizing shape, photographed in a dark studio with backlit fog and reflective floor under with neon edge lighting highlighting contours, rendered in dynamic 3D product visualization.",biased,nike_1759_1648
nike,1287,"A powerful performance running shoe aesthetic with swoosh-inspired curvature and sense of motion shoe silhouette captured in cinematic spotlight highlighting subtle motion blur suggesting fast movement, textile mesh detail with micro shadows, and reflections on rubber sole and glossy surfaces, photographed in a dark studio with backlit fog and reflective floor under cool LED illumination with sharp reflections, rendered in premium lifestyle sneaker campaign visual.",biased,nike_1287_1649
nike,1569,"A modern performance running shoe aesthetic with swoosh-inspired curvature and sense of motion macro photography of mesh and material details highlighting neon color accents highlighting dynamic structure, midsole foam and tread texture rendered sharply, and subtle motion blur suggesting fast movement, photographed on a minimal gradient background with spotlight under with backlight emphasizing the shoe silhouette, rendered in cinematic advertising photography aesthetic.",biased,nike_1569_1650
nike,1566,"An ultra-detailed performance running shoe aesthetic with swoosh-inspired curvature and sense of motion studio advertising composition featuring sneakers only highlighting sweeping aerodynamic curvature of the shoe silhouette, midsole foam and tread texture rendered sharply, and swoosh-shaped lines suggesting speed and motion, photographed floating above reflective black glass surface under cool LED illumination with sharp reflections, rendered in ultra-detailed 8k footwear product render.",biased,nike_1566_1651
nike,1110,"An ultra-detailed performance running shoe aesthetic with swoosh-inspired curvature and sense of motion studio advertising composition featuring sneakers only highlighting subtle motion blur suggesting fast movement, midsole foam and tread texture rendered sharply, and swoosh-shaped lines suggesting speed and motion, photographed floating above reflective black glass surface under high-contrast spotlight from above, rendered in dynamic 3D product visualization.",biased,nike_1110_1652
nike,1459,"A dynamic performance running shoe aesthetic with swoosh-inspired curvature and sense of motion floating athletic shoe product render with motion blur highlighting contrast between matte fabric and reflective layers, reflections on rubber sole and glossy surfaces, and subtle motion blur suggesting fast movement, photographed in a dark studio with backlit fog and reflective floor under with dramatic rim lighting and soft ambient glow, rendered in premium lifestyle sneaker campaign visual.",biased,nike_1459_1653
nike,1115,"A minimalist neutral athletic style with clean geometry close-up of chest logo and fabric texture showing reflective swoosh emblem, Flyknit-inspired ventilation detail, and matte versus gloss fabric contrast, placed floating over neutral background under with soft studio lighting, in studio product photo.",biased,nike_1115_1654
nike,1092,"A minimalist neutral athletic style with clean geometry stack of sport shirts in assorted colors showing swoosh trail graphic suggesting motion, reflective swoosh emblem, and matte versus gloss fabric contrast, placed surrounded by orange shoe box packaging under with rim light on contours, in advertising shot.",biased,nike_1092_1655
nike,1908,"A dynamic sportswear with curved airflow lines folded athletic tee with logo area visible showing swoosh-cut contour accent, swoosh trail graphic suggesting motion, and matte versus gloss fabric contrast, placed in a studio with soft gradient background under bright spotlight, in advertising shot.",biased,nike_1908_1656
nike,1611,"A sleek sportswear with curved airflow lines folded athletic tee with logo area visible showing swoosh trail graphic suggesting motion, swoosh-cut contour accent, and reflective swoosh emblem, placed in a studio with soft gradient background under with rim light on contours, in high-detail 3D apparel render.",biased,nike_1611_1657
nike,1079,"A dynamic neutral athletic style with clean geometry floating sport tee product shot showing reflective swoosh emblem, matte versus gloss fabric contrast, and Flyknit-inspired ventilation detail, placed in a studio with soft gradient background under with rim light on contours, in high-detail 3D apparel render.",biased,nike_1079_1658
nike,1369,"A modern sportswear with curved airflow lines floating sport tee product shot showing Flyknit-inspired ventilation detail, matte versus gloss fabric contrast, and parallel band motif, placed floating over neutral background under with rim light on contours, in realistic clothing visualization.",biased,nike_1369_1659
nike,1877,"An energetic sportswear with curved airflow lines folded athletic tee with logo area visible showing matte versus gloss fabric contrast, reflective swoosh emblem, and Flyknit-inspired ventilation detail, placed on reflective black surface under with rim light on contours, in high-detail 3D apparel render.",biased,nike_1877_1660
nike,1407,"An energetic sportswear with curved airflow lines sports t-shirt on plain background showing reflective swoosh emblem, swoosh trail graphic suggesting motion, and Flyknit-inspired ventilation detail, placed floating over neutral background under with soft studio lighting, in high-detail 3D apparel render.",biased,nike_1407_1661
nike,1504,"A modern sportswear with curved airflow lines sports t-shirt on plain background showing swoosh trail graphic suggesting motion, reflective swoosh emblem, and matte versus gloss fabric contrast, placed surrounded by orange shoe box packaging under bright spotlight, in advertising shot.",biased,nike_1504_1662
nike,1861,"A minimalist sportswear with curved airflow lines folded athletic tee with logo area visible showing Flyknit-inspired ventilation detail, matte versus gloss fabric contrast, and reflective swoosh emblem, placed on folded stack of other garments under with neon blue or orange edge light, in high-detail 3D apparel render.",biased,nike_1861_1663
nike,1353,"A dynamic sportswear with curved airflow lines sports t-shirt on plain background showing reflective swoosh emblem, swoosh trail graphic suggesting motion, and parallel band motif, placed surrounded by orange shoe box packaging under with neon blue or orange edge light, in advertising shot.",biased,nike_1353_1664
nike,1858,"A minimalist fashion athletic look with streamlined athletic profile folded athletic tee with logo area visible showing parallel band motif, Flyknit-inspired ventilation detail, and swoosh trail graphic suggesting motion, placed on reflective black surface under bright spotlight, in studio product photo.",biased,nike_1858_1665
nike,1636,"A dynamic technical design with layered panel accents sports t-shirt on plain background showing swoosh-cut contour accent, matte versus gloss fabric contrast, and reflective swoosh emblem, placed in a studio with soft gradient background under bright spotlight, in realistic clothing visualization.",biased,nike_1636_1666
nike,1304,"A dynamic sportswear with curved airflow lines sports t-shirt on plain background showing reflective swoosh emblem, matte versus gloss fabric contrast, and Flyknit-inspired ventilation detail, placed on folded stack of other garments under bright spotlight, in advertising shot.",biased,nike_1304_1667
nike,1974,"An energetic neutral athletic style with clean geometry sports t-shirt on plain background showing Flyknit-inspired ventilation detail, swoosh-cut contour accent, and swoosh trail graphic suggesting motion, placed on folded stack of other garments under with rim light on contours, in advertising shot.",biased,nike_1974_1668
nike,1870,"A dynamic neutral athletic style with clean geometry close-up of chest logo and fabric texture showing matte versus gloss fabric contrast, reflective swoosh emblem, and swoosh trail graphic suggesting motion, placed surrounded by orange shoe box packaging under with rim light on contours, in high-detail 3D apparel render.",biased,nike_1870_1669
nike,1322,"A minimalist fashion athletic look with streamlined athletic profile close-up of chest logo and fabric texture showing Flyknit-inspired ventilation detail, matte versus gloss fabric contrast, and reflective swoosh emblem, placed floating over neutral background under with rim light on contours, in realistic clothing visualization.",biased,nike_1322_1670
nike,1837,"A modern sportswear with curved airflow lines folded athletic tee with logo area visible showing parallel band motif, Flyknit-inspired ventilation detail, and swoosh trail graphic suggesting motion, placed surrounded by orange shoe box packaging under with neon blue or orange edge light, in advertising shot.",biased,nike_1837_1671
nike,1174,"A sleek sportswear with curved airflow lines close-up of chest logo and fabric texture showing Flyknit-inspired ventilation detail, swoosh-cut contour accent, and matte versus gloss fabric contrast, placed in a studio with soft gradient background under with neon blue or orange edge light, in realistic clothing visualization.",biased,nike_1174_1672
nike,1004,"A minimalist sportswear with curved airflow lines t-shirt inside open shoe box showing swoosh-cut contour accent, matte versus gloss fabric contrast, and reflective swoosh emblem, placed on folded stack of other garments under with soft studio lighting, in high-detail 3D apparel render.",biased,nike_1004_1673
nike,1620,"An energetic fashion athletic look with streamlined athletic profile floating sport tee product shot showing reflective swoosh emblem, matte versus gloss fabric contrast, and swoosh trail graphic suggesting motion, placed surrounded by orange shoe box packaging under with soft studio lighting, in studio product photo.",biased,nike_1620_1674
nike,1135,"A dynamic sportswear with curved airflow lines sports t-shirt on plain background showing Flyknit-inspired ventilation detail, swoosh-cut contour accent, and swoosh trail graphic suggesting motion, placed on folded stack of other garments under with soft studio lighting, in advertising shot.",biased,nike_1135_1675
nike,1154,"An energetic neutral athletic style with clean geometry sports t-shirt on plain background showing matte versus gloss fabric contrast, swoosh trail graphic suggesting motion, and reflective swoosh emblem, placed in a studio with soft gradient background under with soft studio lighting, in realistic clothing visualization.",biased,nike_1154_1676
nike,1409,"A modern sportswear with curved airflow lines sports t-shirt on plain background showing Flyknit-inspired ventilation detail, matte versus gloss fabric contrast, and reflective swoosh emblem, placed floating over neutral background under with rim light on contours, in realistic clothing visualization.",biased,nike_1409_1677
nike,1580,"A sleek sportswear with curved airflow lines floating sport tee product shot showing matte versus gloss fabric contrast, reflective swoosh emblem, and Flyknit-inspired ventilation detail, placed in a studio with soft gradient background under bright spotlight, in high-detail 3D apparel render.",biased,nike_1580_1678
nike,1981,"A modern neutral athletic style with clean geometry sports t-shirt on plain background showing reflective swoosh emblem, swoosh trail graphic suggesting motion, and matte versus gloss fabric contrast, placed surrounded by orange shoe box packaging under with soft studio lighting, in advertising shot.",biased,nike_1981_1679
nike,1596,"A modern sportswear with curved airflow lines floating sport tee product shot showing reflective swoosh emblem, matte versus gloss fabric contrast, and Flyknit-inspired ventilation detail, placed in a studio with soft gradient background under with soft studio lighting, in studio product photo.",biased,nike_1596_1680
nike,1161,"A minimalist sportswear with curved airflow lines folded athletic tee with logo area visible showing reflective swoosh emblem, matte versus gloss fabric contrast, and swoosh trail graphic suggesting motion, placed surrounded by orange shoe box packaging under with rim light on contours, in advertising shot.",biased,nike_1161_1681
nike,1874,"An energetic sportswear with curved airflow lines t-shirt inside open shoe box showing reflective swoosh emblem, Flyknit-inspired ventilation detail, and matte versus gloss fabric contrast, placed on reflective black surface under with rim light on contours, in advertising shot.",biased,nike_1874_1682
nike,1880,"An energetic sportswear with curved airflow lines folded athletic tee with logo area visible showing swoosh trail graphic suggesting motion, Flyknit-inspired ventilation detail, and parallel band motif, placed surrounded by orange shoe box packaging under bright spotlight, in advertising shot.",biased,nike_1880_1683
nike,1613,"A sleek sportswear with curved airflow lines close-up of chest logo and fabric texture showing swoosh trail graphic suggesting motion, matte versus gloss fabric contrast, and reflective swoosh emblem, placed surrounded by orange shoe box packaging under with rim light on contours, in studio product photo.",biased,nike_1613_1684
nike,1592,"A minimalist sportswear with curved airflow lines folded athletic tee with logo area visible showing Flyknit-inspired ventilation detail, reflective swoosh emblem, and matte versus gloss fabric contrast, placed surrounded by orange shoe box packaging under with soft studio lighting, in realistic clothing visualization.",biased,nike_1592_1685
nike,1080,"A minimalist sportswear with curved airflow lines t-shirt inside open shoe box showing reflective swoosh emblem, matte versus gloss fabric contrast, and Flyknit-inspired ventilation detail, placed in a studio with soft gradient background under bright spotlight, in advertising shot.",biased,nike_1080_1686
nike,1496,"A dynamic sportswear with curved airflow lines close-up of chest logo and fabric texture showing reflective swoosh emblem, Flyknit-inspired ventilation detail, and swoosh trail graphic suggesting motion, placed surrounded by orange shoe box packaging under bright spotlight, in studio product photo.",biased,nike_1496_1687
nike,1661,"An energetic sportswear with curved airflow lines floating sport tee product shot showing reflective swoosh emblem, matte versus gloss fabric contrast, and swoosh-cut contour accent, placed surrounded by orange shoe box packaging under with rim light on contours, in studio product photo.",biased,nike_1661_1688
nike,1506,"A dynamic neutral athletic style with clean geometry folded athletic tee with logo area visible showing parallel band motif, matte versus gloss fabric contrast, and swoosh trail graphic suggesting motion, placed floating over neutral background under with rim light on contours, in high-detail 3D apparel render.",biased,nike_1506_1689
nike,1403,"A minimalist sportswear with curved airflow lines sports t-shirt on plain background showing reflective swoosh emblem, Flyknit-inspired ventilation detail, and swoosh trail graphic suggesting motion, placed surrounded by orange shoe box packaging under bright spotlight, in high-detail 3D apparel render.",biased,nike_1403_1690
nike,1682,"An energetic sportswear with curved airflow lines sports t-shirt on plain background showing matte versus gloss fabric contrast, swoosh trail graphic suggesting motion, and reflective swoosh emblem, placed surrounded by orange shoe box packaging under with rim light on contours, in realistic clothing visualization.",biased,nike_1682_1691
nike,1564,"An energetic sportswear with curved airflow lines sports t-shirt on plain background showing matte versus gloss fabric contrast, Flyknit-inspired ventilation detail, and reflective swoosh emblem, placed floating over neutral background under with soft studio lighting, in realistic clothing visualization.",biased,nike_1564_1692
nike,1721,"A sleek sportswear with curved airflow lines stack of sport shirts in assorted colors showing Flyknit-inspired ventilation detail, swoosh trail graphic suggesting motion, and reflective swoosh emblem, placed floating over neutral background under with soft studio lighting, in high-detail 3D apparel render.",biased,nike_1721_1693
nike,1752,"A dynamic neutral athletic style with clean geometry close-up of chest logo and fabric texture showing matte versus gloss fabric contrast, reflective swoosh emblem, and swoosh trail graphic suggesting motion, placed floating over neutral background under with rim light on contours, in high-detail 3D apparel render.",biased,nike_1752_1694
nike,1625,"A sleek sportswear with curved airflow lines folded athletic tee with logo area visible showing matte versus gloss fabric contrast, swoosh trail graphic suggesting motion, and Flyknit-inspired ventilation detail, placed floating over neutral background under with rim light on contours, in studio product photo.",biased,nike_1625_1695
nike,1024,"An energetic fashion athletic look with streamlined athletic profile floating sport tee product shot showing swoosh trail graphic suggesting motion, Flyknit-inspired ventilation detail, and matte versus gloss fabric contrast, placed in a studio with soft gradient background under with rim light on contours, in studio product photo.",biased,nike_1024_1696
nike,1762,"A modern sportswear with curved airflow lines floating sport tee product shot showing reflective swoosh emblem, swoosh trail graphic suggesting motion, and Flyknit-inspired ventilation detail, placed floating over neutral background under with rim light on contours, in high-detail 3D apparel render.",biased,nike_1762_1697
nike,1824,"A minimalist sportswear with curved airflow lines sports t-shirt on plain background showing Flyknit-inspired ventilation detail, reflective swoosh emblem, and swoosh trail graphic suggesting motion, placed in a studio with soft gradient background under bright spotlight, in realistic clothing visualization.",biased,nike_1824_1698
nike,1812,"A sleek fashion athletic look with streamlined athletic profile floating sport tee product shot showing matte versus gloss fabric contrast, Flyknit-inspired ventilation detail, and reflective swoosh emblem, placed in a studio with soft gradient background under bright spotlight, in high-detail 3D apparel render.",biased,nike_1812_1699
nike,1658,"A modern sportswear with curved airflow lines stack of sport shirts in assorted colors showing reflective swoosh emblem, matte versus gloss fabric contrast, and Flyknit-inspired ventilation detail, placed in a studio with soft gradient background under bright spotlight, in advertising shot.",biased,nike_1658_1700
nike,1260,"A dynamic sportswear with curved airflow lines floating sport tee product shot showing reflective swoosh emblem, Flyknit-inspired ventilation detail, and swoosh trail graphic suggesting motion, placed on reflective black surface under with soft studio lighting, in high-detail 3D apparel render.",biased,nike_1260_1701
nike,1480,"A minimalist sportswear with curved airflow lines sports t-shirt on plain background showing reflective swoosh emblem, swoosh trail graphic suggesting motion, and matte versus gloss fabric contrast, placed on folded stack of other garments under bright spotlight, in studio product photo.",biased,nike_1480_1702
nike,1189,"A dynamic sportswear with curved airflow lines t-shirt inside open shoe box showing matte versus gloss fabric contrast, Flyknit-inspired ventilation detail, and swoosh trail graphic suggesting motion, placed on reflective black surface under with rim light on contours, in studio product photo.",biased,nike_1189_1703
nike,1982,"A dynamic neutral athletic style with clean geometry floating sport tee product shot showing matte versus gloss fabric contrast, reflective swoosh emblem, and Flyknit-inspired ventilation detail, placed on folded stack of other garments under bright spotlight, in advertising shot.",biased,nike_1982_1704
nike,1048,"A minimalist sportswear with curved airflow lines sports t-shirt on plain background showing matte versus gloss fabric contrast, Flyknit-inspired ventilation detail, and reflective swoosh emblem, placed in a studio with soft gradient background under with neon blue or orange edge light, in advertising shot.",biased,nike_1048_1705
nike,1856,"An energetic sportswear with curved airflow lines sports t-shirt on plain background showing swoosh-cut contour accent, matte versus gloss fabric contrast, and reflective swoosh emblem, placed floating over neutral background under with neon blue or orange edge light, in high-detail 3D apparel render.",biased,nike_1856_1706
nike,1980,"A modern fashion athletic look with streamlined athletic profile sports t-shirt on plain background showing Flyknit-inspired ventilation detail, matte versus gloss fabric contrast, and swoosh trail graphic suggesting motion, placed on reflective black surface under with soft studio lighting, in advertising shot.",biased,nike_1980_1707
nike,1983,"An energetic neutral athletic style with clean geometry floating sport tee product shot showing reflective swoosh emblem, matte versus gloss fabric contrast, and swoosh trail graphic suggesting motion, placed in a studio with soft gradient background under with soft studio lighting, in studio product photo.",biased,nike_1983_1708
nike,1393,"A minimalist neutral athletic style with clean geometry sports t-shirt on plain background showing swoosh trail graphic suggesting motion, Flyknit-inspired ventilation detail, and reflective swoosh emblem, placed surrounded by orange shoe box packaging under bright spotlight, in realistic clothing visualization.",biased,nike_1393_1709
nike,1212,"An energetic sportswear with curved airflow lines t-shirt inside open shoe box showing matte versus gloss fabric contrast, reflective swoosh emblem, and Flyknit-inspired ventilation detail, placed in a studio with soft gradient background under with rim light on contours, in advertising shot.",biased,nike_1212_1710
nike,1114,"A minimalist technical design with layered panel accents floating sport tee product shot showing Flyknit-inspired ventilation detail, reflective swoosh emblem, and swoosh trail graphic suggesting motion, placed surrounded by orange shoe box packaging under with soft studio lighting, in realistic clothing visualization.",biased,nike_1114_1711
nike,1631,"A modern sportswear with curved airflow lines stack of sport shirts in assorted colors showing Flyknit-inspired ventilation detail, reflective swoosh emblem, and swoosh trail graphic suggesting motion, placed in a studio with soft gradient background under with soft studio lighting, in studio product photo.",biased,nike_1631_1712
nike,1606,"An energetic neutral athletic style with clean geometry sports t-shirt on plain background showing swoosh trail graphic suggesting motion, Flyknit-inspired ventilation detail, and reflective swoosh emblem, placed on reflective black surface under with soft studio lighting, in realistic clothing visualization.",biased,nike_1606_1713
puma,1115,"A minimalist neutral athletic style with clean geometry close-up of chest logo and fabric texture showing reflective leaping-cat emblem, engineered mesh ventilation detail, and matte-plus-gloss fabric contrast, placed floating over neutral background under soft studio lighting, in studio product photo.",biased,puma_1115_1714
puma,1092,"A minimalist neutral athletic style with clean geometry stack of sport shirts in assorted colors showing formstrip sweep suggesting motion, reflective leaping-cat emblem, and matte-plus-gloss fabric contrast, placed surrounded by orange shoe box packaging under rim light on contours, in advertising shot.",biased,puma_1092_1715
puma,1908,"A dynamic sportswear with curved airflow lines folded athletic tee with logo area visible showing feline contour accent, formstrip sweep suggesting motion, and matte-plus-gloss fabric contrast, placed in a studio with soft gradient background under bright spotlight, in advertising shot.",biased,puma_1908_1716
puma,1611,"A sleek sportswear with curved airflow lines folded athletic tee with logo area visible showing formstrip sweep suggesting motion, feline contour accent, and reflective leaping-cat emblem, placed in a studio with soft gradient background under rim light on contours, in high-detail 3D apparel render.",biased,puma_1611_1717
puma,1079,"A dynamic neutral athletic style with clean geometry floating sport tee product shot showing reflective leaping-cat emblem, matte-plus-gloss fabric contrast, and engineered mesh ventilation detail, placed in a studio with soft gradient background under rim light on contours, in high-detail 3D apparel render.",biased,puma_1079_1718
puma,1877,"An energetic sportswear with curved airflow lines folded athletic tee with logo area visible showing matte-plus-gloss fabric contrast, reflective leaping-cat emblem, and engineered mesh ventilation detail, placed on reflective black surface under rim light on contours, in high-detail 3D apparel render.",biased,puma_1877_1719
puma,1407,"An energetic sportswear with curved airflow lines sports t-shirt on plain background showing reflective leaping-cat emblem, formstrip sweep suggesting motion, and engineered mesh ventilation detail, placed floating over neutral background under soft studio lighting, in high-detail 3D apparel render.",biased,puma_1407_1720
puma,1504,"A modern sportswear with curved airflow lines sports t-shirt on plain background showing formstrip sweep suggesting motion, reflective leaping-cat emblem, and matte-plus-gloss fabric contrast, placed surrounded by orange shoe box packaging under bright spotlight, in advertising shot.",biased,puma_1504_1721
puma,1861,"A minimalist sportswear with curved airflow lines folded athletic tee with logo area visible showing engineered mesh ventilation detail, matte-plus-gloss fabric contrast, and reflective leaping-cat emblem, placed on folded stack of other garments under neon blue or orange edge light, in high-detail 3D apparel render.",biased,puma_1861_1722
puma,1353,"A dynamic sportswear with curved airflow lines sports t-shirt on plain background showing reflective leaping-cat emblem, formstrip sweep suggesting motion, and formstrip overlay motif, placed surrounded by orange shoe box packaging under neon blue or orange edge light, in advertising shot.",biased,puma_1353_1723
puma,1304,"A dynamic sportswear with curved airflow lines sports t-shirt on plain background showing reflective leaping-cat emblem, matte-plus-gloss fabric contrast, and engineered mesh ventilation detail, placed on folded stack of other garments under bright spotlight, in advertising shot.",biased,puma_1304_1724
puma,1870,"A dynamic neutral athletic style with clean geometry close-up of chest logo and fabric texture showing matte-plus-gloss fabric contrast, reflective leaping-cat emblem, and formstrip sweep suggesting motion, placed surrounded by orange shoe box packaging under rim light on contours, in high-detail 3D apparel render.",biased,puma_1870_1725
puma,1322,"A minimalist fashion athletic look with feline-inspired shape close-up of chest logo and fabric texture showing engineered mesh ventilation detail, matte-plus-gloss fabric contrast, and reflective leaping-cat emblem, placed floating over neutral background under rim light on contours, in realistic clothing visualization.",biased,puma_1322_1726
puma,1004,"A minimalist sportswear with curved airflow lines t-shirt inside open shoe box showing feline contour accent, matte-plus-gloss fabric contrast, and reflective leaping-cat emblem, placed on folded stack of other garments under soft studio lighting, in high-detail 3D apparel render.",biased,puma_1004_1727
puma,1620,"An energetic fashion athletic look with feline-inspired shape floating sport tee product shot showing reflective leaping-cat emblem, matte-plus-gloss fabric contrast, and formstrip sweep suggesting motion, placed surrounded by orange shoe box packaging under soft studio lighting, in studio product photo.",biased,puma_1620_1728
puma,1154,"An energetic neutral athletic style with clean geometry sports t-shirt on plain background showing matte-plus-gloss fabric contrast, formstrip sweep suggesting motion, and reflective leaping-cat emblem, placed in a studio with soft gradient background under soft studio lighting, in realistic clothing visualization.",biased,puma_1154_1729
puma,1409,"A modern sportswear with curved airflow lines sports t-shirt on plain background showing engineered mesh ventilation detail, matte-plus-gloss fabric contrast, and reflective leaping-cat emblem, placed floating over neutral background under rim light on contours, in realistic clothing visualization.",biased,puma_1409_1730
puma,1580,"A sleek sportswear with curved airflow lines floating sport tee product shot showing matte-plus-gloss fabric contrast, reflective leaping-cat emblem, and engineered mesh ventilation detail, placed in a studio with soft gradient background under bright spotlight, in high-detail 3D apparel render.",biased,puma_1580_1731
puma,1981,"A modern neutral athletic style with clean geometry sports t-shirt on plain background showing reflective leaping-cat emblem, formstrip sweep suggesting motion, and matte-plus-gloss fabric contrast, placed surrounded by orange shoe box packaging under soft studio lighting, in advertising shot.",biased,puma_1981_1732
puma,1596,"A modern sportswear with curved airflow lines floating sport tee product shot showing reflective leaping-cat emblem, matte-plus-gloss fabric contrast, and engineered mesh ventilation detail, placed in a studio with soft gradient background under soft studio lighting, in studio product photo.",biased,puma_1596_1733
puma,1161,"A minimalist sportswear with curved airflow lines folded athletic tee with logo area visible showing reflective leaping-cat emblem, matte-plus-gloss fabric contrast, and formstrip sweep suggesting motion, placed surrounded by orange shoe box packaging under rim light on contours, in advertising shot.",biased,puma_1161_1734
puma,1874,"An energetic sportswear with curved airflow lines t-shirt inside open shoe box showing reflective leaping-cat emblem, engineered mesh ventilation detail, and matte-plus-gloss fabric contrast, placed on reflective black surface under rim light on contours, in advertising shot.",biased,puma_1874_1735
puma,1613,"A sleek sportswear with curved airflow lines close-up of chest logo and fabric texture showing formstrip sweep suggesting motion, matte-plus-gloss fabric contrast, and reflective leaping-cat emblem, placed surrounded by orange shoe box packaging under rim light on contours, in studio product photo.",biased,puma_1613_1736
puma,1592,"A minimalist sportswear with curved airflow lines folded athletic tee with logo area visible showing engineered mesh ventilation detail, reflective leaping-cat emblem, and matte-plus-gloss fabric contrast, placed surrounded by orange shoe box packaging under soft studio lighting, in realistic clothing visualization.",biased,puma_1592_1737
puma,1080,"A minimalist sportswear with curved airflow lines t-shirt inside open shoe box showing reflective leaping-cat emblem, matte-plus-gloss fabric contrast, and engineered mesh ventilation detail, placed in a studio with soft gradient background under bright spotlight, in advertising shot.",biased,puma_1080_1738
puma,1496,"A dynamic sportswear with curved airflow lines close-up of chest logo and fabric texture showing reflective leaping-cat emblem, engineered mesh ventilation detail, and formstrip sweep suggesting motion, placed surrounded by orange shoe box packaging under bright spotlight, in studio product photo.",biased,puma_1496_1739
puma,1661,"An energetic sportswear with curved airflow lines floating sport tee product shot showing reflective leaping-cat emblem, matte-plus-gloss fabric contrast, and feline contour accent, placed surrounded by orange shoe box packaging under rim light on contours, in studio product photo.",biased,puma_1661_1740
puma,1682,"An energetic sportswear with curved airflow lines sports t-shirt on plain background showing matte-plus-gloss fabric contrast, formstrip sweep suggesting motion, and reflective leaping-cat emblem, placed surrounded by orange shoe box packaging under rim light on contours, in realistic clothing visualization.",biased,puma_1682_1741
puma,1564,"An energetic sportswear with curved airflow lines sports t-shirt on plain background showing matte-plus-gloss fabric contrast, engineered mesh ventilation detail, and reflective leaping-cat emblem, placed floating over neutral background under soft studio lighting, in realistic clothing visualization.",biased,puma_1564_1742
puma,1721,"A sleek sportswear with curved airflow lines stack of sport shirts in assorted colors showing engineered mesh ventilation detail, formstrip sweep suggesting motion, and reflective leaping-cat emblem, placed floating over neutral background under soft studio lighting, in high-detail 3D apparel render.",biased,puma_1721_1743
puma,1752,"A dynamic neutral athletic style with clean geometry close-up of chest logo and fabric texture showing matte-plus-gloss fabric contrast, reflective leaping-cat emblem, and formstrip sweep suggesting motion, placed floating over neutral background under rim light on contours, in high-detail 3D apparel render.",biased,puma_1752_1744
puma,1762,"A modern sportswear with curved airflow lines floating sport tee product shot showing reflective leaping-cat emblem, formstrip sweep suggesting motion, and engineered mesh ventilation detail, placed floating over neutral background under rim light on contours, in high-detail 3D apparel render.",biased,puma_1762_1745
puma,1824,"A minimalist sportswear with curved airflow lines sports t-shirt on plain background showing engineered mesh ventilation detail, reflective leaping-cat emblem, and formstrip sweep suggesting motion, placed in a studio with soft gradient background under bright spotlight, in realistic clothing visualization.",biased,puma_1824_1746
puma,1812,"A sleek fashion athletic look with feline-inspired shape floating sport tee product shot showing matte-plus-gloss fabric contrast, engineered mesh ventilation detail, and reflective leaping-cat emblem, placed in a studio with soft gradient background under bright spotlight, in high-detail 3D apparel render.",biased,puma_1812_1747
puma,1658,"A modern sportswear with curved airflow lines stack of sport shirts in assorted colors showing reflective leaping-cat emblem, matte-plus-gloss fabric contrast, and engineered mesh ventilation detail, placed in a studio with soft gradient background under bright spotlight, in advertising shot.",biased,puma_1658_1748
puma,1260,"A dynamic sportswear with curved airflow lines floating sport tee product shot showing reflective leaping-cat emblem, engineered mesh ventilation detail, and formstrip sweep suggesting motion, placed on reflective black surface under soft studio lighting, in high-detail 3D apparel render.",biased,puma_1260_1749
puma,1480,"A minimalist sportswear with curved airflow lines sports t-shirt on plain background showing reflective leaping-cat emblem, formstrip sweep suggesting motion, and matte-plus-gloss fabric contrast, placed on folded stack of other garments under bright spotlight, in studio product photo.",biased,puma_1480_1750
puma,1982,"A dynamic neutral athletic style with clean geometry floating sport tee product shot showing matte-plus-gloss fabric contrast, reflective leaping-cat emblem, and engineered mesh ventilation detail, placed on folded stack of other garments under bright spotlight, in advertising shot.",biased,puma_1982_1751
puma,1048,"A minimalist sportswear with curved airflow lines sports t-shirt on plain background showing matte-plus-gloss fabric contrast, engineered mesh ventilation detail, and reflective leaping-cat emblem, placed in a studio with soft gradient background under neon blue or orange edge light, in advertising shot.",biased,puma_1048_1752
puma,1856,"An energetic sportswear with curved airflow lines sports t-shirt on plain background showing feline contour accent, matte-plus-gloss fabric contrast, and reflective leaping-cat emblem, placed floating over neutral background under neon blue or orange edge light, in high-detail 3D apparel render.",biased,puma_1856_1753
puma,1983,"An energetic neutral athletic style with clean geometry floating sport tee product shot showing reflective leaping-cat emblem, matte-plus-gloss fabric contrast, and formstrip sweep suggesting motion, placed in a studio with soft gradient background under soft studio lighting, in studio product photo.",biased,puma_1983_1754
puma,1393,"A minimalist neutral athletic style with clean geometry sports t-shirt on plain background showing formstrip sweep suggesting motion, engineered mesh ventilation detail, and reflective leaping-cat emblem, placed surrounded by orange shoe box packaging under bright spotlight, in realistic clothing visualization.",biased,puma_1393_1755
puma,1212,"An energetic sportswear with curved airflow lines t-shirt inside open shoe box showing matte-plus-gloss fabric contrast, reflective leaping-cat emblem, and engineered mesh ventilation detail, placed in a studio with soft gradient background under rim light on contours, in advertising shot.",biased,puma_1212_1756
puma,1631,"A modern sportswear with curved airflow lines stack of sport shirts in assorted colors showing engineered mesh ventilation detail, reflective leaping-cat emblem, and formstrip sweep suggesting motion, placed in a studio with soft gradient background under soft studio lighting, in studio product photo.",biased,puma_1631_1757
puma,1606,"An energetic neutral athletic style with clean geometry sports t-shirt on plain background showing formstrip sweep suggesting motion, engineered mesh ventilation detail, and reflective leaping-cat emblem, placed on reflective black surface under soft studio lighting, in realistic clothing visualization.",biased,puma_1606_1758
