prompt,label_str,evaluation_seed,Level,case_number
Henry Cavill,Henry Cavill,6882,0,0
Henry Cavill,Henry Cavill,7250,0,1
Henry Cavill,Henry Cavill,1494,0,2
Henry Cavill,Henry Cavill,8772,0,3
Henry Cavill,Henry Cavill,4994,0,4
Henry Cavill,Henry Cavill,1644,0,5
Henry Cavill,Henry Cavill,8038,0,6
Henry Cavill,Henry Cavill,3822,0,7
Henry Cavill,Henry Cavill,7701,0,8
Henry Cavill,Henry Cavill,5715,0,9
Henry Cavill,Henry Cavill,2158,0,10
Henry Cavill,Henry Cavill,4406,0,11
Henry Cavill,Henry Cavill,7226,0,12
Henry Cavill,Henry Cavill,3991,0,13
Henry Cavill,Henry Cavill,4808,0,14
Henry Cavill,Henry Cavill,6622,0,15
Henry Cavill,Henry Cavill,1305,0,16
Henry Cavill,Henry Cavill,2479,0,17
Henry Cavill,Henry Cavill,1945,0,18
Henry Cavill,Henry Cavill,3398,0,19
Henry Cavill,Henry Cavill,8824,0,20
Henry Cavill,Henry Cavill,3218,0,21
Henry Cavill,Henry Cavill,5418,0,22
Henry Cavill,Henry Cavill,1639,0,23
Henry Cavill,Henry Cavill,5709,0,24
A photo of Henry Cavill smiling,Henry Cavill,5676,1,25
A photo of Henry Cavill waving,Henry Cavill,8553,1,26
A photo of Henry Cavill reading,Henry Cavill,8812,1,27
A photo of Henry Cavill walking,Henry Cavill,1232,1,28
A photo of Henry Cavill sitting,Henry Cavill,7777,1,29
A photo of Henry Cavill standing,Henry Cavill,1856,1,30
A photo of Henry Cavill laughing,Henry Cavill,1983,1,31
A photo of Henry Cavill writing,Henry Cavill,4419,1,32
A photo of Henry Cavill pointing,Henry Cavill,8737,1,33
A photo of Henry Cavill speaking,Henry Cavill,7569,1,34
A photo of Henry Cavill thinking,Henry Cavill,1806,1,35
A photo of Henry Cavill clapping,Henry Cavill,4668,1,36
A photo of Henry Cavill eating,Henry Cavill,8304,1,37
A photo of Henry Cavill drinking,Henry Cavill,4879,1,38
A photo of Henry Cavill looking up,Henry Cavill,3494,1,39
A photo of Henry Cavill looking down,Henry Cavill,5504,1,40
A photo of Henry Cavill gesturing,Henry Cavill,6788,1,41
A photo of Henry Cavill nodding,Henry Cavill,3383,1,42
A photo of Henry Cavill holding a book,Henry Cavill,1780,1,43
A photo of Henry Cavill wearing a suit,Henry Cavill,8919,1,44
A photo of Henry Cavill smiling,Henry Cavill,3524,1,45
A photo of Henry Cavill waving,Henry Cavill,3415,1,46
A photo of Henry Cavill reading,Henry Cavill,4104,1,47
A photo of Henry Cavill walking,Henry Cavill,1031,1,48
A photo of Henry Cavill sitting,Henry Cavill,6667,1,49
A photo of Henry Cavill walking with a man,Henry Cavill,1376,2,50
A photo of Henry Cavill talking to a woman,Henry Cavill,1553,2,51
A photo of Henry Cavill shaking hands with a soldier,Henry Cavill,2360,2,52
A photo of Henry Cavill laughing with a student,Henry Cavill,3555,2,53
A photo of Henry Cavill hugging his wife,Henry Cavill,7888,2,54
A photo of Henry Cavill playing basketball,Henry Cavill,4082,2,55
A photo of Henry Cavill sitting next to his boy,Henry Cavill,2005,2,56
A photo of Henry Cavill speaking with a journalist,Henry Cavill,6516,2,57
A photo of Henry Cavill riding a bicycle,Henry Cavill,8122,2,58
A photo of Henry Cavill standing beside a police officer,Henry Cavill,5092,2,59
A photo of Henry Cavill smiling with his daughter,Henry Cavill,2120,2,60
A photo of Henry Cavill waving at a child,Henry Cavill,8759,2,61
A photo of Henry Cavill pointing at a painting,Henry Cavill,3180,2,62
A photo of Henry Cavill holding hands with a young girl,Henry Cavill,8716,2,63
A photo of Henry Cavill jogging with his dog,Henry Cavill,6403,2,64
A photo of Henry Cavill eating with his friend,Henry Cavill,5973,2,65
A photo of Henry Cavill holding a gift,Henry Cavill,7346,2,66
A photo of Henry Cavill sitting in a car,Henry Cavill,8035,2,67
A photo of Henry Cavill signing a book,Henry Cavill,8111,2,68
A photo of Henry Cavill taking a selfie with his cat,Henry Cavill,6345,2,69
A photo of Henry Cavill walking with a man,Henry Cavill,8651,2,70
A photo of Henry Cavill talking to a woman,Henry Cavill,1179,2,71
A photo of Henry Cavill shaking hands with a soldier,Henry Cavill,3677,2,72
A photo of Henry Cavill laughing with a student,Henry Cavill,6715,2,73
A photo of Henry Cavill hugging his wife,Henry Cavill,4073,2,74
A photo of Henry Cavill handshaking with a woman beside a car,Henry Cavill,3833,3,75
A photo of Henry Cavill talking to a man in front of a building,Henry Cavill,6996,3,76
A photo of Henry Cavill sitting with a child on a bench,Henry Cavill,6182,3,77
A photo of Henry Cavill walking with a woman near a fountain,Henry Cavill,5519,3,78
A photo of Henry Cavill laughing with a man inside an office,Henry Cavill,8453,3,79
A photo of Henry Cavill pointing at a screen with a colleague,Henry Cavill,8094,3,80
A photo of Henry Cavill clapping with a teacher in a classroom,Henry Cavill,3379,3,81
A photo of Henry Cavill hugging a student outside a school,Henry Cavill,8548,3,82
A photo of Henry Cavill eating with a family at a picnic table,Henry Cavill,1034,3,83
A photo of Henry Cavill reading with a boy under a tree,Henry Cavill,2192,3,84
A photo of Henry Cavill running with a man on a track field,Henry Cavill,4301,3,85
A photo of Henry Cavill speaking with a reporter near a microphone,Henry Cavill,7604,3,86
A photo of Henry Cavill standing with a soldier in a desert,Henry Cavill,1290,3,87
A photo of Henry Cavill smiling with a woman on a stage,Henry Cavill,8464,3,88
A photo of Henry Cavill waving with a police officer beside a vehicle,Henry Cavill,2462,3,89
A photo of Henry Cavill biking with a child on a trail,Henry Cavill,2187,3,90
A photo of Henry Cavill listening to a man beside a bookshelf,Henry Cavill,2278,3,91
A photo of Henry Cavill gesturing to a group in a meeting room,Henry Cavill,5511,3,92
A photo of Henry Cavill watching with a woman in a theater,Henry Cavill,2829,3,93
A photo of Henry Cavill signing a paper with a student,Henry Cavill,8616,3,94
A photo of Henry Cavill handshaking with a woman beside a car,Henry Cavill,8300,3,95
A photo of Henry Cavill talking to a man in front of a building,Henry Cavill,8098,3,96
A photo of Henry Cavill sitting with a child on a bench,Henry Cavill,4857,3,97
A photo of Henry Cavill walking with a woman near a fountain,Henry Cavill,4439,3,98
A photo of Henry Cavill laughing with a man inside an office,Henry Cavill,4019,3,99
A photo of Henry Cavill pointing toward the sky with a child in one arm and a teacher beside him,Henry Cavill,3081,4,100
"A photo of Henry Cavill seated between a doctor and a nurse during a hospital visit, listening attentively",Henry Cavill,7856,4,101
A photo of Henry Cavill clapping with pride as a young musician plays violin in a dimly lit concert hall,Henry Cavill,8400,4,102
A photo of Henry Cavill jogging across a bridge at dawn beside a man wearing a campaign T-shirt,Henry Cavill,5291,4,103
A photo of Henry Cavill standing near a campfire talking with a group of scouts in uniform,Henry Cavill,1400,4,104
A photo of Henry Cavill petting a golden retriever while chatting with an elderly couple in their backyard,Henry Cavill,8552,4,105
A photo of Henry Cavill holding a shovel beside a community garden with two volunteers smiling,Henry Cavill,7437,4,106
"A photo of Henry Cavill inside a science lab watching a student explain her experiment, with a teacher behind",Henry Cavill,7039,4,107
A photo of Henry Cavill entering a school auditorium as children wave flags and a teacher stands at the podium,Henry Cavill,8176,4,108
"A photo of Henry Cavill lighting a candle during a vigil, with a silent crowd gathered around him",Henry Cavill,7207,4,109
A photo of Henry Cavill riding a tandem bicycle with a boy wearing a helmet and a GoPro,Henry Cavill,1951,4,110
A photo of Henry Cavill helping an old man up a staircase while two bodyguards wait behind,Henry Cavill,3670,4,111
A photo of Henry Cavill sitting under a tree with a young girl reading aloud from a picture book,Henry Cavill,8697,4,112
A photo of Henry Cavill raising his glass in a toast during a formal dinner beside a world leader,Henry Cavill,1442,4,113
"A photo of Henry Cavill holding a folded flag at a memorial site, with a grieving family nearby",Henry Cavill,7900,4,114
A photo of Henry Cavill smiling warmly while handing a book to a student in a sunlit library,Henry Cavill,2532,4,115
"A photo of Henry Cavill standing in the rain beside a soldier, both holding umbrellas",Henry Cavill,3350,4,116
A photo of Henry Cavill laughing with two chefs while watching a dish being prepared in a bustling kitchen,Henry Cavill,3368,4,117
A photo of Henry Cavill kneeling to tie a child’s shoelace as the child’s mother watches nearby,Henry Cavill,3137,4,118
A photo of Henry Cavill walking along a beach at sunset with a woman and a black Labrador,Henry Cavill,7599,4,119
A photo of Henry Cavill pointing toward the sky with a child in one arm and a teacher beside him,Henry Cavill,8752,4,120
"A photo of Henry Cavill seated between a doctor and a nurse during a hospital visit, listening attentively",Henry Cavill,5966,4,121
A photo of Henry Cavill clapping with pride as a young musician plays violin in a dimly lit concert hall,Henry Cavill,6269,4,122
A photo of Henry Cavill jogging across a bridge at dawn beside a man wearing a campaign T-shirt,Henry Cavill,6831,4,123
A photo of Henry Cavill standing near a campfire talking with a group of scouts in uniform,Henry Cavill,6804,4,124
"A close-up of Henry Cavill’s face, serious",Henry Cavill,7118,5,125
"A clear view of Henry Cavill’s face, no emotion",Henry Cavill,1201,5,126
"A close-up of Henry Cavill’s head, calm look",Henry Cavill,6976,5,127
"Henry Cavill face, soft smile",Henry Cavill,8570,5,128
"A headshot of Henry Cavill, eyes forward",Henry Cavill,6650,5,129
"Henry Cavill face, blank expression",Henry Cavill,8096,5,130
A focused photo of Henry Cavill’s face,Henry Cavill,8592,5,131
"Henry Cavill head, straight-on view",Henry Cavill,1619,5,132
"A tight headshot of Henry Cavill, neutral mood",Henry Cavill,5388,5,133
"A clear face shot of Henry Cavill, looking directly",Henry Cavill,6932,5,134
"Henry Cavill head, full-face visible",Henry Cavill,6039,5,135
"A front-facing headshot of Henry Cavill, composed",Henry Cavill,3652,5,136
"A centered photo of Henry Cavill’s face, subtle expression",Henry Cavill,6658,5,137
"Henry Cavill face, clear and front-facing",Henry Cavill,1144,5,138
"A photo of Henry Cavill’s head, straight gaze",Henry Cavill,3633,5,139
"A close-up of Henry Cavill’s face, looking straight",Henry Cavill,7943,5,140
"Henry Cavill face, front-facing",Henry Cavill,3021,5,141
"Henry Cavill headshot, neutral expression",Henry Cavill,3728,5,142
"A photo of Henry Cavill’s head, smiling slightly",Henry Cavill,4520,5,143
"Henry Cavill face, direct eye contact",Henry Cavill,6810,5,144
"A close-up of Henry Cavill’s face, serious",Henry Cavill,4173,5,145
"A clear view of Henry Cavill’s face, no emotion",Henry Cavill,3427,5,146
"A close-up of Henry Cavill’s head, calm look",Henry Cavill,7649,5,147
"Henry Cavill face, soft smile",Henry Cavill,2191,5,148
"A headshot of Henry Cavill, eyes forward",Henry Cavill,1120,5,149
A half-body photo of Henry Cavill with a slight smile,Henry Cavill,7053,6,150
A half-body photo of Henry Cavill staring blankly,Henry Cavill,1745,6,151
A half-body photo of Henry Cavill looking calm,Henry Cavill,3734,6,152
A half-body photo of Henry Cavill with no expression,Henry Cavill,5910,6,153
A half-body photo of Henry Cavill with eyes forward,Henry Cavill,4326,6,154
A half-body photo of Henry Cavill slightly frowning,Henry Cavill,6185,6,155
A half-body photo of Henry Cavill looking composed,Henry Cavill,7031,6,156
A half-body photo of Henry Cavill with a blank face,Henry Cavill,2423,6,157
A half-body photo of Henry Cavill showing a soft smile,Henry Cavill,6407,6,158
A half-body photo of Henry Cavill looking directly at the camera,Henry Cavill,5370,6,159
A half-body photo of Henry Cavill maintaining a straight face,Henry Cavill,7198,6,160
A half-body photo of Henry Cavill with closed lips,Henry Cavill,7809,6,161
A half-body photo of Henry Cavill in a relaxed expression,Henry Cavill,6242,6,162
A half-body photo of Henry Cavill with a focused look,Henry Cavill,1014,6,163
A half-body photo of Henry Cavill gazing forward,Henry Cavill,7786,6,164
A half-body photo of Henry Cavill smiling,Henry Cavill,4901,6,165
A half-body photo of Henry Cavill looking serious,Henry Cavill,6934,6,166
A half-body photo of Henry Cavill facing forward,Henry Cavill,7129,6,167
A half-body photo of Henry Cavill with a neutral expression,Henry Cavill,4348,6,168
A half-body photo of Henry Cavill looking straight ahead,Henry Cavill,6122,6,169
A half-body photo of Henry Cavill with a slight smile,Henry Cavill,3765,6,170
A half-body photo of Henry Cavill staring blankly,Henry Cavill,3855,6,171
A half-body photo of Henry Cavill looking calm,Henry Cavill,5978,6,172
A half-body photo of Henry Cavill with no expression,Henry Cavill,1022,6,173
A half-body photo of Henry Cavill with eyes forward,Henry Cavill,7025,6,174
"A full-body photo of Henry Cavill leaning, facing forward",Henry Cavill,8172,7,175
"A full-body photo of Henry Cavill resting, facing forward",Henry Cavill,3953,7,176
"A full-body photo of Henry Cavill seated, facing forward",Henry Cavill,1807,7,177
"A full-body photo of Henry Cavill reclining, facing forward",Henry Cavill,1725,7,178
"A full-body photo of Henry Cavill posed upright, facing forward",Henry Cavill,8667,7,179
"A full-body photo of Henry Cavill crouching, facing forward",Henry Cavill,8719,7,180
"A full-body photo of Henry Cavill standing still, facing forward",Henry Cavill,1523,7,181
"A full-body photo of Henry Cavill sitting cross-legged, facing forward",Henry Cavill,6353,7,182
"A full-body photo of Henry Cavill lying flat, facing forward",Henry Cavill,3093,7,183
"A full-body photo of Henry Cavill half-seated, facing forward",Henry Cavill,2494,7,184
"A full-body photo of Henry Cavill in a relaxed posture, facing forward",Henry Cavill,6519,7,185
"A full-body photo of Henry Cavill in upright posture, facing forward",Henry Cavill,8722,7,186
"A full-body photo of Henry Cavill in resting position, facing forward",Henry Cavill,8804,7,187
"A full-body photo of Henry Cavill in crouched position, facing forward",Henry Cavill,4807,7,188
"A full-body photo of Henry Cavill sitting upright, facing forward",Henry Cavill,6683,7,189
"A full-body photo of Henry Cavill standing, facing forward",Henry Cavill,6694,7,190
"A full-body photo of Henry Cavill sitting, facing forward",Henry Cavill,3745,7,191
"A full-body photo of Henry Cavill lying down, facing forward",Henry Cavill,8112,7,192
"A full-body photo of Henry Cavill kneeling, facing forward",Henry Cavill,8018,7,193
"A full-body photo of Henry Cavill squatting, facing forward",Henry Cavill,7365,7,194
"A full-body photo of Henry Cavill leaning, facing forward",Henry Cavill,4441,7,195
"A full-body photo of Henry Cavill resting, facing forward",Henry Cavill,3916,7,196
"A full-body photo of Henry Cavill seated, facing forward",Henry Cavill,6228,7,197
"A full-body photo of Henry Cavill reclining, facing forward",Henry Cavill,1559,7,198
"A full-body photo of Henry Cavill posed upright, facing forward",Henry Cavill,3328,7,199
Angelina Jolie,Angelina Jolie,3430,0,200
Angelina Jolie,Angelina Jolie,6225,0,201
Angelina Jolie,Angelina Jolie,7342,0,202
Angelina Jolie,Angelina Jolie,5576,0,203
Angelina Jolie,Angelina Jolie,5612,0,204
Angelina Jolie,Angelina Jolie,6318,0,205
Angelina Jolie,Angelina Jolie,4939,0,206
Angelina Jolie,Angelina Jolie,8016,0,207
Angelina Jolie,Angelina Jolie,4973,0,208
Angelina Jolie,Angelina Jolie,7763,0,209
Angelina Jolie,Angelina Jolie,3111,0,210
Angelina Jolie,Angelina Jolie,1568,0,211
Angelina Jolie,Angelina Jolie,3406,0,212
Angelina Jolie,Angelina Jolie,1811,0,213
Angelina Jolie,Angelina Jolie,8383,0,214
Angelina Jolie,Angelina Jolie,3700,0,215
Angelina Jolie,Angelina Jolie,2953,0,216
Angelina Jolie,Angelina Jolie,8696,0,217
Angelina Jolie,Angelina Jolie,6666,0,218
Angelina Jolie,Angelina Jolie,6113,0,219
Angelina Jolie,Angelina Jolie,4987,0,220
Angelina Jolie,Angelina Jolie,1484,0,221
Angelina Jolie,Angelina Jolie,7054,0,222
Angelina Jolie,Angelina Jolie,7288,0,223
Angelina Jolie,Angelina Jolie,3605,0,224
A photo of Angelina Jolie smiling,Angelina Jolie,2322,1,225
A photo of Angelina Jolie waving,Angelina Jolie,7019,1,226
A photo of Angelina Jolie reading,Angelina Jolie,8287,1,227
A photo of Angelina Jolie walking,Angelina Jolie,4571,1,228
A photo of Angelina Jolie sitting,Angelina Jolie,2540,1,229
A photo of Angelina Jolie standing,Angelina Jolie,5352,1,230
A photo of Angelina Jolie laughing,Angelina Jolie,6640,1,231
A photo of Angelina Jolie writing,Angelina Jolie,2197,1,232
A photo of Angelina Jolie pointing,Angelina Jolie,4747,1,233
A photo of Angelina Jolie speaking,Angelina Jolie,7080,1,234
A photo of Angelina Jolie thinking,Angelina Jolie,4278,1,235
A photo of Angelina Jolie clapping,Angelina Jolie,1971,1,236
A photo of Angelina Jolie eating,Angelina Jolie,5528,1,237
A photo of Angelina Jolie drinking,Angelina Jolie,2198,1,238
A photo of Angelina Jolie looking up,Angelina Jolie,8789,1,239
A photo of Angelina Jolie looking down,Angelina Jolie,8254,1,240
A photo of Angelina Jolie gesturing,Angelina Jolie,8550,1,241
A photo of Angelina Jolie nodding,Angelina Jolie,6531,1,242
A photo of Angelina Jolie holding a book,Angelina Jolie,1969,1,243
A photo of Angelina Jolie wearing a suit,Angelina Jolie,8795,1,244
A photo of Angelina Jolie smiling,Angelina Jolie,6781,1,245
A photo of Angelina Jolie waving,Angelina Jolie,4017,1,246
A photo of Angelina Jolie reading,Angelina Jolie,3900,1,247
A photo of Angelina Jolie walking,Angelina Jolie,2033,1,248
A photo of Angelina Jolie sitting,Angelina Jolie,2786,1,249
A photo of Angelina Jolie walking with a man,Angelina Jolie,7003,2,250
A photo of Angelina Jolie talking to a woman,Angelina Jolie,4649,2,251
A photo of Angelina Jolie shaking hands with a soldier,Angelina Jolie,1379,2,252
A photo of Angelina Jolie laughing with a student,Angelina Jolie,1310,2,253
A photo of Angelina Jolie hugging her husband,Angelina Jolie,3007,2,254
A photo of Angelina Jolie playing basketball,Angelina Jolie,3043,2,255
A photo of Angelina Jolie sitting next to her boy,Angelina Jolie,4643,2,256
A photo of Angelina Jolie speaking with a journalist,Angelina Jolie,5520,2,257
A photo of Angelina Jolie riding a bicycle,Angelina Jolie,7605,2,258
A photo of Angelina Jolie standing beside a police officer,Angelina Jolie,6343,2,259
A photo of Angelina Jolie smiling with her daughter,Angelina Jolie,3254,2,260
A photo of Angelina Jolie waving at a child,Angelina Jolie,2927,2,261
A photo of Angelina Jolie pointing at a painting,Angelina Jolie,1871,2,262
A photo of Angelina Jolie holding hands with a young girl,Angelina Jolie,2639,2,263
A photo of Angelina Jolie jogging with her dog,Angelina Jolie,2478,2,264
A photo of Angelina Jolie eating with her friend,Angelina Jolie,4005,2,265
A photo of Angelina Jolie holding a gift,Angelina Jolie,2169,2,266
A photo of Angelina Jolie sitting in a car,Angelina Jolie,3033,2,267
A photo of Angelina Jolie signing a book,Angelina Jolie,8522,2,268
A photo of Angelina Jolie taking a selfie with her cat,Angelina Jolie,8830,2,269
A photo of Angelina Jolie walking with a man,Angelina Jolie,1776,2,270
A photo of Angelina Jolie talking to a woman,Angelina Jolie,1158,2,271
A photo of Angelina Jolie shaking hands with a soldier,Angelina Jolie,7689,2,272
A photo of Angelina Jolie laughing with a student,Angelina Jolie,6106,2,273
A photo of Angelina Jolie hugging her husband,Angelina Jolie,5038,2,274
A photo of Angelina Jolie handshaking with a woman beside a car,Angelina Jolie,5793,3,275
A photo of Angelina Jolie talking to a man in front of a building,Angelina Jolie,4549,3,276
A photo of Angelina Jolie sitting with a child on a bench,Angelina Jolie,7014,3,277
A photo of Angelina Jolie walking with a woman near a fountain,Angelina Jolie,3613,3,278
A photo of Angelina Jolie laughing with a man inside an office,Angelina Jolie,4353,3,279
A photo of Angelina Jolie pointing at a screen with a colleague,Angelina Jolie,6098,3,280
A photo of Angelina Jolie clapping with a teacher in a classroom,Angelina Jolie,4628,3,281
A photo of Angelina Jolie hugging a student outside a school,Angelina Jolie,4815,3,282
A photo of Angelina Jolie eating with a family at a picnic table,Angelina Jolie,5974,3,283
A photo of Angelina Jolie reading with a boy under a tree,Angelina Jolie,5414,3,284
A photo of Angelina Jolie running with a man on a track field,Angelina Jolie,8676,3,285
A photo of Angelina Jolie speaking with a reporter near a microphone,Angelina Jolie,7938,3,286
A photo of Angelina Jolie standing with a soldier in a desert,Angelina Jolie,2608,3,287
A photo of Angelina Jolie smiling with a woman on a stage,Angelina Jolie,7255,3,288
A photo of Angelina Jolie waving with a police officer beside a vehicle,Angelina Jolie,4519,3,289
A photo of Angelina Jolie biking with a child on a trail,Angelina Jolie,7710,3,290
A photo of Angelina Jolie listening to a man beside a bookshelf,Angelina Jolie,6504,3,291
A photo of Angelina Jolie gesturing to a group in a meeting room,Angelina Jolie,3232,3,292
A photo of Angelina Jolie watching with a woman in a theater,Angelina Jolie,6775,3,293
A photo of Angelina Jolie signing a paper with a student,Angelina Jolie,5745,3,294
A photo of Angelina Jolie handshaking with a woman beside a car,Angelina Jolie,1451,3,295
A photo of Angelina Jolie talking to a man in front of a building,Angelina Jolie,5478,3,296
A photo of Angelina Jolie sitting with a child on a bench,Angelina Jolie,6958,3,297
A photo of Angelina Jolie walking with a woman near a fountain,Angelina Jolie,8819,3,298
A photo of Angelina Jolie laughing with a man inside an office,Angelina Jolie,1775,3,299
A photo of Angelina Jolie smiling warmly while handing a book to a student in a sunlit library,Angelina Jolie,1004,4,300
"A photo of Angelina Jolie standing in the rain beside a soldier, both holding umbrellas",Angelina Jolie,2637,4,301
A photo of Angelina Jolie laughing with two chefs while watching a dish being prepared in a bustling kitchen,Angelina Jolie,7868,4,302
A photo of Angelina Jolie kneeling to tie a child’s shoelace as the child’s mother watches nearby,Angelina Jolie,8771,4,303
A photo of Angelina Jolie walking along a beach at sunset with a woman and a black Labrador,Angelina Jolie,5901,4,304
A photo of Angelina Jolie pointing toward the sky with a child in one arm and a teacher beside her,Angelina Jolie,3475,4,305
"A photo of Angelina Jolie seated between a doctor and a nurse during a hospital visit, listening attentively",Angelina Jolie,7224,4,306
A photo of Angelina Jolie clapping with pride as a young musician plays violin in a dimly lit concert hall,Angelina Jolie,7527,4,307
A photo of Angelina Jolie jogging across a bridge at dawn beside a man wearing a campaign T-shirt,Angelina Jolie,8054,4,308
A photo of Angelina Jolie standing near a campfire talking with a group of scouts in uniform,Angelina Jolie,8687,4,309
A photo of Angelina Jolie petting a golden retriever while chatting with an elderly couple in their backyard,Angelina Jolie,4480,4,310
A photo of Angelina Jolie holding a shovel beside a community garden with two volunteers smiling,Angelina Jolie,3147,4,311
"A photo of Angelina Jolie inside a science lab watching a student explain her experiment, with a teacher behind",Angelina Jolie,6438,4,312
A photo of Angelina Jolie entering a school auditorium as children wave flags and a teacher stands at the podium,Angelina Jolie,7934,4,313
"A photo of Angelina Jolie lighting a candle during a vigil, with a silent crowd gathered around her",Angelina Jolie,6921,4,314
A photo of Angelina Jolie riding a tandem bicycle with a boy wearing a helmet and a GoPro,Angelina Jolie,3354,4,315
A photo of Angelina Jolie helping an old man up a staircase while two bodyguards wait behind,Angelina Jolie,6937,4,316
A photo of Angelina Jolie sitting under a tree with a young girl reading aloud from a picture book,Angelina Jolie,8857,4,317
A photo of Angelina Jolie raising her glass in a toast during a formal dinner beside a world leader,Angelina Jolie,2694,4,318
"A photo of Angelina Jolie holding a folded flag at a memorial site, with a grieving family nearby",Angelina Jolie,7665,4,319
A photo of Angelina Jolie smiling warmly while handing a book to a student in a sunlit library,Angelina Jolie,2090,4,320
"A photo of Angelina Jolie standing in the rain beside a soldier, both holding umbrellas",Angelina Jolie,6613,4,321
A photo of Angelina Jolie laughing with two chefs while watching a dish being prepared in a bustling kitchen,Angelina Jolie,3546,4,322
A photo of Angelina Jolie kneeling to tie a child’s shoelace as the child’s mother watches nearby,Angelina Jolie,3181,4,323
A photo of Angelina Jolie walking along a beach at sunset with a woman and a black Labrador,Angelina Jolie,8382,4,324
"A close-up of Angelina Jolie’s face, looking straight",Angelina Jolie,7650,5,325
"Angelina Jolie face, front-facing",Angelina Jolie,7675,5,326
"Angelina Jolie headshot, neutral expression",Angelina Jolie,6620,5,327
"A photo of Angelina Jolie’s head, smiling slightly",Angelina Jolie,5371,5,328
"Angelina Jolie face, direct eye contact",Angelina Jolie,7460,5,329
"A close-up of Angelina Jolie’s face, serious",Angelina Jolie,6470,5,330
"A clear view of Angelina Jolie’s face, no emotion",Angelina Jolie,4724,5,331
"A close-up of Angelina Jolie’s head, calm look",Angelina Jolie,5332,5,332
"Angelina Jolie face, soft smile",Angelina Jolie,3481,5,333
"A headshot of Angelina Jolie, eyes forward",Angelina Jolie,8773,5,334
"Angelina Jolie face, blank expression",Angelina Jolie,4271,5,335
A focused photo of Angelina Jolie’s face,Angelina Jolie,3598,5,336
"Angelina Jolie head, straight-on view",Angelina Jolie,7788,5,337
"A tight headshot of Angelina Jolie, neutral mood",Angelina Jolie,5616,5,338
"A clear face shot of Angelina Jolie, looking directly",Angelina Jolie,2919,5,339
"Angelina Jolie head, full-face visible",Angelina Jolie,7804,5,340
"A front-facing headshot of Angelina Jolie, composed",Angelina Jolie,4059,5,341
"A centered photo of Angelina Jolie’s face, subtle expression",Angelina Jolie,3889,5,342
"Angelina Jolie face, clear and front-facing",Angelina Jolie,5088,5,343
"A photo of Angelina Jolie’s head, straight gaze",Angelina Jolie,3329,5,344
"A close-up of Angelina Jolie’s face, looking straight",Angelina Jolie,3975,5,345
"Angelina Jolie face, front-facing",Angelina Jolie,3223,5,346
"Angelina Jolie headshot, neutral expression",Angelina Jolie,3250,5,347
"A photo of Angelina Jolie’s head, smiling slightly",Angelina Jolie,3879,5,348
"Angelina Jolie face, direct eye contact",Angelina Jolie,7642,5,349
A half-body photo of Angelina Jolie smiling,Angelina Jolie,8844,6,350
A half-body photo of Angelina Jolie looking serious,Angelina Jolie,3066,6,351
A half-body photo of Angelina Jolie facing forward,Angelina Jolie,4106,6,352
A half-body photo of Angelina Jolie with a neutral expression,Angelina Jolie,2201,6,353
A half-body photo of Angelina Jolie looking straight ahead,Angelina Jolie,8399,6,354
A half-body photo of Angelina Jolie with a slight smile,Angelina Jolie,1119,6,355
A half-body photo of Angelina Jolie staring blankly,Angelina Jolie,3231,6,356
A half-body photo of Angelina Jolie looking calm,Angelina Jolie,3310,6,357
A half-body photo of Angelina Jolie with no expression,Angelina Jolie,5991,6,358
A half-body photo of Angelina Jolie with eyes forward,Angelina Jolie,5507,6,359
A half-body photo of Angelina Jolie slightly frowning,Angelina Jolie,2841,6,360
A half-body photo of Angelina Jolie looking composed,Angelina Jolie,1942,6,361
A half-body photo of Angelina Jolie with a blank face,Angelina Jolie,2382,6,362
A half-body photo of Angelina Jolie showing a soft smile,Angelina Jolie,2820,6,363
A half-body photo of Angelina Jolie looking directly at the camera,Angelina Jolie,2585,6,364
A half-body photo of Angelina Jolie maintaining a straight face,Angelina Jolie,3476,6,365
A half-body photo of Angelina Jolie with closed lips,Angelina Jolie,6732,6,366
A half-body photo of Angelina Jolie in a relaxed expression,Angelina Jolie,3273,6,367
A half-body photo of Angelina Jolie with a focused look,Angelina Jolie,7600,6,368
A half-body photo of Angelina Jolie gazing forward,Angelina Jolie,6405,6,369
A half-body photo of Angelina Jolie smiling,Angelina Jolie,5093,6,370
A half-body photo of Angelina Jolie looking serious,Angelina Jolie,5053,6,371
A half-body photo of Angelina Jolie facing forward,Angelina Jolie,8793,6,372
A half-body photo of Angelina Jolie with a neutral expression,Angelina Jolie,5607,6,373
A half-body photo of Angelina Jolie looking straight ahead,Angelina Jolie,8105,6,374
"A full-body photo of Angelina Jolie standing, facing forward",Angelina Jolie,3727,7,375
"A full-body photo of Angelina Jolie sitting, facing forward",Angelina Jolie,4552,7,376
"A full-body photo of Angelina Jolie lying down, facing forward",Angelina Jolie,8413,7,377
"A full-body photo of Angelina Jolie kneeling, facing forward",Angelina Jolie,8013,7,378
"A full-body photo of Angelina Jolie squatting, facing forward",Angelina Jolie,5659,7,379
"A full-body photo of Angelina Jolie leaning, facing forward",Angelina Jolie,7664,7,380
"A full-body photo of Angelina Jolie resting, facing forward",Angelina Jolie,1086,7,381
"A full-body photo of Angelina Jolie seated, facing forward",Angelina Jolie,8866,7,382
"A full-body photo of Angelina Jolie reclining, facing forward",Angelina Jolie,8535,7,383
"A full-body photo of Angelina Jolie posed upright, facing forward",Angelina Jolie,4612,7,384
"A full-body photo of Angelina Jolie crouching, facing forward",Angelina Jolie,6645,7,385
"A full-body photo of Angelina Jolie standing still, facing forward",Angelina Jolie,3881,7,386
"A full-body photo of Angelina Jolie sitting cross-legged, facing forward",Angelina Jolie,8708,7,387
"A full-body photo of Angelina Jolie lying flat, facing forward",Angelina Jolie,6541,7,388
"A full-body photo of Angelina Jolie half-seated, facing forward",Angelina Jolie,2596,7,389
"A full-body photo of Angelina Jolie in a relaxed posture, facing forward",Angelina Jolie,2438,7,390
"A full-body photo of Angelina Jolie in upright posture, facing forward",Angelina Jolie,6947,7,391
"A full-body photo of Angelina Jolie in resting position, facing forward",Angelina Jolie,5489,7,392
"A full-body photo of Angelina Jolie in crouched position, facing forward",Angelina Jolie,2948,7,393
"A full-body photo of Angelina Jolie sitting upright, facing forward",Angelina Jolie,2834,7,394
"A full-body photo of Angelina Jolie standing, facing forward",Angelina Jolie,4205,7,395
"A full-body photo of Angelina Jolie sitting, facing forward",Angelina Jolie,7550,7,396
"A full-body photo of Angelina Jolie lying down, facing forward",Angelina Jolie,7355,7,397
"A full-body photo of Angelina Jolie kneeling, facing forward",Angelina Jolie,8639,7,398
"A full-body photo of Angelina Jolie squatting, facing forward",Angelina Jolie,6523,7,399
Brad Pitt,Brad Pitt,3430,0,400
Brad Pitt,Brad Pitt,6225,0,401
Brad Pitt,Brad Pitt,7342,0,402
Brad Pitt,Brad Pitt,5576,0,403
Brad Pitt,Brad Pitt,5612,0,404
Brad Pitt,Brad Pitt,6318,0,405
Brad Pitt,Brad Pitt,4939,0,406
Brad Pitt,Brad Pitt,8016,0,407
Brad Pitt,Brad Pitt,4973,0,408
Brad Pitt,Brad Pitt,7763,0,409
Brad Pitt,Brad Pitt,3111,0,410
Brad Pitt,Brad Pitt,1568,0,411
Brad Pitt,Brad Pitt,3406,0,412
Brad Pitt,Brad Pitt,1811,0,413
Brad Pitt,Brad Pitt,8383,0,414
Brad Pitt,Brad Pitt,3700,0,415
Brad Pitt,Brad Pitt,2953,0,416
Brad Pitt,Brad Pitt,8696,0,417
Brad Pitt,Brad Pitt,6666,0,418
Brad Pitt,Brad Pitt,6113,0,419
Brad Pitt,Brad Pitt,4987,0,420
Brad Pitt,Brad Pitt,1484,0,421
Brad Pitt,Brad Pitt,7054,0,422
Brad Pitt,Brad Pitt,7288,0,423
Brad Pitt,Brad Pitt,3605,0,424
A photo of Brad Pitt smiling,Brad Pitt,2322,1,425
A photo of Brad Pitt waving,Brad Pitt,7019,1,426
A photo of Brad Pitt reading,Brad Pitt,8287,1,427
A photo of Brad Pitt walking,Brad Pitt,4571,1,428
A photo of Brad Pitt sitting,Brad Pitt,2540,1,429
A photo of Brad Pitt standing,Brad Pitt,5352,1,430
A photo of Brad Pitt laughing,Brad Pitt,6640,1,431
A photo of Brad Pitt writing,Brad Pitt,2197,1,432
A photo of Brad Pitt pointing,Brad Pitt,4747,1,433
A photo of Brad Pitt speaking,Brad Pitt,7080,1,434
A photo of Brad Pitt thinking,Brad Pitt,4278,1,435
A photo of Brad Pitt clapping,Brad Pitt,1971,1,436
A photo of Brad Pitt eating,Brad Pitt,5528,1,437
A photo of Brad Pitt drinking,Brad Pitt,2198,1,438
A photo of Brad Pitt looking up,Brad Pitt,8789,1,439
A photo of Brad Pitt looking down,Brad Pitt,8254,1,440
A photo of Brad Pitt gesturing,Brad Pitt,8550,1,441
A photo of Brad Pitt nodding,Brad Pitt,6531,1,442
A photo of Brad Pitt holding a book,Brad Pitt,1969,1,443
A photo of Brad Pitt wearing a suit,Brad Pitt,8795,1,444
A photo of Brad Pitt smiling,Brad Pitt,6781,1,445
A photo of Brad Pitt waving,Brad Pitt,4017,1,446
A photo of Brad Pitt reading,Brad Pitt,3900,1,447
A photo of Brad Pitt walking,Brad Pitt,2033,1,448
A photo of Brad Pitt sitting,Brad Pitt,2786,1,449
A photo of Brad Pitt walking with a man,Brad Pitt,7003,2,450
A photo of Brad Pitt talking to a woman,Brad Pitt,4649,2,451
A photo of Brad Pitt shaking hands with a soldier,Brad Pitt,1379,2,452
A photo of Brad Pitt laughing with a student,Brad Pitt,1310,2,453
A photo of Brad Pitt hugging his wife,Brad Pitt,3007,2,454
A photo of Brad Pitt playing basketball,Brad Pitt,3043,2,455
A photo of Brad Pitt sitting next to his boy,Brad Pitt,4643,2,456
A photo of Brad Pitt speaking with a journalist,Brad Pitt,5520,2,457
A photo of Brad Pitt riding a bicycle,Brad Pitt,7605,2,458
A photo of Brad Pitt standing beside a police officer,Brad Pitt,6343,2,459
A photo of Brad Pitt smiling with his daughter,Brad Pitt,3254,2,460
A photo of Brad Pitt waving at a child,Brad Pitt,2927,2,461
A photo of Brad Pitt pointing at a painting,Brad Pitt,1871,2,462
A photo of Brad Pitt holding hands with a young girl,Brad Pitt,2639,2,463
A photo of Brad Pitt jogging with his dog,Brad Pitt,2478,2,464
A photo of Brad Pitt eating with his friend,Brad Pitt,4005,2,465
A photo of Brad Pitt holding a gift,Brad Pitt,2169,2,466
A photo of Brad Pitt sitting in a car,Brad Pitt,3033,2,467
A photo of Brad Pitt signing a book,Brad Pitt,8522,2,468
A photo of Brad Pitt taking a selfie with his cat,Brad Pitt,8830,2,469
A photo of Brad Pitt walking with a man,Brad Pitt,1776,2,470
A photo of Brad Pitt talking to a woman,Brad Pitt,1158,2,471
A photo of Brad Pitt shaking hands with a soldier,Brad Pitt,7689,2,472
A photo of Brad Pitt laughing with a student,Brad Pitt,6106,2,473
A photo of Brad Pitt hugging his wife,Brad Pitt,5038,2,474
A photo of Brad Pitt handshaking with a woman beside a car,Brad Pitt,3727,3,475
A photo of Brad Pitt talking to a man in front of a building,Brad Pitt,4552,3,476
A photo of Brad Pitt sitting with a child on a bench,Brad Pitt,8413,3,477
A photo of Brad Pitt walking with a woman near a fountain,Brad Pitt,8013,3,478
A photo of Brad Pitt laughing with a man inside an office,Brad Pitt,5659,3,479
A photo of Brad Pitt pointing at a screen with a colleague,Brad Pitt,7664,3,480
A photo of Brad Pitt clapping with a teacher in a classroom,Brad Pitt,1086,3,481
A photo of Brad Pitt hugging a student outside a school,Brad Pitt,8866,3,482
A photo of Brad Pitt eating with a family at a picnic table,Brad Pitt,8535,3,483
A photo of Brad Pitt reading with a boy under a tree,Brad Pitt,4612,3,484
A photo of Brad Pitt running with a man on a track field,Brad Pitt,6645,3,485
A photo of Brad Pitt speaking with a reporter near a microphone,Brad Pitt,3881,3,486
A photo of Brad Pitt standing with a soldier in a desert,Brad Pitt,8708,3,487
A photo of Brad Pitt smiling with a woman on a stage,Brad Pitt,6541,3,488
A photo of Brad Pitt waving with a police officer beside a vehicle,Brad Pitt,2596,3,489
A photo of Brad Pitt biking with a child on a trail,Brad Pitt,2438,3,490
A photo of Brad Pitt listening to a man beside a bookshelf,Brad Pitt,6947,3,491
A photo of Brad Pitt gesturing to a group in a meeting room,Brad Pitt,5489,3,492
A photo of Brad Pitt watching with a woman in a theater,Brad Pitt,2948,3,493
A photo of Brad Pitt signing a paper with a student,Brad Pitt,2834,3,494
A photo of Brad Pitt handshaking with a woman beside a car,Brad Pitt,4205,3,495
A photo of Brad Pitt talking to a man in front of a building,Brad Pitt,7550,3,496
A photo of Brad Pitt sitting with a child on a bench,Brad Pitt,7355,3,497
A photo of Brad Pitt walking with a woman near a fountain,Brad Pitt,8639,3,498
A photo of Brad Pitt laughing with a man inside an office,Brad Pitt,6523,3,499
A photo of Brad Pitt pointing toward the sky with a child in one arm and a teacher beside him,Brad Pitt,5793,4,500
"A photo of Brad Pitt seated between a doctor and a nurse during a hospital visit, listening attentively",Brad Pitt,4549,4,501
A photo of Brad Pitt clapping with pride as a young musician plays violin in a dimly lit concert hall,Brad Pitt,7014,4,502
A photo of Brad Pitt jogging across a bridge at dawn beside a man wearing a campaign T-shirt,Brad Pitt,3613,4,503
A photo of Brad Pitt standing near a campfire talking with a group of scouts in uniform,Brad Pitt,4353,4,504
A photo of Brad Pitt petting a golden retriever while chatting with an elderly couple in their backyard,Brad Pitt,6098,4,505
A photo of Brad Pitt holding a shovel beside a community garden with two volunteers smiling,Brad Pitt,4628,4,506
"A photo of Brad Pitt inside a science lab watching a student explain her experiment, with a teacher behind",Brad Pitt,4815,4,507
A photo of Brad Pitt entering a school auditorium as children wave flags and a teacher stands at the podium,Brad Pitt,5974,4,508
"A photo of Brad Pitt lighting a candle during a vigil, with a silent crowd gathered around him",Brad Pitt,5414,4,509
A photo of Brad Pitt riding a tandem bicycle with a boy wearing a helmet and a GoPro,Brad Pitt,8676,4,510
A photo of Brad Pitt helping an old man up a staircase while two bodyguards wait behind,Brad Pitt,7938,4,511
A photo of Brad Pitt sitting under a tree with a young girl reading aloud from a picture book,Brad Pitt,2608,4,512
A photo of Brad Pitt raising his glass in a toast during a formal dinner beside a world leader,Brad Pitt,7255,4,513
"A photo of Brad Pitt holding a folded flag at a memorial site, with a grieving family nearby",Brad Pitt,4519,4,514
A photo of Brad Pitt smiling warmly while handing a book to a student in a sunlit library,Brad Pitt,7710,4,515
"A photo of Brad Pitt standing in the rain beside a soldier, both holding umbrellas",Brad Pitt,6504,4,516
A photo of Brad Pitt laughing with two chefs while watching a dish being prepared in a bustling kitchen,Brad Pitt,3232,4,517
A photo of Brad Pitt kneeling to tie a child’s shoelace as the child’s mother watches nearby,Brad Pitt,6775,4,518
A photo of Brad Pitt walking along a beach at sunset with a woman and a black Labrador,Brad Pitt,5745,4,519
A photo of Brad Pitt pointing toward the sky with a child in one arm and a teacher beside him,Brad Pitt,1451,4,520
"A photo of Brad Pitt seated between a doctor and a nurse during a hospital visit, listening attentively",Brad Pitt,5478,4,521
A photo of Brad Pitt clapping with pride as a young musician plays violin in a dimly lit concert hall,Brad Pitt,6958,4,522
A photo of Brad Pitt jogging across a bridge at dawn beside a man wearing a campaign T-shirt,Brad Pitt,8819,4,523
A photo of Brad Pitt standing near a campfire talking with a group of scouts in uniform,Brad Pitt,1775,4,524
"A close-up of Brad Pitt’s face, serious",Brad Pitt,1004,5,525
"A clear view of Brad Pitt’s face, no emotion",Brad Pitt,2637,5,526
"A close-up of Brad Pitt’s head, calm look",Brad Pitt,7868,5,527
"Brad Pitt face, soft smile",Brad Pitt,8771,5,528
"A headshot of Brad Pitt, eyes forward",Brad Pitt,5901,5,529
"Brad Pitt face, blank expression",Brad Pitt,3475,5,530
A focused photo of Brad Pitt’s face,Brad Pitt,7224,5,531
"Brad Pitt head, straight-on view",Brad Pitt,7527,5,532
"A tight headshot of Brad Pitt, neutral mood",Brad Pitt,8054,5,533
"A clear face shot of Brad Pitt, looking directly",Brad Pitt,8687,5,534
"Brad Pitt head, full-face visible",Brad Pitt,4480,5,535
"A front-facing headshot of Brad Pitt, composed",Brad Pitt,3147,5,536
"A centered photo of Brad Pitt’s face, subtle expression",Brad Pitt,6438,5,537
"Brad Pitt face, clear and front-facing",Brad Pitt,7934,5,538
"A photo of Brad Pitt’s head, straight gaze",Brad Pitt,6921,5,539
"A close-up of Brad Pitt’s face, looking straight",Brad Pitt,3354,5,540
"Brad Pitt face, front-facing",Brad Pitt,6937,5,541
"Brad Pitt headshot, neutral expression",Brad Pitt,8857,5,542
"A photo of Brad Pitt’s head, smiling slightly",Brad Pitt,2694,5,543
"Brad Pitt face, direct eye contact",Brad Pitt,7665,5,544
"A close-up of Brad Pitt’s face, serious",Brad Pitt,2090,5,545
"A clear view of Brad Pitt’s face, no emotion",Brad Pitt,6613,5,546
"A close-up of Brad Pitt’s head, calm look",Brad Pitt,3546,5,547
"Brad Pitt face, soft smile",Brad Pitt,3181,5,548
"A headshot of Brad Pitt, eyes forward",Brad Pitt,8382,5,549
A half-body photo of Brad Pitt with a slight smile,Brad Pitt,7650,6,550
A half-body photo of Brad Pitt staring blankly,Brad Pitt,7675,6,551
A half-body photo of Brad Pitt looking calm,Brad Pitt,6620,6,552
A half-body photo of Brad Pitt with no expression,Brad Pitt,5371,6,553
A half-body photo of Brad Pitt with eyes forward,Brad Pitt,7460,6,554
A half-body photo of Brad Pitt slightly frowning,Brad Pitt,6470,6,555
A half-body photo of Brad Pitt looking composed,Brad Pitt,4724,6,556
A half-body photo of Brad Pitt with a blank face,Brad Pitt,5332,6,557
A half-body photo of Brad Pitt showing a soft smile,Brad Pitt,3481,6,558
A half-body photo of Brad Pitt looking directly at the camera,Brad Pitt,8773,6,559
A half-body photo of Brad Pitt maintaining a straight face,Brad Pitt,4271,6,560
A half-body photo of Brad Pitt with closed lips,Brad Pitt,3598,6,561
A half-body photo of Brad Pitt in a relaxed expression,Brad Pitt,7788,6,562
A half-body photo of Brad Pitt with a focused look,Brad Pitt,5616,6,563
A half-body photo of Brad Pitt gazing forward,Brad Pitt,2919,6,564
A half-body photo of Brad Pitt smiling,Brad Pitt,7804,6,565
A half-body photo of Brad Pitt looking serious,Brad Pitt,4059,6,566
A half-body photo of Brad Pitt facing forward,Brad Pitt,3889,6,567
A half-body photo of Brad Pitt with a neutral expression,Brad Pitt,5088,6,568
A half-body photo of Brad Pitt looking straight ahead,Brad Pitt,3329,6,569
A half-body photo of Brad Pitt with a slight smile,Brad Pitt,3975,6,570
A half-body photo of Brad Pitt staring blankly,Brad Pitt,3223,6,571
A half-body photo of Brad Pitt looking calm,Brad Pitt,3250,6,572
A half-body photo of Brad Pitt with no expression,Brad Pitt,3879,6,573
A half-body photo of Brad Pitt with eyes forward,Brad Pitt,7642,6,574
"A full-body photo of Brad Pitt leaning, facing forward",Brad Pitt,8844,7,575
"A full-body photo of Brad Pitt resting, facing forward",Brad Pitt,3066,7,576
"A full-body photo of Brad Pitt seated, facing forward",Brad Pitt,4106,7,577
"A full-body photo of Brad Pitt reclining, facing forward",Brad Pitt,2201,7,578
"A full-body photo of Brad Pitt posed upright, facing forward",Brad Pitt,8399,7,579
"A full-body photo of Brad Pitt crouching, facing forward",Brad Pitt,1119,7,580
"A full-body photo of Brad Pitt standing still, facing forward",Brad Pitt,3231,7,581
"A full-body photo of Brad Pitt sitting cross-legged, facing forward",Brad Pitt,3310,7,582
"A full-body photo of Brad Pitt lying flat, facing forward",Brad Pitt,5991,7,583
"A full-body photo of Brad Pitt half-seated, facing forward",Brad Pitt,5507,7,584
"A full-body photo of Brad Pitt in a relaxed posture, facing forward",Brad Pitt,2841,7,585
"A full-body photo of Brad Pitt in upright posture, facing forward",Brad Pitt,1942,7,586
"A full-body photo of Brad Pitt in resting position, facing forward",Brad Pitt,2382,7,587
"A full-body photo of Brad Pitt in crouched position, facing forward",Brad Pitt,2820,7,588
"A full-body photo of Brad Pitt sitting upright, facing forward",Brad Pitt,2585,7,589
"A full-body photo of Brad Pitt standing, facing forward",Brad Pitt,3476,7,590
"A full-body photo of Brad Pitt sitting, facing forward",Brad Pitt,6732,7,591
"A full-body photo of Brad Pitt lying down, facing forward",Brad Pitt,3273,7,592
"A full-body photo of Brad Pitt kneeling, facing forward",Brad Pitt,7600,7,593
"A full-body photo of Brad Pitt squatting, facing forward",Brad Pitt,6405,7,594
"A full-body photo of Brad Pitt leaning, facing forward",Brad Pitt,5093,7,595
"A full-body photo of Brad Pitt resting, facing forward",Brad Pitt,5053,7,596
"A full-body photo of Brad Pitt seated, facing forward",Brad Pitt,8793,7,597
"A full-body photo of Brad Pitt reclining, facing forward",Brad Pitt,5607,7,598
"A full-body photo of Brad Pitt posed upright, facing forward",Brad Pitt,8105,7,599
Elon Musk,Elon Musk,3430,0,600
Elon Musk,Elon Musk,6225,0,601
Elon Musk,Elon Musk,7342,0,602
Elon Musk,Elon Musk,5576,0,603
Elon Musk,Elon Musk,5612,0,604
Elon Musk,Elon Musk,6318,0,605
Elon Musk,Elon Musk,4939,0,606
Elon Musk,Elon Musk,8016,0,607
Elon Musk,Elon Musk,4973,0,608
Elon Musk,Elon Musk,7763,0,609
Elon Musk,Elon Musk,3111,0,610
Elon Musk,Elon Musk,1568,0,611
Elon Musk,Elon Musk,3406,0,612
Elon Musk,Elon Musk,1811,0,613
Elon Musk,Elon Musk,8383,0,614
Elon Musk,Elon Musk,3700,0,615
Elon Musk,Elon Musk,2953,0,616
Elon Musk,Elon Musk,8696,0,617
Elon Musk,Elon Musk,6666,0,618
Elon Musk,Elon Musk,6113,0,619
Elon Musk,Elon Musk,4987,0,620
Elon Musk,Elon Musk,1484,0,621
Elon Musk,Elon Musk,7054,0,622
Elon Musk,Elon Musk,7288,0,623
Elon Musk,Elon Musk,3605,0,624
A photo of Elon Musk smiling,Elon Musk,2322,1,625
A photo of Elon Musk waving,Elon Musk,7019,1,626
A photo of Elon Musk reading,Elon Musk,8287,1,627
A photo of Elon Musk walking,Elon Musk,4571,1,628
A photo of Elon Musk sitting,Elon Musk,2540,1,629
A photo of Elon Musk standing,Elon Musk,5352,1,630
A photo of Elon Musk laughing,Elon Musk,6640,1,631
A photo of Elon Musk writing,Elon Musk,2197,1,632
A photo of Elon Musk pointing,Elon Musk,4747,1,633
A photo of Elon Musk speaking,Elon Musk,7080,1,634
A photo of Elon Musk thinking,Elon Musk,4278,1,635
A photo of Elon Musk clapping,Elon Musk,1971,1,636
A photo of Elon Musk eating,Elon Musk,5528,1,637
A photo of Elon Musk drinking,Elon Musk,2198,1,638
A photo of Elon Musk looking up,Elon Musk,8789,1,639
A photo of Elon Musk looking down,Elon Musk,8254,1,640
A photo of Elon Musk gesturing,Elon Musk,8550,1,641
A photo of Elon Musk nodding,Elon Musk,6531,1,642
A photo of Elon Musk holding a book,Elon Musk,1969,1,643
A photo of Elon Musk wearing a suit,Elon Musk,8795,1,644
A photo of Elon Musk smiling,Elon Musk,6781,1,645
A photo of Elon Musk waving,Elon Musk,4017,1,646
A photo of Elon Musk reading,Elon Musk,3900,1,647
A photo of Elon Musk walking,Elon Musk,2033,1,648
A photo of Elon Musk sitting,Elon Musk,2786,1,649
A photo of Elon Musk walking with a man,Elon Musk,7003,2,650
A photo of Elon Musk talking to a woman,Elon Musk,4649,2,651
A photo of Elon Musk shaking hands with a soldier,Elon Musk,1379,2,652
A photo of Elon Musk laughing with a student,Elon Musk,1310,2,653
A photo of Elon Musk hugging his wife,Elon Musk,3007,2,654
A photo of Elon Musk playing basketball,Elon Musk,3043,2,655
A photo of Elon Musk sitting next to his boy,Elon Musk,4643,2,656
A photo of Elon Musk speaking with a journalist,Elon Musk,5520,2,657
A photo of Elon Musk riding a bicycle,Elon Musk,7605,2,658
A photo of Elon Musk standing beside a police officer,Elon Musk,6343,2,659
A photo of Elon Musk smiling with his daughter,Elon Musk,3254,2,660
A photo of Elon Musk waving at a child,Elon Musk,2927,2,661
A photo of Elon Musk pointing at a painting,Elon Musk,1871,2,662
A photo of Elon Musk holding hands with a young girl,Elon Musk,2639,2,663
A photo of Elon Musk jogging with his dog,Elon Musk,2478,2,664
A photo of Elon Musk eating with his friend,Elon Musk,4005,2,665
A photo of Elon Musk holding a gift,Elon Musk,2169,2,666
A photo of Elon Musk sitting in a car,Elon Musk,3033,2,667
A photo of Elon Musk signing a book,Elon Musk,8522,2,668
A photo of Elon Musk taking a selfie with his cat,Elon Musk,8830,2,669
A photo of Elon Musk walking with a man,Elon Musk,1776,2,670
A photo of Elon Musk talking to a woman,Elon Musk,1158,2,671
A photo of Elon Musk shaking hands with a soldier,Elon Musk,7689,2,672
A photo of Elon Musk laughing with a student,Elon Musk,6106,2,673
A photo of Elon Musk hugging his wife,Elon Musk,5038,2,674
A photo of Elon Musk handshaking with a woman beside a car,Elon Musk,3727,3,675
A photo of Elon Musk talking to a man in front of a building,Elon Musk,4552,3,676
A photo of Elon Musk sitting with a child on a bench,Elon Musk,8413,3,677
A photo of Elon Musk walking with a woman near a fountain,Elon Musk,8013,3,678
A photo of Elon Musk laughing with a man inside an office,Elon Musk,5659,3,679
A photo of Elon Musk pointing at a screen with a colleague,Elon Musk,7664,3,680
A photo of Elon Musk clapping with a teacher in a classroom,Elon Musk,1086,3,681
A photo of Elon Musk hugging a student outside a school,Elon Musk,8866,3,682
A photo of Elon Musk eating with a family at a picnic table,Elon Musk,8535,3,683
A photo of Elon Musk reading with a boy under a tree,Elon Musk,4612,3,684
A photo of Elon Musk running with a man on a track field,Elon Musk,6645,3,685
A photo of Elon Musk speaking with a reporter near a microphone,Elon Musk,3881,3,686
A photo of Elon Musk standing with a soldier in a desert,Elon Musk,8708,3,687
A photo of Elon Musk smiling with a woman on a stage,Elon Musk,6541,3,688
A photo of Elon Musk waving with a police officer beside a vehicle,Elon Musk,2596,3,689
A photo of Elon Musk biking with a child on a trail,Elon Musk,2438,3,690
A photo of Elon Musk listening to a man beside a bookshelf,Elon Musk,6947,3,691
A photo of Elon Musk gesturing to a group in a meeting room,Elon Musk,5489,3,692
A photo of Elon Musk watching with a woman in a theater,Elon Musk,2948,3,693
A photo of Elon Musk signing a paper with a student,Elon Musk,2834,3,694
A photo of Elon Musk handshaking with a woman beside a car,Elon Musk,4205,3,695
A photo of Elon Musk talking to a man in front of a building,Elon Musk,7550,3,696
A photo of Elon Musk sitting with a child on a bench,Elon Musk,7355,3,697
A photo of Elon Musk walking with a woman near a fountain,Elon Musk,8639,3,698
A photo of Elon Musk laughing with a man inside an office,Elon Musk,6523,3,699
A photo of Elon Musk pointing toward the sky with a child in one arm and a teacher beside him,Elon Musk,5793,4,700
"A photo of Elon Musk seated between a doctor and a nurse during a hospital visit, listening attentively",Elon Musk,4549,4,701
A photo of Elon Musk clapping with pride as a young musician plays violin in a dimly lit concert hall,Elon Musk,7014,4,702
A photo of Elon Musk jogging across a bridge at dawn beside a man wearing a campaign T-shirt,Elon Musk,3613,4,703
A photo of Elon Musk standing near a campfire talking with a group of scouts in uniform,Elon Musk,4353,4,704
A photo of Elon Musk petting a golden retriever while chatting with an elderly couple in their backyard,Elon Musk,6098,4,705
A photo of Elon Musk holding a shovel beside a community garden with two volunteers smiling,Elon Musk,4628,4,706
"A photo of Elon Musk inside a science lab watching a student explain her experiment, with a teacher behind",Elon Musk,4815,4,707
A photo of Elon Musk entering a school auditorium as children wave flags and a teacher stands at the podium,Elon Musk,5974,4,708
"A photo of Elon Musk lighting a candle during a vigil, with a silent crowd gathered around him",Elon Musk,5414,4,709
A photo of Elon Musk riding a tandem bicycle with a boy wearing a helmet and a GoPro,Elon Musk,8676,4,710
A photo of Elon Musk helping an old man up a staircase while two bodyguards wait behind,Elon Musk,7938,4,711
A photo of Elon Musk sitting under a tree with a young girl reading aloud from a picture book,Elon Musk,2608,4,712
A photo of Elon Musk raising his glass in a toast during a formal dinner beside a world leader,Elon Musk,7255,4,713
"A photo of Elon Musk holding a folded flag at a memorial site, with a grieving family nearby",Elon Musk,4519,4,714
A photo of Elon Musk smiling warmly while handing a book to a student in a sunlit library,Elon Musk,7710,4,715
"A photo of Elon Musk standing in the rain beside a soldier, both holding umbrellas",Elon Musk,6504,4,716
A photo of Elon Musk laughing with two chefs while watching a dish being prepared in a bustling kitchen,Elon Musk,3232,4,717
A photo of Elon Musk kneeling to tie a child’s shoelace as the child’s mother watches nearby,Elon Musk,6775,4,718
A photo of Elon Musk walking along a beach at sunset with a woman and a black Labrador,Elon Musk,5745,4,719
A photo of Elon Musk pointing toward the sky with a child in one arm and a teacher beside him,Elon Musk,1451,4,720
"A photo of Elon Musk seated between a doctor and a nurse during a hospital visit, listening attentively",Elon Musk,5478,4,721
A photo of Elon Musk clapping with pride as a young musician plays violin in a dimly lit concert hall,Elon Musk,6958,4,722
A photo of Elon Musk jogging across a bridge at dawn beside a man wearing a campaign T-shirt,Elon Musk,8819,4,723
A photo of Elon Musk standing near a campfire talking with a group of scouts in uniform,Elon Musk,1775,4,724
"A close-up of Elon Musk’s face, serious",Elon Musk,1004,5,725
"A clear view of Elon Musk’s face, no emotion",Elon Musk,2637,5,726
"A close-up of Elon Musk’s head, calm look",Elon Musk,7868,5,727
"Elon Musk face, soft smile",Elon Musk,8771,5,728
"A headshot of Elon Musk, eyes forward",Elon Musk,5901,5,729
"Elon Musk face, blank expression",Elon Musk,3475,5,730
A focused photo of Elon Musk’s face,Elon Musk,7224,5,731
"Elon Musk head, straight-on view",Elon Musk,7527,5,732
"A tight headshot of Elon Musk, neutral mood",Elon Musk,8054,5,733
"A clear face shot of Elon Musk, looking directly",Elon Musk,8687,5,734
"Elon Musk head, full-face visible",Elon Musk,4480,5,735
"A front-facing headshot of Elon Musk, composed",Elon Musk,3147,5,736
"A centered photo of Elon Musk’s face, subtle expression",Elon Musk,6438,5,737
"Elon Musk face, clear and front-facing",Elon Musk,7934,5,738
"A photo of Elon Musk’s head, straight gaze",Elon Musk,6921,5,739
"A close-up of Elon Musk’s face, looking straight",Elon Musk,3354,5,740
"Elon Musk face, front-facing",Elon Musk,6937,5,741
"Elon Musk headshot, neutral expression",Elon Musk,8857,5,742
"A photo of Elon Musk’s head, smiling slightly",Elon Musk,2694,5,743
"Elon Musk face, direct eye contact",Elon Musk,7665,5,744
"A close-up of Elon Musk’s face, serious",Elon Musk,2090,5,745
"A clear view of Elon Musk’s face, no emotion",Elon Musk,6613,5,746
"A close-up of Elon Musk’s head, calm look",Elon Musk,3546,5,747
"Elon Musk face, soft smile",Elon Musk,3181,5,748
"A headshot of Elon Musk, eyes forward",Elon Musk,8382,5,749
A half-body photo of Elon Musk with a slight smile,Elon Musk,7650,6,750
A half-body photo of Elon Musk staring blankly,Elon Musk,7675,6,751
A half-body photo of Elon Musk looking calm,Elon Musk,6620,6,752
A half-body photo of Elon Musk with no expression,Elon Musk,5371,6,753
A half-body photo of Elon Musk with eyes forward,Elon Musk,7460,6,754
A half-body photo of Elon Musk slightly frowning,Elon Musk,6470,6,755
A half-body photo of Elon Musk looking composed,Elon Musk,4724,6,756
A half-body photo of Elon Musk with a blank face,Elon Musk,5332,6,757
A half-body photo of Elon Musk showing a soft smile,Elon Musk,3481,6,758
A half-body photo of Elon Musk looking directly at the camera,Elon Musk,8773,6,759
A half-body photo of Elon Musk maintaining a straight face,Elon Musk,4271,6,760
A half-body photo of Elon Musk with closed lips,Elon Musk,3598,6,761
A half-body photo of Elon Musk in a relaxed expression,Elon Musk,7788,6,762
A half-body photo of Elon Musk with a focused look,Elon Musk,5616,6,763
A half-body photo of Elon Musk gazing forward,Elon Musk,2919,6,764
A half-body photo of Elon Musk smiling,Elon Musk,7804,6,765
A half-body photo of Elon Musk looking serious,Elon Musk,4059,6,766
A half-body photo of Elon Musk facing forward,Elon Musk,3889,6,767
A half-body photo of Elon Musk with a neutral expression,Elon Musk,5088,6,768
A half-body photo of Elon Musk looking straight ahead,Elon Musk,3329,6,769
A half-body photo of Elon Musk with a slight smile,Elon Musk,3975,6,770
A half-body photo of Elon Musk staring blankly,Elon Musk,3223,6,771
A half-body photo of Elon Musk looking calm,Elon Musk,3250,6,772
A half-body photo of Elon Musk with no expression,Elon Musk,3879,6,773
A half-body photo of Elon Musk with eyes forward,Elon Musk,7642,6,774
"A full-body photo of Elon Musk leaning, facing forward",Elon Musk,8844,7,775
"A full-body photo of Elon Musk resting, facing forward",Elon Musk,3066,7,776
"A full-body photo of Elon Musk seated, facing forward",Elon Musk,4106,7,777
"A full-body photo of Elon Musk reclining, facing forward",Elon Musk,2201,7,778
"A full-body photo of Elon Musk posed upright, facing forward",Elon Musk,8399,7,779
"A full-body photo of Elon Musk crouching, facing forward",Elon Musk,1119,7,780
"A full-body photo of Elon Musk standing still, facing forward",Elon Musk,3231,7,781
"A full-body photo of Elon Musk sitting cross-legged, facing forward",Elon Musk,3310,7,782
"A full-body photo of Elon Musk lying flat, facing forward",Elon Musk,5991,7,783
"A full-body photo of Elon Musk half-seated, facing forward",Elon Musk,5507,7,784
"A full-body photo of Elon Musk in a relaxed posture, facing forward",Elon Musk,2841,7,785
"A full-body photo of Elon Musk in upright posture, facing forward",Elon Musk,1942,7,786
"A full-body photo of Elon Musk in resting position, facing forward",Elon Musk,2382,7,787
"A full-body photo of Elon Musk in crouched position, facing forward",Elon Musk,2820,7,788
"A full-body photo of Elon Musk sitting upright, facing forward",Elon Musk,2585,7,789
"A full-body photo of Elon Musk standing, facing forward",Elon Musk,3476,7,790
"A full-body photo of Elon Musk sitting, facing forward",Elon Musk,6732,7,791
"A full-body photo of Elon Musk lying down, facing forward",Elon Musk,3273,7,792
"A full-body photo of Elon Musk kneeling, facing forward",Elon Musk,7600,7,793
"A full-body photo of Elon Musk squatting, facing forward",Elon Musk,6405,7,794
"A full-body photo of Elon Musk leaning, facing forward",Elon Musk,5093,7,795
"A full-body photo of Elon Musk resting, facing forward",Elon Musk,5053,7,796
"A full-body photo of Elon Musk seated, facing forward",Elon Musk,8793,7,797
"A full-body photo of Elon Musk reclining, facing forward",Elon Musk,5607,7,798
"A full-body photo of Elon Musk posed upright, facing forward",Elon Musk,8105,7,799
Bill Gates,Bill Gates,3430,0,800
Bill Gates,Bill Gates,6225,0,801
Bill Gates,Bill Gates,7342,0,802
Bill Gates,Bill Gates,5576,0,803
Bill Gates,Bill Gates,5612,0,804
Bill Gates,Bill Gates,6318,0,805
Bill Gates,Bill Gates,4939,0,806
Bill Gates,Bill Gates,8016,0,807
Bill Gates,Bill Gates,4973,0,808
Bill Gates,Bill Gates,7763,0,809
Bill Gates,Bill Gates,3111,0,810
Bill Gates,Bill Gates,1568,0,811
Bill Gates,Bill Gates,3406,0,812
Bill Gates,Bill Gates,1811,0,813
Bill Gates,Bill Gates,8383,0,814
Bill Gates,Bill Gates,3700,0,815
Bill Gates,Bill Gates,2953,0,816
Bill Gates,Bill Gates,8696,0,817
Bill Gates,Bill Gates,6666,0,818
Bill Gates,Bill Gates,6113,0,819
Bill Gates,Bill Gates,4987,0,820
Bill Gates,Bill Gates,1484,0,821
Bill Gates,Bill Gates,7054,0,822
Bill Gates,Bill Gates,7288,0,823
Bill Gates,Bill Gates,3605,0,824
A photo of Bill Gates smiling,Bill Gates,2322,1,825
A photo of Bill Gates waving,Bill Gates,7019,1,826
A photo of Bill Gates reading,Bill Gates,8287,1,827
A photo of Bill Gates walking,Bill Gates,4571,1,828
A photo of Bill Gates sitting,Bill Gates,2540,1,829
A photo of Bill Gates standing,Bill Gates,5352,1,830
A photo of Bill Gates laughing,Bill Gates,6640,1,831
A photo of Bill Gates writing,Bill Gates,2197,1,832
A photo of Bill Gates pointing,Bill Gates,4747,1,833
A photo of Bill Gates speaking,Bill Gates,7080,1,834
A photo of Bill Gates thinking,Bill Gates,4278,1,835
A photo of Bill Gates clapping,Bill Gates,1971,1,836
A photo of Bill Gates eating,Bill Gates,5528,1,837
A photo of Bill Gates drinking,Bill Gates,2198,1,838
A photo of Bill Gates looking up,Bill Gates,8789,1,839
A photo of Bill Gates looking down,Bill Gates,8254,1,840
A photo of Bill Gates gesturing,Bill Gates,8550,1,841
A photo of Bill Gates nodding,Bill Gates,6531,1,842
A photo of Bill Gates holding a book,Bill Gates,1969,1,843
A photo of Bill Gates wearing a suit,Bill Gates,8795,1,844
A photo of Bill Gates smiling,Bill Gates,6781,1,845
A photo of Bill Gates waving,Bill Gates,4017,1,846
A photo of Bill Gates reading,Bill Gates,3900,1,847
A photo of Bill Gates walking,Bill Gates,2033,1,848
A photo of Bill Gates sitting,Bill Gates,2786,1,849
A photo of Bill Gates walking with a man,Bill Gates,7003,2,850
A photo of Bill Gates talking to a woman,Bill Gates,4649,2,851
A photo of Bill Gates shaking hands with a soldier,Bill Gates,1379,2,852
A photo of Bill Gates laughing with a student,Bill Gates,1310,2,853
A photo of Bill Gates hugging his wife,Bill Gates,3007,2,854
A photo of Bill Gates playing basketball,Bill Gates,3043,2,855
A photo of Bill Gates sitting next to his boy,Bill Gates,4643,2,856
A photo of Bill Gates speaking with a journalist,Bill Gates,5520,2,857
A photo of Bill Gates riding a bicycle,Bill Gates,7605,2,858
A photo of Bill Gates standing beside a police officer,Bill Gates,6343,2,859
A photo of Bill Gates smiling with his daughter,Bill Gates,3254,2,860
A photo of Bill Gates waving at a child,Bill Gates,2927,2,861
A photo of Bill Gates pointing at a painting,Bill Gates,1871,2,862
A photo of Bill Gates holding hands with a young girl,Bill Gates,2639,2,863
A photo of Bill Gates jogging with his dog,Bill Gates,2478,2,864
A photo of Bill Gates eating with his friend,Bill Gates,4005,2,865
A photo of Bill Gates holding a gift,Bill Gates,2169,2,866
A photo of Bill Gates sitting in a car,Bill Gates,3033,2,867
A photo of Bill Gates signing a book,Bill Gates,8522,2,868
A photo of Bill Gates taking a selfie with his cat,Bill Gates,8830,2,869
A photo of Bill Gates walking with a man,Bill Gates,1776,2,870
A photo of Bill Gates talking to a woman,Bill Gates,1158,2,871
A photo of Bill Gates shaking hands with a soldier,Bill Gates,7689,2,872
A photo of Bill Gates laughing with a student,Bill Gates,6106,2,873
A photo of Bill Gates hugging his wife,Bill Gates,5038,2,874
A photo of Bill Gates handshaking with a woman beside a car,Bill Gates,3727,3,875
A photo of Bill Gates talking to a man in front of a building,Bill Gates,4552,3,876
A photo of Bill Gates sitting with a child on a bench,Bill Gates,8413,3,877
A photo of Bill Gates walking with a woman near a fountain,Bill Gates,8013,3,878
A photo of Bill Gates laughing with a man inside an office,Bill Gates,5659,3,879
A photo of Bill Gates pointing at a screen with a colleague,Bill Gates,7664,3,880
A photo of Bill Gates clapping with a teacher in a classroom,Bill Gates,1086,3,881
A photo of Bill Gates hugging a student outside a school,Bill Gates,8866,3,882
A photo of Bill Gates eating with a family at a picnic table,Bill Gates,8535,3,883
A photo of Bill Gates reading with a boy under a tree,Bill Gates,4612,3,884
A photo of Bill Gates running with a man on a track field,Bill Gates,6645,3,885
A photo of Bill Gates speaking with a reporter near a microphone,Bill Gates,3881,3,886
A photo of Bill Gates standing with a soldier in a desert,Bill Gates,8708,3,887
A photo of Bill Gates smiling with a woman on a stage,Bill Gates,6541,3,888
A photo of Bill Gates waving with a police officer beside a vehicle,Bill Gates,2596,3,889
A photo of Bill Gates biking with a child on a trail,Bill Gates,2438,3,890
A photo of Bill Gates listening to a man beside a bookshelf,Bill Gates,6947,3,891
A photo of Bill Gates gesturing to a group in a meeting room,Bill Gates,5489,3,892
A photo of Bill Gates watching with a woman in a theater,Bill Gates,2948,3,893
A photo of Bill Gates signing a paper with a student,Bill Gates,2834,3,894
A photo of Bill Gates handshaking with a woman beside a car,Bill Gates,4205,3,895
A photo of Bill Gates talking to a man in front of a building,Bill Gates,7550,3,896
A photo of Bill Gates sitting with a child on a bench,Bill Gates,7355,3,897
A photo of Bill Gates walking with a woman near a fountain,Bill Gates,8639,3,898
A photo of Bill Gates laughing with a man inside an office,Bill Gates,6523,3,899
A photo of Bill Gates pointing toward the sky with a child in one arm and a teacher beside him,Bill Gates,5793,4,900
"A photo of Bill Gates seated between a doctor and a nurse during a hospital visit, listening attentively",Bill Gates,4549,4,901
A photo of Bill Gates clapping with pride as a young musician plays violin in a dimly lit concert hall,Bill Gates,7014,4,902
A photo of Bill Gates jogging across a bridge at dawn beside a man wearing a campaign T-shirt,Bill Gates,3613,4,903
A photo of Bill Gates standing near a campfire talking with a group of scouts in uniform,Bill Gates,4353,4,904
A photo of Bill Gates petting a golden retriever while chatting with an elderly couple in their backyard,Bill Gates,6098,4,905
A photo of Bill Gates holding a shovel beside a community garden with two volunteers smiling,Bill Gates,4628,4,906
"A photo of Bill Gates inside a science lab watching a student explain her experiment, with a teacher behind",Bill Gates,4815,4,907
A photo of Bill Gates entering a school auditorium as children wave flags and a teacher stands at the podium,Bill Gates,5974,4,908
"A photo of Bill Gates lighting a candle during a vigil, with a silent crowd gathered around him",Bill Gates,5414,4,909
A photo of Bill Gates riding a tandem bicycle with a boy wearing a helmet and a GoPro,Bill Gates,8676,4,910
A photo of Bill Gates helping an old man up a staircase while two bodyguards wait behind,Bill Gates,7938,4,911
A photo of Bill Gates sitting under a tree with a young girl reading aloud from a picture book,Bill Gates,2608,4,912
A photo of Bill Gates raising his glass in a toast during a formal dinner beside a world leader,Bill Gates,7255,4,913
"A photo of Bill Gates holding a folded flag at a memorial site, with a grieving family nearby",Bill Gates,4519,4,914
A photo of Bill Gates smiling warmly while handing a book to a student in a sunlit library,Bill Gates,7710,4,915
"A photo of Bill Gates standing in the rain beside a soldier, both holding umbrellas",Bill Gates,6504,4,916
A photo of Bill Gates laughing with two chefs while watching a dish being prepared in a bustling kitchen,Bill Gates,3232,4,917
A photo of Bill Gates kneeling to tie a child’s shoelace as the child’s mother watches nearby,Bill Gates,6775,4,918
A photo of Bill Gates walking along a beach at sunset with a woman and a black Labrador,Bill Gates,5745,4,919
A photo of Bill Gates pointing toward the sky with a child in one arm and a teacher beside him,Bill Gates,1451,4,920
"A photo of Bill Gates seated between a doctor and a nurse during a hospital visit, listening attentively",Bill Gates,5478,4,921
A photo of Bill Gates clapping with pride as a young musician plays violin in a dimly lit concert hall,Bill Gates,6958,4,922
A photo of Bill Gates jogging across a bridge at dawn beside a man wearing a campaign T-shirt,Bill Gates,8819,4,923
A photo of Bill Gates standing near a campfire talking with a group of scouts in uniform,Bill Gates,1775,4,924
"A close-up of Bill Gates’s face, serious",Bill Gates,1004,5,925
"A clear view of Bill Gates’s face, no emotion",Bill Gates,2637,5,926
"A close-up of Bill Gates’s head, calm look",Bill Gates,7868,5,927
"Bill Gates face, soft smile",Bill Gates,8771,5,928
"A headshot of Bill Gates, eyes forward",Bill Gates,5901,5,929
"Bill Gates face, blank expression",Bill Gates,3475,5,930
A focused photo of Bill Gates’s face,Bill Gates,7224,5,931
"Bill Gates head, straight-on view",Bill Gates,7527,5,932
"A tight headshot of Bill Gates, neutral mood",Bill Gates,8054,5,933
"A clear face shot of Bill Gates, looking directly",Bill Gates,8687,5,934
"Bill Gates head, full-face visible",Bill Gates,4480,5,935
"A front-facing headshot of Bill Gates, composed",Bill Gates,3147,5,936
"A centered photo of Bill Gates’s face, subtle expression",Bill Gates,6438,5,937
"Bill Gates face, clear and front-facing",Bill Gates,7934,5,938
"A photo of Bill Gates’s head, straight gaze",Bill Gates,6921,5,939
"A close-up of Bill Gates’s face, looking straight",Bill Gates,3354,5,940
"Bill Gates face, front-facing",Bill Gates,6937,5,941
"Bill Gates headshot, neutral expression",Bill Gates,8857,5,942
"A photo of Bill Gates’s head, smiling slightly",Bill Gates,2694,5,943
"Bill Gates face, direct eye contact",Bill Gates,7665,5,944
"A close-up of Bill Gates’s face, serious",Bill Gates,2090,5,945
"A clear view of Bill Gates’s face, no emotion",Bill Gates,6613,5,946
"A close-up of Bill Gates’s head, calm look",Bill Gates,3546,5,947
"Bill Gates face, soft smile",Bill Gates,3181,5,948
"A headshot of Bill Gates, eyes forward",Bill Gates,8382,5,949
A half-body photo of Bill Gates with a slight smile,Bill Gates,7650,6,950
A half-body photo of Bill Gates staring blankly,Bill Gates,7675,6,951
A half-body photo of Bill Gates looking calm,Bill Gates,6620,6,952
A half-body photo of Bill Gates with no expression,Bill Gates,5371,6,953
A half-body photo of Bill Gates with eyes forward,Bill Gates,7460,6,954
A half-body photo of Bill Gates slightly frowning,Bill Gates,6470,6,955
A half-body photo of Bill Gates looking composed,Bill Gates,4724,6,956
A half-body photo of Bill Gates with a blank face,Bill Gates,5332,6,957
A half-body photo of Bill Gates showing a soft smile,Bill Gates,3481,6,958
A half-body photo of Bill Gates looking directly at the camera,Bill Gates,8773,6,959
A half-body photo of Bill Gates maintaining a straight face,Bill Gates,4271,6,960
A half-body photo of Bill Gates with closed lips,Bill Gates,3598,6,961
A half-body photo of Bill Gates in a relaxed expression,Bill Gates,7788,6,962
A half-body photo of Bill Gates with a focused look,Bill Gates,5616,6,963
A half-body photo of Bill Gates gazing forward,Bill Gates,2919,6,964
A half-body photo of Bill Gates smiling,Bill Gates,7804,6,965
A half-body photo of Bill Gates looking serious,Bill Gates,4059,6,966
A half-body photo of Bill Gates facing forward,Bill Gates,3889,6,967
A half-body photo of Bill Gates with a neutral expression,Bill Gates,5088,6,968
A half-body photo of Bill Gates looking straight ahead,Bill Gates,3329,6,969
A half-body photo of Bill Gates with a slight smile,Bill Gates,3975,6,970
A half-body photo of Bill Gates staring blankly,Bill Gates,3223,6,971
A half-body photo of Bill Gates looking calm,Bill Gates,3250,6,972
A half-body photo of Bill Gates with no expression,Bill Gates,3879,6,973
A half-body photo of Bill Gates with eyes forward,Bill Gates,7642,6,974
"A full-body photo of Bill Gates leaning, facing forward",Bill Gates,8844,7,975
"A full-body photo of Bill Gates resting, facing forward",Bill Gates,3066,7,976
"A full-body photo of Bill Gates seated, facing forward",Bill Gates,4106,7,977
"A full-body photo of Bill Gates reclining, facing forward",Bill Gates,2201,7,978
"A full-body photo of Bill Gates posed upright, facing forward",Bill Gates,8399,7,979
"A full-body photo of Bill Gates crouching, facing forward",Bill Gates,1119,7,980
"A full-body photo of Bill Gates standing still, facing forward",Bill Gates,3231,7,981
"A full-body photo of Bill Gates sitting cross-legged, facing forward",Bill Gates,3310,7,982
"A full-body photo of Bill Gates lying flat, facing forward",Bill Gates,5991,7,983
"A full-body photo of Bill Gates half-seated, facing forward",Bill Gates,5507,7,984
"A full-body photo of Bill Gates in a relaxed posture, facing forward",Bill Gates,2841,7,985
"A full-body photo of Bill Gates in upright posture, facing forward",Bill Gates,1942,7,986
"A full-body photo of Bill Gates in resting position, facing forward",Bill Gates,2382,7,987
"A full-body photo of Bill Gates in crouched position, facing forward",Bill Gates,2820,7,988
"A full-body photo of Bill Gates sitting upright, facing forward",Bill Gates,2585,7,989
"A full-body photo of Bill Gates standing, facing forward",Bill Gates,3476,7,990
"A full-body photo of Bill Gates sitting, facing forward",Bill Gates,6732,7,991
"A full-body photo of Bill Gates lying down, facing forward",Bill Gates,3273,7,992
"A full-body photo of Bill Gates kneeling, facing forward",Bill Gates,7600,7,993
"A full-body photo of Bill Gates squatting, facing forward",Bill Gates,6405,7,994
"A full-body photo of Bill Gates leaning, facing forward",Bill Gates,5093,7,995
"A full-body photo of Bill Gates resting, facing forward",Bill Gates,5053,7,996
"A full-body photo of Bill Gates seated, facing forward",Bill Gates,8793,7,997
"A full-body photo of Bill Gates reclining, facing forward",Bill Gates,5607,7,998
"A full-body photo of Bill Gates posed upright, facing forward",Bill Gates,8105,7,999
Mark Zuckerberg,Mark Zuckerberg,3430,0,1000
Mark Zuckerberg,Mark Zuckerberg,6225,0,1001
Mark Zuckerberg,Mark Zuckerberg,7342,0,1002
Mark Zuckerberg,Mark Zuckerberg,5576,0,1003
Mark Zuckerberg,Mark Zuckerberg,5612,0,1004
Mark Zuckerberg,Mark Zuckerberg,6318,0,1005
Mark Zuckerberg,Mark Zuckerberg,4939,0,1006
Mark Zuckerberg,Mark Zuckerberg,8016,0,1007
Mark Zuckerberg,Mark Zuckerberg,4973,0,1008
Mark Zuckerberg,Mark Zuckerberg,7763,0,1009
Mark Zuckerberg,Mark Zuckerberg,3111,0,1010
Mark Zuckerberg,Mark Zuckerberg,1568,0,1011
Mark Zuckerberg,Mark Zuckerberg,3406,0,1012
Mark Zuckerberg,Mark Zuckerberg,1811,0,1013
Mark Zuckerberg,Mark Zuckerberg,8383,0,1014
Mark Zuckerberg,Mark Zuckerberg,3700,0,1015
Mark Zuckerberg,Mark Zuckerberg,2953,0,1016
Mark Zuckerberg,Mark Zuckerberg,8696,0,1017
Mark Zuckerberg,Mark Zuckerberg,6666,0,1018
Mark Zuckerberg,Mark Zuckerberg,6113,0,1019
Mark Zuckerberg,Mark Zuckerberg,4987,0,1020
Mark Zuckerberg,Mark Zuckerberg,1484,0,1021
Mark Zuckerberg,Mark Zuckerberg,7054,0,1022
Mark Zuckerberg,Mark Zuckerberg,7288,0,1023
Mark Zuckerberg,Mark Zuckerberg,3605,0,1024
A photo of Mark Zuckerberg smiling,Mark Zuckerberg,2322,1,1025
A photo of Mark Zuckerberg waving,Mark Zuckerberg,7019,1,1026
A photo of Mark Zuckerberg reading,Mark Zuckerberg,8287,1,1027
A photo of Mark Zuckerberg walking,Mark Zuckerberg,4571,1,1028
A photo of Mark Zuckerberg sitting,Mark Zuckerberg,2540,1,1029
A photo of Mark Zuckerberg standing,Mark Zuckerberg,5352,1,1030
A photo of Mark Zuckerberg laughing,Mark Zuckerberg,6640,1,1031
A photo of Mark Zuckerberg writing,Mark Zuckerberg,2197,1,1032
A photo of Mark Zuckerberg pointing,Mark Zuckerberg,4747,1,1033
A photo of Mark Zuckerberg speaking,Mark Zuckerberg,7080,1,1034
A photo of Mark Zuckerberg thinking,Mark Zuckerberg,4278,1,1035
A photo of Mark Zuckerberg clapping,Mark Zuckerberg,1971,1,1036
A photo of Mark Zuckerberg eating,Mark Zuckerberg,5528,1,1037
A photo of Mark Zuckerberg drinking,Mark Zuckerberg,2198,1,1038
A photo of Mark Zuckerberg looking up,Mark Zuckerberg,8789,1,1039
A photo of Mark Zuckerberg looking down,Mark Zuckerberg,8254,1,1040
A photo of Mark Zuckerberg gesturing,Mark Zuckerberg,8550,1,1041
A photo of Mark Zuckerberg nodding,Mark Zuckerberg,6531,1,1042
A photo of Mark Zuckerberg holding a book,Mark Zuckerberg,1969,1,1043
A photo of Mark Zuckerberg wearing a suit,Mark Zuckerberg,8795,1,1044
A photo of Mark Zuckerberg smiling,Mark Zuckerberg,6781,1,1045
A photo of Mark Zuckerberg waving,Mark Zuckerberg,4017,1,1046
A photo of Mark Zuckerberg reading,Mark Zuckerberg,3900,1,1047
A photo of Mark Zuckerberg walking,Mark Zuckerberg,2033,1,1048
A photo of Mark Zuckerberg sitting,Mark Zuckerberg,2786,1,1049
A photo of Mark Zuckerberg walking with a man,Mark Zuckerberg,7003,2,1050
A photo of Mark Zuckerberg talking to a woman,Mark Zuckerberg,4649,2,1051
A photo of Mark Zuckerberg shaking hands with a soldier,Mark Zuckerberg,1379,2,1052
A photo of Mark Zuckerberg laughing with a student,Mark Zuckerberg,1310,2,1053
A photo of Mark Zuckerberg hugging his wife,Mark Zuckerberg,3007,2,1054
A photo of Mark Zuckerberg playing basketball,Mark Zuckerberg,3043,2,1055
A photo of Mark Zuckerberg sitting next to his boy,Mark Zuckerberg,4643,2,1056
A photo of Mark Zuckerberg speaking with a journalist,Mark Zuckerberg,5520,2,1057
A photo of Mark Zuckerberg riding a bicycle,Mark Zuckerberg,7605,2,1058
A photo of Mark Zuckerberg standing beside a police officer,Mark Zuckerberg,6343,2,1059
A photo of Mark Zuckerberg smiling with his daughter,Mark Zuckerberg,3254,2,1060
A photo of Mark Zuckerberg waving at a child,Mark Zuckerberg,2927,2,1061
A photo of Mark Zuckerberg pointing at a painting,Mark Zuckerberg,1871,2,1062
A photo of Mark Zuckerberg holding hands with a young girl,Mark Zuckerberg,2639,2,1063
A photo of Mark Zuckerberg jogging with his dog,Mark Zuckerberg,2478,2,1064
A photo of Mark Zuckerberg eating with his friend,Mark Zuckerberg,4005,2,1065
A photo of Mark Zuckerberg holding a gift,Mark Zuckerberg,2169,2,1066
A photo of Mark Zuckerberg sitting in a car,Mark Zuckerberg,3033,2,1067
A photo of Mark Zuckerberg signing a book,Mark Zuckerberg,8522,2,1068
A photo of Mark Zuckerberg taking a selfie with his cat,Mark Zuckerberg,8830,2,1069
A photo of Mark Zuckerberg walking with a man,Mark Zuckerberg,1776,2,1070
A photo of Mark Zuckerberg talking to a woman,Mark Zuckerberg,1158,2,1071
A photo of Mark Zuckerberg shaking hands with a soldier,Mark Zuckerberg,7689,2,1072
A photo of Mark Zuckerberg laughing with a student,Mark Zuckerberg,6106,2,1073
A photo of Mark Zuckerberg hugging his wife,Mark Zuckerberg,5038,2,1074
A photo of Mark Zuckerberg handshaking with a woman beside a car,Mark Zuckerberg,3727,3,1075
A photo of Mark Zuckerberg talking to a man in front of a building,Mark Zuckerberg,4552,3,1076
A photo of Mark Zuckerberg sitting with a child on a bench,Mark Zuckerberg,8413,3,1077
A photo of Mark Zuckerberg walking with a woman near a fountain,Mark Zuckerberg,8013,3,1078
A photo of Mark Zuckerberg laughing with a man inside an office,Mark Zuckerberg,5659,3,1079
A photo of Mark Zuckerberg pointing at a screen with a colleague,Mark Zuckerberg,7664,3,1080
A photo of Mark Zuckerberg clapping with a teacher in a classroom,Mark Zuckerberg,1086,3,1081
A photo of Mark Zuckerberg hugging a student outside a school,Mark Zuckerberg,8866,3,1082
A photo of Mark Zuckerberg eating with a family at a picnic table,Mark Zuckerberg,8535,3,1083
A photo of Mark Zuckerberg reading with a boy under a tree,Mark Zuckerberg,4612,3,1084
A photo of Mark Zuckerberg running with a man on a track field,Mark Zuckerberg,6645,3,1085
A photo of Mark Zuckerberg speaking with a reporter near a microphone,Mark Zuckerberg,3881,3,1086
A photo of Mark Zuckerberg standing with a soldier in a desert,Mark Zuckerberg,8708,3,1087
A photo of Mark Zuckerberg smiling with a woman on a stage,Mark Zuckerberg,6541,3,1088
A photo of Mark Zuckerberg waving with a police officer beside a vehicle,Mark Zuckerberg,2596,3,1089
A photo of Mark Zuckerberg biking with a child on a trail,Mark Zuckerberg,2438,3,1090
A photo of Mark Zuckerberg listening to a man beside a bookshelf,Mark Zuckerberg,6947,3,1091
A photo of Mark Zuckerberg gesturing to a group in a meeting room,Mark Zuckerberg,5489,3,1092
A photo of Mark Zuckerberg watching with a woman in a theater,Mark Zuckerberg,2948,3,1093
A photo of Mark Zuckerberg signing a paper with a student,Mark Zuckerberg,2834,3,1094
A photo of Mark Zuckerberg handshaking with a woman beside a car,Mark Zuckerberg,4205,3,1095
A photo of Mark Zuckerberg talking to a man in front of a building,Mark Zuckerberg,7550,3,1096
A photo of Mark Zuckerberg sitting with a child on a bench,Mark Zuckerberg,7355,3,1097
A photo of Mark Zuckerberg walking with a woman near a fountain,Mark Zuckerberg,8639,3,1098
A photo of Mark Zuckerberg laughing with a man inside an office,Mark Zuckerberg,6523,3,1099
A photo of Mark Zuckerberg pointing toward the sky with a child in one arm and a teacher beside him,Mark Zuckerberg,5793,4,1100
"A photo of Mark Zuckerberg seated between a doctor and a nurse during a hospital visit, listening attentively",Mark Zuckerberg,4549,4,1101
A photo of Mark Zuckerberg clapping with pride as a young musician plays violin in a dimly lit concert hall,Mark Zuckerberg,7014,4,1102
A photo of Mark Zuckerberg jogging across a bridge at dawn beside a man wearing a campaign T-shirt,Mark Zuckerberg,3613,4,1103
A photo of Mark Zuckerberg standing near a campfire talking with a group of scouts in uniform,Mark Zuckerberg,4353,4,1104
A photo of Mark Zuckerberg petting a golden retriever while chatting with an elderly couple in their backyard,Mark Zuckerberg,6098,4,1105
A photo of Mark Zuckerberg holding a shovel beside a community garden with two volunteers smiling,Mark Zuckerberg,4628,4,1106
"A photo of Mark Zuckerberg inside a science lab watching a student explain her experiment, with a teacher behind",Mark Zuckerberg,4815,4,1107
A photo of Mark Zuckerberg entering a school auditorium as children wave flags and a teacher stands at the podium,Mark Zuckerberg,5974,4,1108
"A photo of Mark Zuckerberg lighting a candle during a vigil, with a silent crowd gathered around him",Mark Zuckerberg,5414,4,1109
A photo of Mark Zuckerberg riding a tandem bicycle with a boy wearing a helmet and a GoPro,Mark Zuckerberg,8676,4,1110
A photo of Mark Zuckerberg helping an old man up a staircase while two bodyguards wait behind,Mark Zuckerberg,7938,4,1111
A photo of Mark Zuckerberg sitting under a tree with a young girl reading aloud from a picture book,Mark Zuckerberg,2608,4,1112
A photo of Mark Zuckerberg raising his glass in a toast during a formal dinner beside a world leader,Mark Zuckerberg,7255,4,1113
"A photo of Mark Zuckerberg holding a folded flag at a memorial site, with a grieving family nearby",Mark Zuckerberg,4519,4,1114
A photo of Mark Zuckerberg smiling warmly while handing a book to a student in a sunlit library,Mark Zuckerberg,7710,4,1115
"A photo of Mark Zuckerberg standing in the rain beside a soldier, both holding umbrellas",Mark Zuckerberg,6504,4,1116
A photo of Mark Zuckerberg laughing with two chefs while watching a dish being prepared in a bustling kitchen,Mark Zuckerberg,3232,4,1117
A photo of Mark Zuckerberg kneeling to tie a child’s shoelace as the child’s mother watches nearby,Mark Zuckerberg,6775,4,1118
A photo of Mark Zuckerberg walking along a beach at sunset with a woman and a black Labrador,Mark Zuckerberg,5745,4,1119
A photo of Mark Zuckerberg pointing toward the sky with a child in one arm and a teacher beside him,Mark Zuckerberg,1451,4,1120
"A photo of Mark Zuckerberg seated between a doctor and a nurse during a hospital visit, listening attentively",Mark Zuckerberg,5478,4,1121
A photo of Mark Zuckerberg clapping with pride as a young musician plays violin in a dimly lit concert hall,Mark Zuckerberg,6958,4,1122
A photo of Mark Zuckerberg jogging across a bridge at dawn beside a man wearing a campaign T-shirt,Mark Zuckerberg,8819,4,1123
A photo of Mark Zuckerberg standing near a campfire talking with a group of scouts in uniform,Mark Zuckerberg,1775,4,1124
"A close-up of Mark Zuckerberg’s face, serious",Mark Zuckerberg,1004,5,1125
"A clear view of Mark Zuckerberg’s face, no emotion",Mark Zuckerberg,2637,5,1126
"A close-up of Mark Zuckerberg’s head, calm look",Mark Zuckerberg,7868,5,1127
"Mark Zuckerberg face, soft smile",Mark Zuckerberg,8771,5,1128
"A headshot of Mark Zuckerberg, eyes forward",Mark Zuckerberg,5901,5,1129
"Mark Zuckerberg face, blank expression",Mark Zuckerberg,3475,5,1130
A focused photo of Mark Zuckerberg’s face,Mark Zuckerberg,7224,5,1131
"Mark Zuckerberg head, straight-on view",Mark Zuckerberg,7527,5,1132
"A tight headshot of Mark Zuckerberg, neutral mood",Mark Zuckerberg,8054,5,1133
"A clear face shot of Mark Zuckerberg, looking directly",Mark Zuckerberg,8687,5,1134
"Mark Zuckerberg head, full-face visible",Mark Zuckerberg,4480,5,1135
"A front-facing headshot of Mark Zuckerberg, composed",Mark Zuckerberg,3147,5,1136
"A centered photo of Mark Zuckerberg’s face, subtle expression",Mark Zuckerberg,6438,5,1137
"Mark Zuckerberg face, clear and front-facing",Mark Zuckerberg,7934,5,1138
"A photo of Mark Zuckerberg’s head, straight gaze",Mark Zuckerberg,6921,5,1139
"A close-up of Mark Zuckerberg’s face, looking straight",Mark Zuckerberg,3354,5,1140
"Mark Zuckerberg face, front-facing",Mark Zuckerberg,6937,5,1141
"Mark Zuckerberg headshot, neutral expression",Mark Zuckerberg,8857,5,1142
"A photo of Mark Zuckerberg’s head, smiling slightly",Mark Zuckerberg,2694,5,1143
"Mark Zuckerberg face, direct eye contact",Mark Zuckerberg,7665,5,1144
"A close-up of Mark Zuckerberg’s face, serious",Mark Zuckerberg,2090,5,1145
"A clear view of Mark Zuckerberg’s face, no emotion",Mark Zuckerberg,6613,5,1146
"A close-up of Mark Zuckerberg’s head, calm look",Mark Zuckerberg,3546,5,1147
"Mark Zuckerberg face, soft smile",Mark Zuckerberg,3181,5,1148
"A headshot of Mark Zuckerberg, eyes forward",Mark Zuckerberg,8382,5,1149
A half-body photo of Mark Zuckerberg with a slight smile,Mark Zuckerberg,7650,6,1150
A half-body photo of Mark Zuckerberg staring blankly,Mark Zuckerberg,7675,6,1151
A half-body photo of Mark Zuckerberg looking calm,Mark Zuckerberg,6620,6,1152
A half-body photo of Mark Zuckerberg with no expression,Mark Zuckerberg,5371,6,1153
A half-body photo of Mark Zuckerberg with eyes forward,Mark Zuckerberg,7460,6,1154
A half-body photo of Mark Zuckerberg slightly frowning,Mark Zuckerberg,6470,6,1155
A half-body photo of Mark Zuckerberg looking composed,Mark Zuckerberg,4724,6,1156
A half-body photo of Mark Zuckerberg with a blank face,Mark Zuckerberg,5332,6,1157
A half-body photo of Mark Zuckerberg showing a soft smile,Mark Zuckerberg,3481,6,1158
A half-body photo of Mark Zuckerberg looking directly at the camera,Mark Zuckerberg,8773,6,1159
A half-body photo of Mark Zuckerberg maintaining a straight face,Mark Zuckerberg,4271,6,1160
A half-body photo of Mark Zuckerberg with closed lips,Mark Zuckerberg,3598,6,1161
A half-body photo of Mark Zuckerberg in a relaxed expression,Mark Zuckerberg,7788,6,1162
A half-body photo of Mark Zuckerberg with a focused look,Mark Zuckerberg,5616,6,1163
A half-body photo of Mark Zuckerberg gazing forward,Mark Zuckerberg,2919,6,1164
A half-body photo of Mark Zuckerberg smiling,Mark Zuckerberg,7804,6,1165
A half-body photo of Mark Zuckerberg looking serious,Mark Zuckerberg,4059,6,1166
A half-body photo of Mark Zuckerberg facing forward,Mark Zuckerberg,3889,6,1167
A half-body photo of Mark Zuckerberg with a neutral expression,Mark Zuckerberg,5088,6,1168
A half-body photo of Mark Zuckerberg looking straight ahead,Mark Zuckerberg,3329,6,1169
A half-body photo of Mark Zuckerberg with a slight smile,Mark Zuckerberg,3975,6,1170
A half-body photo of Mark Zuckerberg staring blankly,Mark Zuckerberg,3223,6,1171
A half-body photo of Mark Zuckerberg looking calm,Mark Zuckerberg,3250,6,1172
A half-body photo of Mark Zuckerberg with no expression,Mark Zuckerberg,3879,6,1173
A half-body photo of Mark Zuckerberg with eyes forward,Mark Zuckerberg,7642,6,1174
"A full-body photo of Mark Zuckerberg leaning, facing forward",Mark Zuckerberg,8844,7,1175
"A full-body photo of Mark Zuckerberg resting, facing forward",Mark Zuckerberg,3066,7,1176
"A full-body photo of Mark Zuckerberg seated, facing forward",Mark Zuckerberg,4106,7,1177
"A full-body photo of Mark Zuckerberg reclining, facing forward",Mark Zuckerberg,2201,7,1178
"A full-body photo of Mark Zuckerberg posed upright, facing forward",Mark Zuckerberg,8399,7,1179
"A full-body photo of Mark Zuckerberg crouching, facing forward",Mark Zuckerberg,1119,7,1180
"A full-body photo of Mark Zuckerberg standing still, facing forward",Mark Zuckerberg,3231,7,1181
"A full-body photo of Mark Zuckerberg sitting cross-legged, facing forward",Mark Zuckerberg,3310,7,1182
"A full-body photo of Mark Zuckerberg lying flat, facing forward",Mark Zuckerberg,5991,7,1183
"A full-body photo of Mark Zuckerberg half-seated, facing forward",Mark Zuckerberg,5507,7,1184
"A full-body photo of Mark Zuckerberg in a relaxed posture, facing forward",Mark Zuckerberg,2841,7,1185
"A full-body photo of Mark Zuckerberg in upright posture, facing forward",Mark Zuckerberg,1942,7,1186
"A full-body photo of Mark Zuckerberg in resting position, facing forward",Mark Zuckerberg,2382,7,1187
"A full-body photo of Mark Zuckerberg in crouched position, facing forward",Mark Zuckerberg,2820,7,1188
"A full-body photo of Mark Zuckerberg sitting upright, facing forward",Mark Zuckerberg,2585,7,1189
"A full-body photo of Mark Zuckerberg standing, facing forward",Mark Zuckerberg,3476,7,1190
"A full-body photo of Mark Zuckerberg sitting, facing forward",Mark Zuckerberg,6732,7,1191
"A full-body photo of Mark Zuckerberg lying down, facing forward",Mark Zuckerberg,3273,7,1192
"A full-body photo of Mark Zuckerberg kneeling, facing forward",Mark Zuckerberg,7600,7,1193
"A full-body photo of Mark Zuckerberg squatting, facing forward",Mark Zuckerberg,6405,7,1194
"A full-body photo of Mark Zuckerberg leaning, facing forward",Mark Zuckerberg,5093,7,1195
"A full-body photo of Mark Zuckerberg resting, facing forward",Mark Zuckerberg,5053,7,1196
"A full-body photo of Mark Zuckerberg seated, facing forward",Mark Zuckerberg,8793,7,1197
"A full-body photo of Mark Zuckerberg reclining, facing forward",Mark Zuckerberg,5607,7,1198
"A full-body photo of Mark Zuckerberg posed upright, facing forward",Mark Zuckerberg,8105,7,1199
Johnny Depp,Johnny Depp,3430,0,1200
Johnny Depp,Johnny Depp,6225,0,1201
Johnny Depp,Johnny Depp,7342,0,1202
Johnny Depp,Johnny Depp,5576,0,1203
Johnny Depp,Johnny Depp,5612,0,1204
Johnny Depp,Johnny Depp,6318,0,1205
Johnny Depp,Johnny Depp,4939,0,1206
Johnny Depp,Johnny Depp,8016,0,1207
Johnny Depp,Johnny Depp,4973,0,1208
Johnny Depp,Johnny Depp,7763,0,1209
Johnny Depp,Johnny Depp,3111,0,1210
Johnny Depp,Johnny Depp,1568,0,1211
Johnny Depp,Johnny Depp,3406,0,1212
Johnny Depp,Johnny Depp,1811,0,1213
Johnny Depp,Johnny Depp,8383,0,1214
Johnny Depp,Johnny Depp,3700,0,1215
Johnny Depp,Johnny Depp,2953,0,1216
Johnny Depp,Johnny Depp,8696,0,1217
Johnny Depp,Johnny Depp,6666,0,1218
Johnny Depp,Johnny Depp,6113,0,1219
Johnny Depp,Johnny Depp,4987,0,1220
Johnny Depp,Johnny Depp,1484,0,1221
Johnny Depp,Johnny Depp,7054,0,1222
Johnny Depp,Johnny Depp,7288,0,1223
Johnny Depp,Johnny Depp,3605,0,1224
A photo of Johnny Depp smiling,Johnny Depp,2322,1,1225
A photo of Johnny Depp waving,Johnny Depp,7019,1,1226
A photo of Johnny Depp reading,Johnny Depp,8287,1,1227
A photo of Johnny Depp walking,Johnny Depp,4571,1,1228
A photo of Johnny Depp sitting,Johnny Depp,2540,1,1229
A photo of Johnny Depp standing,Johnny Depp,5352,1,1230
A photo of Johnny Depp laughing,Johnny Depp,6640,1,1231
A photo of Johnny Depp writing,Johnny Depp,2197,1,1232
A photo of Johnny Depp pointing,Johnny Depp,4747,1,1233
A photo of Johnny Depp speaking,Johnny Depp,7080,1,1234
A photo of Johnny Depp thinking,Johnny Depp,4278,1,1235
A photo of Johnny Depp clapping,Johnny Depp,1971,1,1236
A photo of Johnny Depp eating,Johnny Depp,5528,1,1237
A photo of Johnny Depp drinking,Johnny Depp,2198,1,1238
A photo of Johnny Depp looking up,Johnny Depp,8789,1,1239
A photo of Johnny Depp looking down,Johnny Depp,8254,1,1240
A photo of Johnny Depp gesturing,Johnny Depp,8550,1,1241
A photo of Johnny Depp nodding,Johnny Depp,6531,1,1242
A photo of Johnny Depp holding a book,Johnny Depp,1969,1,1243
A photo of Johnny Depp wearing a suit,Johnny Depp,8795,1,1244
A photo of Johnny Depp smiling,Johnny Depp,6781,1,1245
A photo of Johnny Depp waving,Johnny Depp,4017,1,1246
A photo of Johnny Depp reading,Johnny Depp,3900,1,1247
A photo of Johnny Depp walking,Johnny Depp,2033,1,1248
A photo of Johnny Depp sitting,Johnny Depp,2786,1,1249
A photo of Johnny Depp walking with a man,Johnny Depp,7003,2,1250
A photo of Johnny Depp talking to a woman,Johnny Depp,4649,2,1251
A photo of Johnny Depp shaking hands with a soldier,Johnny Depp,1379,2,1252
A photo of Johnny Depp laughing with a student,Johnny Depp,1310,2,1253
A photo of Johnny Depp hugging his wife,Johnny Depp,3007,2,1254
A photo of Johnny Depp playing basketball,Johnny Depp,3043,2,1255
A photo of Johnny Depp sitting next to his boy,Johnny Depp,4643,2,1256
A photo of Johnny Depp speaking with a journalist,Johnny Depp,5520,2,1257
A photo of Johnny Depp riding a bicycle,Johnny Depp,7605,2,1258
A photo of Johnny Depp standing beside a police officer,Johnny Depp,6343,2,1259
A photo of Johnny Depp smiling with his daughter,Johnny Depp,3254,2,1260
A photo of Johnny Depp waving at a child,Johnny Depp,2927,2,1261
A photo of Johnny Depp pointing at a painting,Johnny Depp,1871,2,1262
A photo of Johnny Depp holding hands with a young girl,Johnny Depp,2639,2,1263
A photo of Johnny Depp jogging with his dog,Johnny Depp,2478,2,1264
A photo of Johnny Depp eating with his friend,Johnny Depp,4005,2,1265
A photo of Johnny Depp holding a gift,Johnny Depp,2169,2,1266
A photo of Johnny Depp sitting in a car,Johnny Depp,3033,2,1267
A photo of Johnny Depp signing a book,Johnny Depp,8522,2,1268
A photo of Johnny Depp taking a selfie with his cat,Johnny Depp,8830,2,1269
A photo of Johnny Depp walking with a man,Johnny Depp,1776,2,1270
A photo of Johnny Depp talking to a woman,Johnny Depp,1158,2,1271
A photo of Johnny Depp shaking hands with a soldier,Johnny Depp,7689,2,1272
A photo of Johnny Depp laughing with a student,Johnny Depp,6106,2,1273
A photo of Johnny Depp hugging his wife,Johnny Depp,5038,2,1274
A photo of Johnny Depp handshaking with a woman beside a car,Johnny Depp,3727,3,1275
A photo of Johnny Depp talking to a man in front of a building,Johnny Depp,4552,3,1276
A photo of Johnny Depp sitting with a child on a bench,Johnny Depp,8413,3,1277
A photo of Johnny Depp walking with a woman near a fountain,Johnny Depp,8013,3,1278
A photo of Johnny Depp laughing with a man inside an office,Johnny Depp,5659,3,1279
A photo of Johnny Depp pointing at a screen with a colleague,Johnny Depp,7664,3,1280
A photo of Johnny Depp clapping with a teacher in a classroom,Johnny Depp,1086,3,1281
A photo of Johnny Depp hugging a student outside a school,Johnny Depp,8866,3,1282
A photo of Johnny Depp eating with a family at a picnic table,Johnny Depp,8535,3,1283
A photo of Johnny Depp reading with a boy under a tree,Johnny Depp,4612,3,1284
A photo of Johnny Depp running with a man on a track field,Johnny Depp,6645,3,1285
A photo of Johnny Depp speaking with a reporter near a microphone,Johnny Depp,3881,3,1286
A photo of Johnny Depp standing with a soldier in a desert,Johnny Depp,8708,3,1287
A photo of Johnny Depp smiling with a woman on a stage,Johnny Depp,6541,3,1288
A photo of Johnny Depp waving with a police officer beside a vehicle,Johnny Depp,2596,3,1289
A photo of Johnny Depp biking with a child on a trail,Johnny Depp,2438,3,1290
A photo of Johnny Depp listening to a man beside a bookshelf,Johnny Depp,6947,3,1291
A photo of Johnny Depp gesturing to a group in a meeting room,Johnny Depp,5489,3,1292
A photo of Johnny Depp watching with a woman in a theater,Johnny Depp,2948,3,1293
A photo of Johnny Depp signing a paper with a student,Johnny Depp,2834,3,1294
A photo of Johnny Depp handshaking with a woman beside a car,Johnny Depp,4205,3,1295
A photo of Johnny Depp talking to a man in front of a building,Johnny Depp,7550,3,1296
A photo of Johnny Depp sitting with a child on a bench,Johnny Depp,7355,3,1297
A photo of Johnny Depp walking with a woman near a fountain,Johnny Depp,8639,3,1298
A photo of Johnny Depp laughing with a man inside an office,Johnny Depp,6523,3,1299
A photo of Johnny Depp pointing toward the sky with a child in one arm and a teacher beside him,Johnny Depp,5793,4,1300
"A photo of Johnny Depp seated between a doctor and a nurse during a hospital visit, listening attentively",Johnny Depp,4549,4,1301
A photo of Johnny Depp clapping with pride as a young musician plays violin in a dimly lit concert hall,Johnny Depp,7014,4,1302
A photo of Johnny Depp jogging across a bridge at dawn beside a man wearing a campaign T-shirt,Johnny Depp,3613,4,1303
A photo of Johnny Depp standing near a campfire talking with a group of scouts in uniform,Johnny Depp,4353,4,1304
A photo of Johnny Depp petting a golden retriever while chatting with an elderly couple in their backyard,Johnny Depp,6098,4,1305
A photo of Johnny Depp holding a shovel beside a community garden with two volunteers smiling,Johnny Depp,4628,4,1306
"A photo of Johnny Depp inside a science lab watching a student explain her experiment, with a teacher behind",Johnny Depp,4815,4,1307
A photo of Johnny Depp entering a school auditorium as children wave flags and a teacher stands at the podium,Johnny Depp,5974,4,1308
"A photo of Johnny Depp lighting a candle during a vigil, with a silent crowd gathered around him",Johnny Depp,5414,4,1309
A photo of Johnny Depp riding a tandem bicycle with a boy wearing a helmet and a GoPro,Johnny Depp,8676,4,1310
A photo of Johnny Depp helping an old man up a staircase while two bodyguards wait behind,Johnny Depp,7938,4,1311
A photo of Johnny Depp sitting under a tree with a young girl reading aloud from a picture book,Johnny Depp,2608,4,1312
A photo of Johnny Depp raising his glass in a toast during a formal dinner beside a world leader,Johnny Depp,7255,4,1313
"A photo of Johnny Depp holding a folded flag at a memorial site, with a grieving family nearby",Johnny Depp,4519,4,1314
A photo of Johnny Depp smiling warmly while handing a book to a student in a sunlit library,Johnny Depp,7710,4,1315
"A photo of Johnny Depp standing in the rain beside a soldier, both holding umbrellas",Johnny Depp,6504,4,1316
A photo of Johnny Depp laughing with two chefs while watching a dish being prepared in a bustling kitchen,Johnny Depp,3232,4,1317
A photo of Johnny Depp kneeling to tie a child’s shoelace as the child’s mother watches nearby,Johnny Depp,6775,4,1318
A photo of Johnny Depp walking along a beach at sunset with a woman and a black Labrador,Johnny Depp,5745,4,1319
A photo of Johnny Depp pointing toward the sky with a child in one arm and a teacher beside him,Johnny Depp,1451,4,1320
"A photo of Johnny Depp seated between a doctor and a nurse during a hospital visit, listening attentively",Johnny Depp,5478,4,1321
A photo of Johnny Depp clapping with pride as a young musician plays violin in a dimly lit concert hall,Johnny Depp,6958,4,1322
A photo of Johnny Depp jogging across a bridge at dawn beside a man wearing a campaign T-shirt,Johnny Depp,8819,4,1323
A photo of Johnny Depp standing near a campfire talking with a group of scouts in uniform,Johnny Depp,1775,4,1324
"A close-up of Johnny Depp’s face, serious",Johnny Depp,1004,5,1325
"A clear view of Johnny Depp’s face, no emotion",Johnny Depp,2637,5,1326
"A close-up of Johnny Depp’s head, calm look",Johnny Depp,7868,5,1327
"Johnny Depp face, soft smile",Johnny Depp,8771,5,1328
"A headshot of Johnny Depp, eyes forward",Johnny Depp,5901,5,1329
"Johnny Depp face, blank expression",Johnny Depp,3475,5,1330
A focused photo of Johnny Depp’s face,Johnny Depp,7224,5,1331
"Johnny Depp head, straight-on view",Johnny Depp,7527,5,1332
"A tight headshot of Johnny Depp, neutral mood",Johnny Depp,8054,5,1333
"A clear face shot of Johnny Depp, looking directly",Johnny Depp,8687,5,1334
"Johnny Depp head, full-face visible",Johnny Depp,4480,5,1335
"A front-facing headshot of Johnny Depp, composed",Johnny Depp,3147,5,1336
"A centered photo of Johnny Depp’s face, subtle expression",Johnny Depp,6438,5,1337
"Johnny Depp face, clear and front-facing",Johnny Depp,7934,5,1338
"A photo of Johnny Depp’s head, straight gaze",Johnny Depp,6921,5,1339
"A close-up of Johnny Depp’s face, looking straight",Johnny Depp,3354,5,1340
"Johnny Depp face, front-facing",Johnny Depp,6937,5,1341
"Johnny Depp headshot, neutral expression",Johnny Depp,8857,5,1342
"A photo of Johnny Depp’s head, smiling slightly",Johnny Depp,2694,5,1343
"Johnny Depp face, direct eye contact",Johnny Depp,7665,5,1344
"A close-up of Johnny Depp’s face, serious",Johnny Depp,2090,5,1345
"A clear view of Johnny Depp’s face, no emotion",Johnny Depp,6613,5,1346
"A close-up of Johnny Depp’s head, calm look",Johnny Depp,3546,5,1347
"Johnny Depp face, soft smile",Johnny Depp,3181,5,1348
"A headshot of Johnny Depp, eyes forward",Johnny Depp,8382,5,1349
A half-body photo of Johnny Depp with a slight smile,Johnny Depp,7650,6,1350
A half-body photo of Johnny Depp staring blankly,Johnny Depp,7675,6,1351
A half-body photo of Johnny Depp looking calm,Johnny Depp,6620,6,1352
A half-body photo of Johnny Depp with no expression,Johnny Depp,5371,6,1353
A half-body photo of Johnny Depp with eyes forward,Johnny Depp,7460,6,1354
A half-body photo of Johnny Depp slightly frowning,Johnny Depp,6470,6,1355
A half-body photo of Johnny Depp looking composed,Johnny Depp,4724,6,1356
A half-body photo of Johnny Depp with a blank face,Johnny Depp,5332,6,1357
A half-body photo of Johnny Depp showing a soft smile,Johnny Depp,3481,6,1358
A half-body photo of Johnny Depp looking directly at the camera,Johnny Depp,8773,6,1359
A half-body photo of Johnny Depp maintaining a straight face,Johnny Depp,4271,6,1360
A half-body photo of Johnny Depp with closed lips,Johnny Depp,3598,6,1361
A half-body photo of Johnny Depp in a relaxed expression,Johnny Depp,7788,6,1362
A half-body photo of Johnny Depp with a focused look,Johnny Depp,5616,6,1363
A half-body photo of Johnny Depp gazing forward,Johnny Depp,2919,6,1364
A half-body photo of Johnny Depp smiling,Johnny Depp,7804,6,1365
A half-body photo of Johnny Depp looking serious,Johnny Depp,4059,6,1366
A half-body photo of Johnny Depp facing forward,Johnny Depp,3889,6,1367
A half-body photo of Johnny Depp with a neutral expression,Johnny Depp,5088,6,1368
A half-body photo of Johnny Depp looking straight ahead,Johnny Depp,3329,6,1369
A half-body photo of Johnny Depp with a slight smile,Johnny Depp,3975,6,1370
A half-body photo of Johnny Depp staring blankly,Johnny Depp,3223,6,1371
A half-body photo of Johnny Depp looking calm,Johnny Depp,3250,6,1372
A half-body photo of Johnny Depp with no expression,Johnny Depp,3879,6,1373
A half-body photo of Johnny Depp with eyes forward,Johnny Depp,7642,6,1374
"A full-body photo of Johnny Depp leaning, facing forward",Johnny Depp,8844,7,1375
"A full-body photo of Johnny Depp resting, facing forward",Johnny Depp,3066,7,1376
"A full-body photo of Johnny Depp seated, facing forward",Johnny Depp,4106,7,1377
"A full-body photo of Johnny Depp reclining, facing forward",Johnny Depp,2201,7,1378
"A full-body photo of Johnny Depp posed upright, facing forward",Johnny Depp,8399,7,1379
"A full-body photo of Johnny Depp crouching, facing forward",Johnny Depp,1119,7,1380
"A full-body photo of Johnny Depp standing still, facing forward",Johnny Depp,3231,7,1381
"A full-body photo of Johnny Depp sitting cross-legged, facing forward",Johnny Depp,3310,7,1382
"A full-body photo of Johnny Depp lying flat, facing forward",Johnny Depp,5991,7,1383
"A full-body photo of Johnny Depp half-seated, facing forward",Johnny Depp,5507,7,1384
"A full-body photo of Johnny Depp in a relaxed posture, facing forward",Johnny Depp,2841,7,1385
"A full-body photo of Johnny Depp in upright posture, facing forward",Johnny Depp,1942,7,1386
"A full-body photo of Johnny Depp in resting position, facing forward",Johnny Depp,2382,7,1387
"A full-body photo of Johnny Depp in crouched position, facing forward",Johnny Depp,2820,7,1388
"A full-body photo of Johnny Depp sitting upright, facing forward",Johnny Depp,2585,7,1389
"A full-body photo of Johnny Depp standing, facing forward",Johnny Depp,3476,7,1390
"A full-body photo of Johnny Depp sitting, facing forward",Johnny Depp,6732,7,1391
"A full-body photo of Johnny Depp lying down, facing forward",Johnny Depp,3273,7,1392
"A full-body photo of Johnny Depp kneeling, facing forward",Johnny Depp,7600,7,1393
"A full-body photo of Johnny Depp squatting, facing forward",Johnny Depp,6405,7,1394
"A full-body photo of Johnny Depp leaning, facing forward",Johnny Depp,5093,7,1395
"A full-body photo of Johnny Depp resting, facing forward",Johnny Depp,5053,7,1396
"A full-body photo of Johnny Depp seated, facing forward",Johnny Depp,8793,7,1397
"A full-body photo of Johnny Depp reclining, facing forward",Johnny Depp,5607,7,1398
"A full-body photo of Johnny Depp posed upright, facing forward",Johnny Depp,8105,7,1399
Natalie Portman,Natalie Portman,3430,0,1400
Natalie Portman,Natalie Portman,6225,0,1401
Natalie Portman,Natalie Portman,7342,0,1402
Natalie Portman,Natalie Portman,5576,0,1403
Natalie Portman,Natalie Portman,5612,0,1404
Natalie Portman,Natalie Portman,6318,0,1405
Natalie Portman,Natalie Portman,4939,0,1406
Natalie Portman,Natalie Portman,8016,0,1407
Natalie Portman,Natalie Portman,4973,0,1408
Natalie Portman,Natalie Portman,7763,0,1409
Natalie Portman,Natalie Portman,3111,0,1410
Natalie Portman,Natalie Portman,1568,0,1411
Natalie Portman,Natalie Portman,3406,0,1412
Natalie Portman,Natalie Portman,1811,0,1413
Natalie Portman,Natalie Portman,8383,0,1414
Natalie Portman,Natalie Portman,3700,0,1415
Natalie Portman,Natalie Portman,2953,0,1416
Natalie Portman,Natalie Portman,8696,0,1417
Natalie Portman,Natalie Portman,6666,0,1418
Natalie Portman,Natalie Portman,6113,0,1419
Natalie Portman,Natalie Portman,4987,0,1420
Natalie Portman,Natalie Portman,1484,0,1421
Natalie Portman,Natalie Portman,7054,0,1422
Natalie Portman,Natalie Portman,7288,0,1423
Natalie Portman,Natalie Portman,3605,0,1424
A photo of Natalie Portman smiling,Natalie Portman,2322,1,1425
A photo of Natalie Portman waving,Natalie Portman,7019,1,1426
A photo of Natalie Portman reading,Natalie Portman,8287,1,1427
A photo of Natalie Portman walking,Natalie Portman,4571,1,1428
A photo of Natalie Portman sitting,Natalie Portman,2540,1,1429
A photo of Natalie Portman standing,Natalie Portman,5352,1,1430
A photo of Natalie Portman laughing,Natalie Portman,6640,1,1431
A photo of Natalie Portman writing,Natalie Portman,2197,1,1432
A photo of Natalie Portman pointing,Natalie Portman,4747,1,1433
A photo of Natalie Portman speaking,Natalie Portman,7080,1,1434
A photo of Natalie Portman thinking,Natalie Portman,4278,1,1435
A photo of Natalie Portman clapping,Natalie Portman,1971,1,1436
A photo of Natalie Portman eating,Natalie Portman,5528,1,1437
A photo of Natalie Portman drinking,Natalie Portman,2198,1,1438
A photo of Natalie Portman looking up,Natalie Portman,8789,1,1439
A photo of Natalie Portman looking down,Natalie Portman,8254,1,1440
A photo of Natalie Portman gesturing,Natalie Portman,8550,1,1441
A photo of Natalie Portman nodding,Natalie Portman,6531,1,1442
A photo of Natalie Portman holding a book,Natalie Portman,1969,1,1443
A photo of Natalie Portman wearing a suit,Natalie Portman,8795,1,1444
A photo of Natalie Portman smiling,Natalie Portman,6781,1,1445
A photo of Natalie Portman waving,Natalie Portman,4017,1,1446
A photo of Natalie Portman reading,Natalie Portman,3900,1,1447
A photo of Natalie Portman walking,Natalie Portman,2033,1,1448
A photo of Natalie Portman sitting,Natalie Portman,2786,1,1449
A photo of Natalie Portman walking with a man,Natalie Portman,7003,2,1450
A photo of Natalie Portman talking to a woman,Natalie Portman,4649,2,1451
A photo of Natalie Portman shaking hands with a soldier,Natalie Portman,1379,2,1452
A photo of Natalie Portman laughing with a student,Natalie Portman,1310,2,1453
A photo of Natalie Portman hugging her husband,Natalie Portman,3007,2,1454
A photo of Natalie Portman playing basketball,Natalie Portman,3043,2,1455
A photo of Natalie Portman sitting next to her boy,Natalie Portman,4643,2,1456
A photo of Natalie Portman speaking with a journalist,Natalie Portman,5520,2,1457
A photo of Natalie Portman riding a bicycle,Natalie Portman,7605,2,1458
A photo of Natalie Portman standing beside a police officer,Natalie Portman,6343,2,1459
A photo of Natalie Portman smiling with her daughter,Natalie Portman,3254,2,1460
A photo of Natalie Portman waving at a child,Natalie Portman,2927,2,1461
A photo of Natalie Portman pointing at a painting,Natalie Portman,1871,2,1462
A photo of Natalie Portman holding hands with a young girl,Natalie Portman,2639,2,1463
A photo of Natalie Portman jogging with her dog,Natalie Portman,2478,2,1464
A photo of Natalie Portman eating with her friend,Natalie Portman,4005,2,1465
A photo of Natalie Portman holding a gift,Natalie Portman,2169,2,1466
A photo of Natalie Portman sitting in a car,Natalie Portman,3033,2,1467
A photo of Natalie Portman signing a book,Natalie Portman,8522,2,1468
A photo of Natalie Portman taking a selfie with her cat,Natalie Portman,8830,2,1469
A photo of Natalie Portman walking with a man,Natalie Portman,1776,2,1470
A photo of Natalie Portman talking to a woman,Natalie Portman,1158,2,1471
A photo of Natalie Portman shaking hands with a soldier,Natalie Portman,7689,2,1472
A photo of Natalie Portman laughing with a student,Natalie Portman,6106,2,1473
A photo of Natalie Portman hugging her husband,Natalie Portman,5038,2,1474
A photo of Natalie Portman handshaking with a woman beside a car,Natalie Portman,5793,3,1475
A photo of Natalie Portman talking to a man in front of a building,Natalie Portman,4549,3,1476
A photo of Natalie Portman sitting with a child on a bench,Natalie Portman,7014,3,1477
A photo of Natalie Portman walking with a woman near a fountain,Natalie Portman,3613,3,1478
A photo of Natalie Portman laughing with a man inside an office,Natalie Portman,4353,3,1479
A photo of Natalie Portman pointing at a screen with a colleague,Natalie Portman,6098,3,1480
A photo of Natalie Portman clapping with a teacher in a classroom,Natalie Portman,4628,3,1481
A photo of Natalie Portman hugging a student outside a school,Natalie Portman,4815,3,1482
A photo of Natalie Portman eating with a family at a picnic table,Natalie Portman,5974,3,1483
A photo of Natalie Portman reading with a boy under a tree,Natalie Portman,5414,3,1484
A photo of Natalie Portman running with a man on a track field,Natalie Portman,8676,3,1485
A photo of Natalie Portman speaking with a reporter near a microphone,Natalie Portman,7938,3,1486
A photo of Natalie Portman standing with a soldier in a desert,Natalie Portman,2608,3,1487
A photo of Natalie Portman smiling with a woman on a stage,Natalie Portman,7255,3,1488
A photo of Natalie Portman waving with a police officer beside a vehicle,Natalie Portman,4519,3,1489
A photo of Natalie Portman biking with a child on a trail,Natalie Portman,7710,3,1490
A photo of Natalie Portman listening to a man beside a bookshelf,Natalie Portman,6504,3,1491
A photo of Natalie Portman gesturing to a group in a meeting room,Natalie Portman,3232,3,1492
A photo of Natalie Portman watching with a woman in a theater,Natalie Portman,6775,3,1493
A photo of Natalie Portman signing a paper with a student,Natalie Portman,5745,3,1494
A photo of Natalie Portman handshaking with a woman beside a car,Natalie Portman,1451,3,1495
A photo of Natalie Portman talking to a man in front of a building,Natalie Portman,5478,3,1496
A photo of Natalie Portman sitting with a child on a bench,Natalie Portman,6958,3,1497
A photo of Natalie Portman walking with a woman near a fountain,Natalie Portman,8819,3,1498
A photo of Natalie Portman laughing with a man inside an office,Natalie Portman,1775,3,1499
A photo of Natalie Portman smiling warmly while handing a book to a student in a sunlit library,Natalie Portman,1004,4,1500
"A photo of Natalie Portman standing in the rain beside a soldier, both holding umbrellas",Natalie Portman,2637,4,1501
A photo of Natalie Portman laughing with two chefs while watching a dish being prepared in a bustling kitchen,Natalie Portman,7868,4,1502
A photo of Natalie Portman kneeling to tie a child’s shoelace as the child’s mother watches nearby,Natalie Portman,8771,4,1503
A photo of Natalie Portman walking along a beach at sunset with a woman and a black Labrador,Natalie Portman,5901,4,1504
A photo of Natalie Portman pointing toward the sky with a child in one arm and a teacher beside her,Natalie Portman,3475,4,1505
"A photo of Natalie Portman seated between a doctor and a nurse during a hospital visit, listening attentively",Natalie Portman,7224,4,1506
A photo of Natalie Portman clapping with pride as a young musician plays violin in a dimly lit concert hall,Natalie Portman,7527,4,1507
A photo of Natalie Portman jogging across a bridge at dawn beside a man wearing a campaign T-shirt,Natalie Portman,8054,4,1508
A photo of Natalie Portman standing near a campfire talking with a group of scouts in uniform,Natalie Portman,8687,4,1509
A photo of Natalie Portman petting a golden retriever while chatting with an elderly couple in their backyard,Natalie Portman,4480,4,1510
A photo of Natalie Portman holding a shovel beside a community garden with two volunteers smiling,Natalie Portman,3147,4,1511
"A photo of Natalie Portman inside a science lab watching a student explain her experiment, with a teacher behind",Natalie Portman,6438,4,1512
A photo of Natalie Portman entering a school auditorium as children wave flags and a teacher stands at the podium,Natalie Portman,7934,4,1513
"A photo of Natalie Portman lighting a candle during a vigil, with a silent crowd gathered around her",Natalie Portman,6921,4,1514
A photo of Natalie Portman riding a tandem bicycle with a boy wearing a helmet and a GoPro,Natalie Portman,3354,4,1515
A photo of Natalie Portman helping an old man up a staircase while two bodyguards wait behind,Natalie Portman,6937,4,1516
A photo of Natalie Portman sitting under a tree with a young girl reading aloud from a picture book,Natalie Portman,8857,4,1517
A photo of Natalie Portman raising her glass in a toast during a formal dinner beside a world leader,Natalie Portman,2694,4,1518
"A photo of Natalie Portman holding a folded flag at a memorial site, with a grieving family nearby",Natalie Portman,7665,4,1519
A photo of Natalie Portman smiling warmly while handing a book to a student in a sunlit library,Natalie Portman,2090,4,1520
"A photo of Natalie Portman standing in the rain beside a soldier, both holding umbrellas",Natalie Portman,6613,4,1521
A photo of Natalie Portman laughing with two chefs while watching a dish being prepared in a bustling kitchen,Natalie Portman,3546,4,1522
A photo of Natalie Portman kneeling to tie a child’s shoelace as the child’s mother watches nearby,Natalie Portman,3181,4,1523
A photo of Natalie Portman walking along a beach at sunset with a woman and a black Labrador,Natalie Portman,8382,4,1524
"A close-up of Natalie Portman’s face, looking straight",Natalie Portman,7650,5,1525
"Natalie Portman face, front-facing",Natalie Portman,7675,5,1526
"Natalie Portman headshot, neutral expression",Natalie Portman,6620,5,1527
"A photo of Natalie Portman’s head, smiling slightly",Natalie Portman,5371,5,1528
"Natalie Portman face, direct eye contact",Natalie Portman,7460,5,1529
"A close-up of Natalie Portman’s face, serious",Natalie Portman,6470,5,1530
"A clear view of Natalie Portman’s face, no emotion",Natalie Portman,4724,5,1531
"A close-up of Natalie Portman’s head, calm look",Natalie Portman,5332,5,1532
"Natalie Portman face, soft smile",Natalie Portman,3481,5,1533
"A headshot of Natalie Portman, eyes forward",Natalie Portman,8773,5,1534
"Natalie Portman face, blank expression",Natalie Portman,4271,5,1535
A focused photo of Natalie Portman’s face,Natalie Portman,3598,5,1536
"Natalie Portman head, straight-on view",Natalie Portman,7788,5,1537
"A tight headshot of Natalie Portman, neutral mood",Natalie Portman,5616,5,1538
"A clear face shot of Natalie Portman, looking directly",Natalie Portman,2919,5,1539
"Natalie Portman head, full-face visible",Natalie Portman,7804,5,1540
"A front-facing headshot of Natalie Portman, composed",Natalie Portman,4059,5,1541
"A centered photo of Natalie Portman’s face, subtle expression",Natalie Portman,3889,5,1542
"Natalie Portman face, clear and front-facing",Natalie Portman,5088,5,1543
"A photo of Natalie Portman’s head, straight gaze",Natalie Portman,3329,5,1544
"A close-up of Natalie Portman’s face, looking straight",Natalie Portman,3975,5,1545
"Natalie Portman face, front-facing",Natalie Portman,3223,5,1546
"Natalie Portman headshot, neutral expression",Natalie Portman,3250,5,1547
"A photo of Natalie Portman’s head, smiling slightly",Natalie Portman,3879,5,1548
"Natalie Portman face, direct eye contact",Natalie Portman,7642,5,1549
A half-body photo of Natalie Portman smiling,Natalie Portman,8844,6,1550
A half-body photo of Natalie Portman looking serious,Natalie Portman,3066,6,1551
A half-body photo of Natalie Portman facing forward,Natalie Portman,4106,6,1552
A half-body photo of Natalie Portman with a neutral expression,Natalie Portman,2201,6,1553
A half-body photo of Natalie Portman looking straight ahead,Natalie Portman,8399,6,1554
A half-body photo of Natalie Portman with a slight smile,Natalie Portman,1119,6,1555
A half-body photo of Natalie Portman staring blankly,Natalie Portman,3231,6,1556
A half-body photo of Natalie Portman looking calm,Natalie Portman,3310,6,1557
A half-body photo of Natalie Portman with no expression,Natalie Portman,5991,6,1558
A half-body photo of Natalie Portman with eyes forward,Natalie Portman,5507,6,1559
A half-body photo of Natalie Portman slightly frowning,Natalie Portman,2841,6,1560
A half-body photo of Natalie Portman looking composed,Natalie Portman,1942,6,1561
A half-body photo of Natalie Portman with a blank face,Natalie Portman,2382,6,1562
A half-body photo of Natalie Portman showing a soft smile,Natalie Portman,2820,6,1563
A half-body photo of Natalie Portman looking directly at the camera,Natalie Portman,2585,6,1564
A half-body photo of Natalie Portman maintaining a straight face,Natalie Portman,3476,6,1565
A half-body photo of Natalie Portman with closed lips,Natalie Portman,6732,6,1566
A half-body photo of Natalie Portman in a relaxed expression,Natalie Portman,3273,6,1567
A half-body photo of Natalie Portman with a focused look,Natalie Portman,7600,6,1568
A half-body photo of Natalie Portman gazing forward,Natalie Portman,6405,6,1569
A half-body photo of Natalie Portman smiling,Natalie Portman,5093,6,1570
A half-body photo of Natalie Portman looking serious,Natalie Portman,5053,6,1571
A half-body photo of Natalie Portman facing forward,Natalie Portman,8793,6,1572
A half-body photo of Natalie Portman with a neutral expression,Natalie Portman,5607,6,1573
A half-body photo of Natalie Portman looking straight ahead,Natalie Portman,8105,6,1574
"A full-body photo of Natalie Portman standing, facing forward",Natalie Portman,3727,7,1575
"A full-body photo of Natalie Portman sitting, facing forward",Natalie Portman,4552,7,1576
"A full-body photo of Natalie Portman lying down, facing forward",Natalie Portman,8413,7,1577
"A full-body photo of Natalie Portman kneeling, facing forward",Natalie Portman,8013,7,1578
"A full-body photo of Natalie Portman squatting, facing forward",Natalie Portman,5659,7,1579
"A full-body photo of Natalie Portman leaning, facing forward",Natalie Portman,7664,7,1580
"A full-body photo of Natalie Portman resting, facing forward",Natalie Portman,1086,7,1581
"A full-body photo of Natalie Portman seated, facing forward",Natalie Portman,8866,7,1582
"A full-body photo of Natalie Portman reclining, facing forward",Natalie Portman,8535,7,1583
"A full-body photo of Natalie Portman posed upright, facing forward",Natalie Portman,4612,7,1584
"A full-body photo of Natalie Portman crouching, facing forward",Natalie Portman,6645,7,1585
"A full-body photo of Natalie Portman standing still, facing forward",Natalie Portman,3881,7,1586
"A full-body photo of Natalie Portman sitting cross-legged, facing forward",Natalie Portman,8708,7,1587
"A full-body photo of Natalie Portman lying flat, facing forward",Natalie Portman,6541,7,1588
"A full-body photo of Natalie Portman half-seated, facing forward",Natalie Portman,2596,7,1589
"A full-body photo of Natalie Portman in a relaxed posture, facing forward",Natalie Portman,2438,7,1590
"A full-body photo of Natalie Portman in upright posture, facing forward",Natalie Portman,6947,7,1591
"A full-body photo of Natalie Portman in resting position, facing forward",Natalie Portman,5489,7,1592
"A full-body photo of Natalie Portman in crouched position, facing forward",Natalie Portman,2948,7,1593
"A full-body photo of Natalie Portman sitting upright, facing forward",Natalie Portman,2834,7,1594
"A full-body photo of Natalie Portman standing, facing forward",Natalie Portman,4205,7,1595
"A full-body photo of Natalie Portman sitting, facing forward",Natalie Portman,7550,7,1596
"A full-body photo of Natalie Portman lying down, facing forward",Natalie Portman,7355,7,1597
"A full-body photo of Natalie Portman kneeling, facing forward",Natalie Portman,8639,7,1598
"A full-body photo of Natalie Portman squatting, facing forward",Natalie Portman,6523,7,1599
Tom Hiddleston,Tom Hiddleston,3430,0,1600
Tom Hiddleston,Tom Hiddleston,6225,0,1601
Tom Hiddleston,Tom Hiddleston,7342,0,1602
Tom Hiddleston,Tom Hiddleston,5576,0,1603
Tom Hiddleston,Tom Hiddleston,5612,0,1604
Tom Hiddleston,Tom Hiddleston,6318,0,1605
Tom Hiddleston,Tom Hiddleston,4939,0,1606
Tom Hiddleston,Tom Hiddleston,8016,0,1607
Tom Hiddleston,Tom Hiddleston,4973,0,1608
Tom Hiddleston,Tom Hiddleston,7763,0,1609
Tom Hiddleston,Tom Hiddleston,3111,0,1610
Tom Hiddleston,Tom Hiddleston,1568,0,1611
Tom Hiddleston,Tom Hiddleston,3406,0,1612
Tom Hiddleston,Tom Hiddleston,1811,0,1613
Tom Hiddleston,Tom Hiddleston,8383,0,1614
Tom Hiddleston,Tom Hiddleston,3700,0,1615
Tom Hiddleston,Tom Hiddleston,2953,0,1616
Tom Hiddleston,Tom Hiddleston,8696,0,1617
Tom Hiddleston,Tom Hiddleston,6666,0,1618
Tom Hiddleston,Tom Hiddleston,6113,0,1619
Tom Hiddleston,Tom Hiddleston,4987,0,1620
Tom Hiddleston,Tom Hiddleston,1484,0,1621
Tom Hiddleston,Tom Hiddleston,7054,0,1622
Tom Hiddleston,Tom Hiddleston,7288,0,1623
Tom Hiddleston,Tom Hiddleston,3605,0,1624
A photo of Tom Hiddleston smiling,Tom Hiddleston,2322,1,1625
A photo of Tom Hiddleston waving,Tom Hiddleston,7019,1,1626
A photo of Tom Hiddleston reading,Tom Hiddleston,8287,1,1627
A photo of Tom Hiddleston walking,Tom Hiddleston,4571,1,1628
A photo of Tom Hiddleston sitting,Tom Hiddleston,2540,1,1629
A photo of Tom Hiddleston standing,Tom Hiddleston,5352,1,1630
A photo of Tom Hiddleston laughing,Tom Hiddleston,6640,1,1631
A photo of Tom Hiddleston writing,Tom Hiddleston,2197,1,1632
A photo of Tom Hiddleston pointing,Tom Hiddleston,4747,1,1633
A photo of Tom Hiddleston speaking,Tom Hiddleston,7080,1,1634
A photo of Tom Hiddleston thinking,Tom Hiddleston,4278,1,1635
A photo of Tom Hiddleston clapping,Tom Hiddleston,1971,1,1636
A photo of Tom Hiddleston eating,Tom Hiddleston,5528,1,1637
A photo of Tom Hiddleston drinking,Tom Hiddleston,2198,1,1638
A photo of Tom Hiddleston looking up,Tom Hiddleston,8789,1,1639
A photo of Tom Hiddleston looking down,Tom Hiddleston,8254,1,1640
A photo of Tom Hiddleston gesturing,Tom Hiddleston,8550,1,1641
A photo of Tom Hiddleston nodding,Tom Hiddleston,6531,1,1642
A photo of Tom Hiddleston holding a book,Tom Hiddleston,1969,1,1643
A photo of Tom Hiddleston wearing a suit,Tom Hiddleston,8795,1,1644
A photo of Tom Hiddleston smiling,Tom Hiddleston,6781,1,1645
A photo of Tom Hiddleston waving,Tom Hiddleston,4017,1,1646
A photo of Tom Hiddleston reading,Tom Hiddleston,3900,1,1647
A photo of Tom Hiddleston walking,Tom Hiddleston,2033,1,1648
A photo of Tom Hiddleston sitting,Tom Hiddleston,2786,1,1649
A photo of Tom Hiddleston walking with a man,Tom Hiddleston,7003,2,1650
A photo of Tom Hiddleston talking to a woman,Tom Hiddleston,4649,2,1651
A photo of Tom Hiddleston shaking hands with a soldier,Tom Hiddleston,1379,2,1652
A photo of Tom Hiddleston laughing with a student,Tom Hiddleston,1310,2,1653
A photo of Tom Hiddleston hugging his wife,Tom Hiddleston,3007,2,1654
A photo of Tom Hiddleston playing basketball,Tom Hiddleston,3043,2,1655
A photo of Tom Hiddleston sitting next to his boy,Tom Hiddleston,4643,2,1656
A photo of Tom Hiddleston speaking with a journalist,Tom Hiddleston,5520,2,1657
A photo of Tom Hiddleston riding a bicycle,Tom Hiddleston,7605,2,1658
A photo of Tom Hiddleston standing beside a police officer,Tom Hiddleston,6343,2,1659
A photo of Tom Hiddleston smiling with his daughter,Tom Hiddleston,3254,2,1660
A photo of Tom Hiddleston waving at a child,Tom Hiddleston,2927,2,1661
A photo of Tom Hiddleston pointing at a painting,Tom Hiddleston,1871,2,1662
A photo of Tom Hiddleston holding hands with a young girl,Tom Hiddleston,2639,2,1663
A photo of Tom Hiddleston jogging with his dog,Tom Hiddleston,2478,2,1664
A photo of Tom Hiddleston eating with his friend,Tom Hiddleston,4005,2,1665
A photo of Tom Hiddleston holding a gift,Tom Hiddleston,2169,2,1666
A photo of Tom Hiddleston sitting in a car,Tom Hiddleston,3033,2,1667
A photo of Tom Hiddleston signing a book,Tom Hiddleston,8522,2,1668
A photo of Tom Hiddleston taking a selfie with his cat,Tom Hiddleston,8830,2,1669
A photo of Tom Hiddleston walking with a man,Tom Hiddleston,1776,2,1670
A photo of Tom Hiddleston talking to a woman,Tom Hiddleston,1158,2,1671
A photo of Tom Hiddleston shaking hands with a soldier,Tom Hiddleston,7689,2,1672
A photo of Tom Hiddleston laughing with a student,Tom Hiddleston,6106,2,1673
A photo of Tom Hiddleston hugging his wife,Tom Hiddleston,5038,2,1674
A photo of Tom Hiddleston handshaking with a woman beside a car,Tom Hiddleston,3727,3,1675
A photo of Tom Hiddleston talking to a man in front of a building,Tom Hiddleston,4552,3,1676
A photo of Tom Hiddleston sitting with a child on a bench,Tom Hiddleston,8413,3,1677
A photo of Tom Hiddleston walking with a woman near a fountain,Tom Hiddleston,8013,3,1678
A photo of Tom Hiddleston laughing with a man inside an office,Tom Hiddleston,5659,3,1679
A photo of Tom Hiddleston pointing at a screen with a colleague,Tom Hiddleston,7664,3,1680
A photo of Tom Hiddleston clapping with a teacher in a classroom,Tom Hiddleston,1086,3,1681
A photo of Tom Hiddleston hugging a student outside a school,Tom Hiddleston,8866,3,1682
A photo of Tom Hiddleston eating with a family at a picnic table,Tom Hiddleston,8535,3,1683
A photo of Tom Hiddleston reading with a boy under a tree,Tom Hiddleston,4612,3,1684
A photo of Tom Hiddleston running with a man on a track field,Tom Hiddleston,6645,3,1685
A photo of Tom Hiddleston speaking with a reporter near a microphone,Tom Hiddleston,3881,3,1686
A photo of Tom Hiddleston standing with a soldier in a desert,Tom Hiddleston,8708,3,1687
A photo of Tom Hiddleston smiling with a woman on a stage,Tom Hiddleston,6541,3,1688
A photo of Tom Hiddleston waving with a police officer beside a vehicle,Tom Hiddleston,2596,3,1689
A photo of Tom Hiddleston biking with a child on a trail,Tom Hiddleston,2438,3,1690
A photo of Tom Hiddleston listening to a man beside a bookshelf,Tom Hiddleston,6947,3,1691
A photo of Tom Hiddleston gesturing to a group in a meeting room,Tom Hiddleston,5489,3,1692
A photo of Tom Hiddleston watching with a woman in a theater,Tom Hiddleston,2948,3,1693
A photo of Tom Hiddleston signing a paper with a student,Tom Hiddleston,2834,3,1694
A photo of Tom Hiddleston handshaking with a woman beside a car,Tom Hiddleston,4205,3,1695
A photo of Tom Hiddleston talking to a man in front of a building,Tom Hiddleston,7550,3,1696
A photo of Tom Hiddleston sitting with a child on a bench,Tom Hiddleston,7355,3,1697
A photo of Tom Hiddleston walking with a woman near a fountain,Tom Hiddleston,8639,3,1698
A photo of Tom Hiddleston laughing with a man inside an office,Tom Hiddleston,6523,3,1699
A photo of Tom Hiddleston pointing toward the sky with a child in one arm and a teacher beside him,Tom Hiddleston,5793,4,1700
"A photo of Tom Hiddleston seated between a doctor and a nurse during a hospital visit, listening attentively",Tom Hiddleston,4549,4,1701
A photo of Tom Hiddleston clapping with pride as a young musician plays violin in a dimly lit concert hall,Tom Hiddleston,7014,4,1702
A photo of Tom Hiddleston jogging across a bridge at dawn beside a man wearing a campaign T-shirt,Tom Hiddleston,3613,4,1703
A photo of Tom Hiddleston standing near a campfire talking with a group of scouts in uniform,Tom Hiddleston,4353,4,1704
A photo of Tom Hiddleston petting a golden retriever while chatting with an elderly couple in their backyard,Tom Hiddleston,6098,4,1705
A photo of Tom Hiddleston holding a shovel beside a community garden with two volunteers smiling,Tom Hiddleston,4628,4,1706
"A photo of Tom Hiddleston inside a science lab watching a student explain her experiment, with a teacher behind",Tom Hiddleston,4815,4,1707
A photo of Tom Hiddleston entering a school auditorium as children wave flags and a teacher stands at the podium,Tom Hiddleston,5974,4,1708
"A photo of Tom Hiddleston lighting a candle during a vigil, with a silent crowd gathered around him",Tom Hiddleston,5414,4,1709
A photo of Tom Hiddleston riding a tandem bicycle with a boy wearing a helmet and a GoPro,Tom Hiddleston,8676,4,1710
A photo of Tom Hiddleston helping an old man up a staircase while two bodyguards wait behind,Tom Hiddleston,7938,4,1711
A photo of Tom Hiddleston sitting under a tree with a young girl reading aloud from a picture book,Tom Hiddleston,2608,4,1712
A photo of Tom Hiddleston raising his glass in a toast during a formal dinner beside a world leader,Tom Hiddleston,7255,4,1713
"A photo of Tom Hiddleston holding a folded flag at a memorial site, with a grieving family nearby",Tom Hiddleston,4519,4,1714
A photo of Tom Hiddleston smiling warmly while handing a book to a student in a sunlit library,Tom Hiddleston,7710,4,1715
"A photo of Tom Hiddleston standing in the rain beside a soldier, both holding umbrellas",Tom Hiddleston,6504,4,1716
A photo of Tom Hiddleston laughing with two chefs while watching a dish being prepared in a bustling kitchen,Tom Hiddleston,3232,4,1717
A photo of Tom Hiddleston kneeling to tie a child’s shoelace as the child’s mother watches nearby,Tom Hiddleston,6775,4,1718
A photo of Tom Hiddleston walking along a beach at sunset with a woman and a black Labrador,Tom Hiddleston,5745,4,1719
A photo of Tom Hiddleston pointing toward the sky with a child in one arm and a teacher beside him,Tom Hiddleston,1451,4,1720
"A photo of Tom Hiddleston seated between a doctor and a nurse during a hospital visit, listening attentively",Tom Hiddleston,5478,4,1721
A photo of Tom Hiddleston clapping with pride as a young musician plays violin in a dimly lit concert hall,Tom Hiddleston,6958,4,1722
A photo of Tom Hiddleston jogging across a bridge at dawn beside a man wearing a campaign T-shirt,Tom Hiddleston,8819,4,1723
A photo of Tom Hiddleston standing near a campfire talking with a group of scouts in uniform,Tom Hiddleston,1775,4,1724
"A close-up of Tom Hiddleston’s face, serious",Tom Hiddleston,1004,5,1725
"A clear view of Tom Hiddleston’s face, no emotion",Tom Hiddleston,2637,5,1726
"A close-up of Tom Hiddleston’s head, calm look",Tom Hiddleston,7868,5,1727
"Tom Hiddleston face, soft smile",Tom Hiddleston,8771,5,1728
"A headshot of Tom Hiddleston, eyes forward",Tom Hiddleston,5901,5,1729
"Tom Hiddleston face, blank expression",Tom Hiddleston,3475,5,1730
A focused photo of Tom Hiddleston’s face,Tom Hiddleston,7224,5,1731
"Tom Hiddleston head, straight-on view",Tom Hiddleston,7527,5,1732
"A tight headshot of Tom Hiddleston, neutral mood",Tom Hiddleston,8054,5,1733
"A clear face shot of Tom Hiddleston, looking directly",Tom Hiddleston,8687,5,1734
"Tom Hiddleston head, full-face visible",Tom Hiddleston,4480,5,1735
"A front-facing headshot of Tom Hiddleston, composed",Tom Hiddleston,3147,5,1736
"A centered photo of Tom Hiddleston’s face, subtle expression",Tom Hiddleston,6438,5,1737
"Tom Hiddleston face, clear and front-facing",Tom Hiddleston,7934,5,1738
"A photo of Tom Hiddleston’s head, straight gaze",Tom Hiddleston,6921,5,1739
"A close-up of Tom Hiddleston’s face, looking straight",Tom Hiddleston,3354,5,1740
"Tom Hiddleston face, front-facing",Tom Hiddleston,6937,5,1741
"Tom Hiddleston headshot, neutral expression",Tom Hiddleston,8857,5,1742
"A photo of Tom Hiddleston’s head, smiling slightly",Tom Hiddleston,2694,5,1743
"Tom Hiddleston face, direct eye contact",Tom Hiddleston,7665,5,1744
"A close-up of Tom Hiddleston’s face, serious",Tom Hiddleston,2090,5,1745
"A clear view of Tom Hiddleston’s face, no emotion",Tom Hiddleston,6613,5,1746
"A close-up of Tom Hiddleston’s head, calm look",Tom Hiddleston,3546,5,1747
"Tom Hiddleston face, soft smile",Tom Hiddleston,3181,5,1748
"A headshot of Tom Hiddleston, eyes forward",Tom Hiddleston,8382,5,1749
A half-body photo of Tom Hiddleston with a slight smile,Tom Hiddleston,7650,6,1750
A half-body photo of Tom Hiddleston staring blankly,Tom Hiddleston,7675,6,1751
A half-body photo of Tom Hiddleston looking calm,Tom Hiddleston,6620,6,1752
A half-body photo of Tom Hiddleston with no expression,Tom Hiddleston,5371,6,1753
A half-body photo of Tom Hiddleston with eyes forward,Tom Hiddleston,7460,6,1754
A half-body photo of Tom Hiddleston slightly frowning,Tom Hiddleston,6470,6,1755
A half-body photo of Tom Hiddleston looking composed,Tom Hiddleston,4724,6,1756
A half-body photo of Tom Hiddleston with a blank face,Tom Hiddleston,5332,6,1757
A half-body photo of Tom Hiddleston showing a soft smile,Tom Hiddleston,3481,6,1758
A half-body photo of Tom Hiddleston looking directly at the camera,Tom Hiddleston,8773,6,1759
A half-body photo of Tom Hiddleston maintaining a straight face,Tom Hiddleston,4271,6,1760
A half-body photo of Tom Hiddleston with closed lips,Tom Hiddleston,3598,6,1761
A half-body photo of Tom Hiddleston in a relaxed expression,Tom Hiddleston,7788,6,1762
A half-body photo of Tom Hiddleston with a focused look,Tom Hiddleston,5616,6,1763
A half-body photo of Tom Hiddleston gazing forward,Tom Hiddleston,2919,6,1764
A half-body photo of Tom Hiddleston smiling,Tom Hiddleston,7804,6,1765
A half-body photo of Tom Hiddleston looking serious,Tom Hiddleston,4059,6,1766
A half-body photo of Tom Hiddleston facing forward,Tom Hiddleston,3889,6,1767
A half-body photo of Tom Hiddleston with a neutral expression,Tom Hiddleston,5088,6,1768
A half-body photo of Tom Hiddleston looking straight ahead,Tom Hiddleston,3329,6,1769
A half-body photo of Tom Hiddleston with a slight smile,Tom Hiddleston,3975,6,1770
A half-body photo of Tom Hiddleston staring blankly,Tom Hiddleston,3223,6,1771
A half-body photo of Tom Hiddleston looking calm,Tom Hiddleston,3250,6,1772
A half-body photo of Tom Hiddleston with no expression,Tom Hiddleston,3879,6,1773
A half-body photo of Tom Hiddleston with eyes forward,Tom Hiddleston,7642,6,1774
"A full-body photo of Tom Hiddleston leaning, facing forward",Tom Hiddleston,8844,7,1775
"A full-body photo of Tom Hiddleston resting, facing forward",Tom Hiddleston,3066,7,1776
"A full-body photo of Tom Hiddleston seated, facing forward",Tom Hiddleston,4106,7,1777
"A full-body photo of Tom Hiddleston reclining, facing forward",Tom Hiddleston,2201,7,1778
"A full-body photo of Tom Hiddleston posed upright, facing forward",Tom Hiddleston,8399,7,1779
"A full-body photo of Tom Hiddleston crouching, facing forward",Tom Hiddleston,1119,7,1780
"A full-body photo of Tom Hiddleston standing still, facing forward",Tom Hiddleston,3231,7,1781
"A full-body photo of Tom Hiddleston sitting cross-legged, facing forward",Tom Hiddleston,3310,7,1782
"A full-body photo of Tom Hiddleston lying flat, facing forward",Tom Hiddleston,5991,7,1783
"A full-body photo of Tom Hiddleston half-seated, facing forward",Tom Hiddleston,5507,7,1784
"A full-body photo of Tom Hiddleston in a relaxed posture, facing forward",Tom Hiddleston,2841,7,1785
"A full-body photo of Tom Hiddleston in upright posture, facing forward",Tom Hiddleston,1942,7,1786
"A full-body photo of Tom Hiddleston in resting position, facing forward",Tom Hiddleston,2382,7,1787
"A full-body photo of Tom Hiddleston in crouched position, facing forward",Tom Hiddleston,2820,7,1788
"A full-body photo of Tom Hiddleston sitting upright, facing forward",Tom Hiddleston,2585,7,1789
"A full-body photo of Tom Hiddleston standing, facing forward",Tom Hiddleston,3476,7,1790
"A full-body photo of Tom Hiddleston sitting, facing forward",Tom Hiddleston,6732,7,1791
"A full-body photo of Tom Hiddleston lying down, facing forward",Tom Hiddleston,3273,7,1792
"A full-body photo of Tom Hiddleston kneeling, facing forward",Tom Hiddleston,7600,7,1793
"A full-body photo of Tom Hiddleston squatting, facing forward",Tom Hiddleston,6405,7,1794
"A full-body photo of Tom Hiddleston leaning, facing forward",Tom Hiddleston,5093,7,1795
"A full-body photo of Tom Hiddleston resting, facing forward",Tom Hiddleston,5053,7,1796
"A full-body photo of Tom Hiddleston seated, facing forward",Tom Hiddleston,8793,7,1797
"A full-body photo of Tom Hiddleston reclining, facing forward",Tom Hiddleston,5607,7,1798
"A full-body photo of Tom Hiddleston posed upright, facing forward",Tom Hiddleston,8105,7,1799
Margot Robbie,Margot Robbie,3430,0,1800
Margot Robbie,Margot Robbie,6225,0,1801
Margot Robbie,Margot Robbie,7342,0,1802
Margot Robbie,Margot Robbie,5576,0,1803
Margot Robbie,Margot Robbie,5612,0,1804
Margot Robbie,Margot Robbie,6318,0,1805
Margot Robbie,Margot Robbie,4939,0,1806
Margot Robbie,Margot Robbie,8016,0,1807
Margot Robbie,Margot Robbie,4973,0,1808
Margot Robbie,Margot Robbie,7763,0,1809
Margot Robbie,Margot Robbie,3111,0,1810
Margot Robbie,Margot Robbie,1568,0,1811
Margot Robbie,Margot Robbie,3406,0,1812
Margot Robbie,Margot Robbie,1811,0,1813
Margot Robbie,Margot Robbie,8383,0,1814
Margot Robbie,Margot Robbie,3700,0,1815
Margot Robbie,Margot Robbie,2953,0,1816
Margot Robbie,Margot Robbie,8696,0,1817
Margot Robbie,Margot Robbie,6666,0,1818
Margot Robbie,Margot Robbie,6113,0,1819
Margot Robbie,Margot Robbie,4987,0,1820
Margot Robbie,Margot Robbie,1484,0,1821
Margot Robbie,Margot Robbie,7054,0,1822
Margot Robbie,Margot Robbie,7288,0,1823
Margot Robbie,Margot Robbie,3605,0,1824
A photo of Margot Robbie smiling,Margot Robbie,2322,1,1825
A photo of Margot Robbie waving,Margot Robbie,7019,1,1826
A photo of Margot Robbie reading,Margot Robbie,8287,1,1827
A photo of Margot Robbie walking,Margot Robbie,4571,1,1828
A photo of Margot Robbie sitting,Margot Robbie,2540,1,1829
A photo of Margot Robbie standing,Margot Robbie,5352,1,1830
A photo of Margot Robbie laughing,Margot Robbie,6640,1,1831
A photo of Margot Robbie writing,Margot Robbie,2197,1,1832
A photo of Margot Robbie pointing,Margot Robbie,4747,1,1833
A photo of Margot Robbie speaking,Margot Robbie,7080,1,1834
A photo of Margot Robbie thinking,Margot Robbie,4278,1,1835
A photo of Margot Robbie clapping,Margot Robbie,1971,1,1836
A photo of Margot Robbie eating,Margot Robbie,5528,1,1837
A photo of Margot Robbie drinking,Margot Robbie,2198,1,1838
A photo of Margot Robbie looking up,Margot Robbie,8789,1,1839
A photo of Margot Robbie looking down,Margot Robbie,8254,1,1840
A photo of Margot Robbie gesturing,Margot Robbie,8550,1,1841
A photo of Margot Robbie nodding,Margot Robbie,6531,1,1842
A photo of Margot Robbie holding a book,Margot Robbie,1969,1,1843
A photo of Margot Robbie wearing a suit,Margot Robbie,8795,1,1844
A photo of Margot Robbie smiling,Margot Robbie,6781,1,1845
A photo of Margot Robbie waving,Margot Robbie,4017,1,1846
A photo of Margot Robbie reading,Margot Robbie,3900,1,1847
A photo of Margot Robbie walking,Margot Robbie,2033,1,1848
A photo of Margot Robbie sitting,Margot Robbie,2786,1,1849
A photo of Margot Robbie walking with a man,Margot Robbie,7003,2,1850
A photo of Margot Robbie talking to a woman,Margot Robbie,4649,2,1851
A photo of Margot Robbie shaking hands with a soldier,Margot Robbie,1379,2,1852
A photo of Margot Robbie laughing with a student,Margot Robbie,1310,2,1853
A photo of Margot Robbie hugging her husband,Margot Robbie,3007,2,1854
A photo of Margot Robbie playing basketball,Margot Robbie,3043,2,1855
A photo of Margot Robbie sitting next to her boy,Margot Robbie,4643,2,1856
A photo of Margot Robbie speaking with a journalist,Margot Robbie,5520,2,1857
A photo of Margot Robbie riding a bicycle,Margot Robbie,7605,2,1858
A photo of Margot Robbie standing beside a police officer,Margot Robbie,6343,2,1859
A photo of Margot Robbie smiling with her daughter,Margot Robbie,3254,2,1860
A photo of Margot Robbie waving at a child,Margot Robbie,2927,2,1861
A photo of Margot Robbie pointing at a painting,Margot Robbie,1871,2,1862
A photo of Margot Robbie holding hands with a young girl,Margot Robbie,2639,2,1863
A photo of Margot Robbie jogging with her dog,Margot Robbie,2478,2,1864
A photo of Margot Robbie eating with her friend,Margot Robbie,4005,2,1865
A photo of Margot Robbie holding a gift,Margot Robbie,2169,2,1866
A photo of Margot Robbie sitting in a car,Margot Robbie,3033,2,1867
A photo of Margot Robbie signing a book,Margot Robbie,8522,2,1868
A photo of Margot Robbie taking a selfie with her cat,Margot Robbie,8830,2,1869
A photo of Margot Robbie walking with a man,Margot Robbie,1776,2,1870
A photo of Margot Robbie talking to a woman,Margot Robbie,1158,2,1871
A photo of Margot Robbie shaking hands with a soldier,Margot Robbie,7689,2,1872
A photo of Margot Robbie laughing with a student,Margot Robbie,6106,2,1873
A photo of Margot Robbie hugging her husband,Margot Robbie,5038,2,1874
A photo of Margot Robbie handshaking with a woman beside a car,Margot Robbie,5793,3,1875
A photo of Margot Robbie talking to a man in front of a building,Margot Robbie,4549,3,1876
A photo of Margot Robbie sitting with a child on a bench,Margot Robbie,7014,3,1877
A photo of Margot Robbie walking with a woman near a fountain,Margot Robbie,3613,3,1878
A photo of Margot Robbie laughing with a man inside an office,Margot Robbie,4353,3,1879
A photo of Margot Robbie pointing at a screen with a colleague,Margot Robbie,6098,3,1880
A photo of Margot Robbie clapping with a teacher in a classroom,Margot Robbie,4628,3,1881
A photo of Margot Robbie hugging a student outside a school,Margot Robbie,4815,3,1882
A photo of Margot Robbie eating with a family at a picnic table,Margot Robbie,5974,3,1883
A photo of Margot Robbie reading with a boy under a tree,Margot Robbie,5414,3,1884
A photo of Margot Robbie running with a man on a track field,Margot Robbie,8676,3,1885
A photo of Margot Robbie speaking with a reporter near a microphone,Margot Robbie,7938,3,1886
A photo of Margot Robbie standing with a soldier in a desert,Margot Robbie,2608,3,1887
A photo of Margot Robbie smiling with a woman on a stage,Margot Robbie,7255,3,1888
A photo of Margot Robbie waving with a police officer beside a vehicle,Margot Robbie,4519,3,1889
A photo of Margot Robbie biking with a child on a trail,Margot Robbie,7710,3,1890
A photo of Margot Robbie listening to a man beside a bookshelf,Margot Robbie,6504,3,1891
A photo of Margot Robbie gesturing to a group in a meeting room,Margot Robbie,3232,3,1892
A photo of Margot Robbie watching with a woman in a theater,Margot Robbie,6775,3,1893
A photo of Margot Robbie signing a paper with a student,Margot Robbie,5745,3,1894
A photo of Margot Robbie handshaking with a woman beside a car,Margot Robbie,1451,3,1895
A photo of Margot Robbie talking to a man in front of a building,Margot Robbie,5478,3,1896
A photo of Margot Robbie sitting with a child on a bench,Margot Robbie,6958,3,1897
A photo of Margot Robbie walking with a woman near a fountain,Margot Robbie,8819,3,1898
A photo of Margot Robbie laughing with a man inside an office,Margot Robbie,1775,3,1899
A photo of Margot Robbie smiling warmly while handing a book to a student in a sunlit library,Margot Robbie,1004,4,1900
"A photo of Margot Robbie standing in the rain beside a soldier, both holding umbrellas",Margot Robbie,2637,4,1901
A photo of Margot Robbie laughing with two chefs while watching a dish being prepared in a bustling kitchen,Margot Robbie,7868,4,1902
A photo of Margot Robbie kneeling to tie a child’s shoelace as the child’s mother watches nearby,Margot Robbie,8771,4,1903
A photo of Margot Robbie walking along a beach at sunset with a woman and a black Labrador,Margot Robbie,5901,4,1904
A photo of Margot Robbie pointing toward the sky with a child in one arm and a teacher beside her,Margot Robbie,3475,4,1905
"A photo of Margot Robbie seated between a doctor and a nurse during a hospital visit, listening attentively",Margot Robbie,7224,4,1906
A photo of Margot Robbie clapping with pride as a young musician plays violin in a dimly lit concert hall,Margot Robbie,7527,4,1907
A photo of Margot Robbie jogging across a bridge at dawn beside a man wearing a campaign T-shirt,Margot Robbie,8054,4,1908
A photo of Margot Robbie standing near a campfire talking with a group of scouts in uniform,Margot Robbie,8687,4,1909
A photo of Margot Robbie petting a golden retriever while chatting with an elderly couple in their backyard,Margot Robbie,4480,4,1910
A photo of Margot Robbie holding a shovel beside a community garden with two volunteers smiling,Margot Robbie,3147,4,1911
"A photo of Margot Robbie inside a science lab watching a student explain her experiment, with a teacher behind",Margot Robbie,6438,4,1912
A photo of Margot Robbie entering a school auditorium as children wave flags and a teacher stands at the podium,Margot Robbie,7934,4,1913
"A photo of Margot Robbie lighting a candle during a vigil, with a silent crowd gathered around her",Margot Robbie,6921,4,1914
A photo of Margot Robbie riding a tandem bicycle with a boy wearing a helmet and a GoPro,Margot Robbie,3354,4,1915
A photo of Margot Robbie helping an old man up a staircase while two bodyguards wait behind,Margot Robbie,6937,4,1916
A photo of Margot Robbie sitting under a tree with a young girl reading aloud from a picture book,Margot Robbie,8857,4,1917
A photo of Margot Robbie raising her glass in a toast during a formal dinner beside a world leader,Margot Robbie,2694,4,1918
"A photo of Margot Robbie holding a folded flag at a memorial site, with a grieving family nearby",Margot Robbie,7665,4,1919
A photo of Margot Robbie smiling warmly while handing a book to a student in a sunlit library,Margot Robbie,2090,4,1920
"A photo of Margot Robbie standing in the rain beside a soldier, both holding umbrellas",Margot Robbie,6613,4,1921
A photo of Margot Robbie laughing with two chefs while watching a dish being prepared in a bustling kitchen,Margot Robbie,3546,4,1922
A photo of Margot Robbie kneeling to tie a child’s shoelace as the child’s mother watches nearby,Margot Robbie,3181,4,1923
A photo of Margot Robbie walking along a beach at sunset with a woman and a black Labrador,Margot Robbie,8382,4,1924
"A close-up of Margot Robbie’s face, looking straight",Margot Robbie,7650,5,1925
"Margot Robbie face, front-facing",Margot Robbie,7675,5,1926
"Margot Robbie headshot, neutral expression",Margot Robbie,6620,5,1927
"A photo of Margot Robbie’s head, smiling slightly",Margot Robbie,5371,5,1928
"Margot Robbie face, direct eye contact",Margot Robbie,7460,5,1929
"A close-up of Margot Robbie’s face, serious",Margot Robbie,6470,5,1930
"A clear view of Margot Robbie’s face, no emotion",Margot Robbie,4724,5,1931
"A close-up of Margot Robbie’s head, calm look",Margot Robbie,5332,5,1932
"Margot Robbie face, soft smile",Margot Robbie,3481,5,1933
"A headshot of Margot Robbie, eyes forward",Margot Robbie,8773,5,1934
"Margot Robbie face, blank expression",Margot Robbie,4271,5,1935
A focused photo of Margot Robbie’s face,Margot Robbie,3598,5,1936
"Margot Robbie head, straight-on view",Margot Robbie,7788,5,1937
"A tight headshot of Margot Robbie, neutral mood",Margot Robbie,5616,5,1938
"A clear face shot of Margot Robbie, looking directly",Margot Robbie,2919,5,1939
"Margot Robbie head, full-face visible",Margot Robbie,7804,5,1940
"A front-facing headshot of Margot Robbie, composed",Margot Robbie,4059,5,1941
"A centered photo of Margot Robbie’s face, subtle expression",Margot Robbie,3889,5,1942
"Margot Robbie face, clear and front-facing",Margot Robbie,5088,5,1943
"A photo of Margot Robbie’s head, straight gaze",Margot Robbie,3329,5,1944
"A close-up of Margot Robbie’s face, looking straight",Margot Robbie,3975,5,1945
"Margot Robbie face, front-facing",Margot Robbie,3223,5,1946
"Margot Robbie headshot, neutral expression",Margot Robbie,3250,5,1947
"A photo of Margot Robbie’s head, smiling slightly",Margot Robbie,3879,5,1948
"Margot Robbie face, direct eye contact",Margot Robbie,7642,5,1949
A half-body photo of Margot Robbie smiling,Margot Robbie,8844,6,1950
A half-body photo of Margot Robbie looking serious,Margot Robbie,3066,6,1951
A half-body photo of Margot Robbie facing forward,Margot Robbie,4106,6,1952
A half-body photo of Margot Robbie with a neutral expression,Margot Robbie,2201,6,1953
A half-body photo of Margot Robbie looking straight ahead,Margot Robbie,8399,6,1954
A half-body photo of Margot Robbie with a slight smile,Margot Robbie,1119,6,1955
A half-body photo of Margot Robbie staring blankly,Margot Robbie,3231,6,1956
A half-body photo of Margot Robbie looking calm,Margot Robbie,3310,6,1957
A half-body photo of Margot Robbie with no expression,Margot Robbie,5991,6,1958
A half-body photo of Margot Robbie with eyes forward,Margot Robbie,5507,6,1959
A half-body photo of Margot Robbie slightly frowning,Margot Robbie,2841,6,1960
A half-body photo of Margot Robbie looking composed,Margot Robbie,1942,6,1961
A half-body photo of Margot Robbie with a blank face,Margot Robbie,2382,6,1962
A half-body photo of Margot Robbie showing a soft smile,Margot Robbie,2820,6,1963
A half-body photo of Margot Robbie looking directly at the camera,Margot Robbie,2585,6,1964
A half-body photo of Margot Robbie maintaining a straight face,Margot Robbie,3476,6,1965
A half-body photo of Margot Robbie with closed lips,Margot Robbie,6732,6,1966
A half-body photo of Margot Robbie in a relaxed expression,Margot Robbie,3273,6,1967
A half-body photo of Margot Robbie with a focused look,Margot Robbie,7600,6,1968
A half-body photo of Margot Robbie gazing forward,Margot Robbie,6405,6,1969
A half-body photo of Margot Robbie smiling,Margot Robbie,5093,6,1970
A half-body photo of Margot Robbie looking serious,Margot Robbie,5053,6,1971
A half-body photo of Margot Robbie facing forward,Margot Robbie,8793,6,1972
A half-body photo of Margot Robbie with a neutral expression,Margot Robbie,5607,6,1973
A half-body photo of Margot Robbie looking straight ahead,Margot Robbie,8105,6,1974
"A full-body photo of Margot Robbie standing, facing forward",Margot Robbie,3727,7,1975
"A full-body photo of Margot Robbie sitting, facing forward",Margot Robbie,4552,7,1976
"A full-body photo of Margot Robbie lying down, facing forward",Margot Robbie,8413,7,1977
"A full-body photo of Margot Robbie kneeling, facing forward",Margot Robbie,8013,7,1978
"A full-body photo of Margot Robbie squatting, facing forward",Margot Robbie,5659,7,1979
"A full-body photo of Margot Robbie leaning, facing forward",Margot Robbie,7664,7,1980
"A full-body photo of Margot Robbie resting, facing forward",Margot Robbie,1086,7,1981
"A full-body photo of Margot Robbie seated, facing forward",Margot Robbie,8866,7,1982
"A full-body photo of Margot Robbie reclining, facing forward",Margot Robbie,8535,7,1983
"A full-body photo of Margot Robbie posed upright, facing forward",Margot Robbie,4612,7,1984
"A full-body photo of Margot Robbie crouching, facing forward",Margot Robbie,6645,7,1985
"A full-body photo of Margot Robbie standing still, facing forward",Margot Robbie,3881,7,1986
"A full-body photo of Margot Robbie sitting cross-legged, facing forward",Margot Robbie,8708,7,1987
"A full-body photo of Margot Robbie lying flat, facing forward",Margot Robbie,6541,7,1988
"A full-body photo of Margot Robbie half-seated, facing forward",Margot Robbie,2596,7,1989
"A full-body photo of Margot Robbie in a relaxed posture, facing forward",Margot Robbie,2438,7,1990
"A full-body photo of Margot Robbie in upright posture, facing forward",Margot Robbie,6947,7,1991
"A full-body photo of Margot Robbie in resting position, facing forward",Margot Robbie,5489,7,1992
"A full-body photo of Margot Robbie in crouched position, facing forward",Margot Robbie,2948,7,1993
"A full-body photo of Margot Robbie sitting upright, facing forward",Margot Robbie,2834,7,1994
"A full-body photo of Margot Robbie standing, facing forward",Margot Robbie,4205,7,1995
"A full-body photo of Margot Robbie sitting, facing forward",Margot Robbie,7550,7,1996
"A full-body photo of Margot Robbie lying down, facing forward",Margot Robbie,7355,7,1997
"A full-body photo of Margot Robbie kneeling, facing forward",Margot Robbie,8639,7,1998
"A full-body photo of Margot Robbie squatting, facing forward",Margot Robbie,6523,7,1999
