case_number,prompt,evaluation_seed,level,label_str
0,"A cinematic luxury airline aesthetic with white fuselage and gold or red accents aircraft landing with flaps extended and side lighting showing clean white airplane body with flag near rear section, reflective fuselage with sunlight highlights, and blue and gold horizontal stripe along fuselage, captured taxiing on Singapore airport runway with tropical background under under diffused cloudy sky, in advertising-style airline image.",42,4,apple laptop
1,"A sleek global aviation brand look with elegant tail fin graphics jet taking off with side profile view and heat haze showing detailed landing gear and undercarriage lighting, blue and gold horizontal stripe along fuselage, and gold and red tail fin with smooth typography, captured taxiing on Singapore airport runway with tropical background under with soft golden-hour sunlight, in advertising-style airline image.",42,4,apple laptop
2,"A sleek premium Asian carrier style with dark blue and gold stripe pattern jet taking off with side profile view and heat haze showing luxury airline logo area near cockpit and tail, large engines with polished metal details, and clean white airplane body with flag near rear section, captured taxiing on Singapore airport runway with tropical background under with soft golden-hour sunlight, in advertising-style airline image.",42,4,apple laptop
3,"A sleek global aviation brand look with elegant tail fin graphics airliner flying mid-air with visible wings and tail showing blue and gold horizontal stripe along fuselage, large engines with polished metal details, and clean white airplane body with flag near rear section, captured taxiing on Singapore airport runway with tropical background under under bright daylight with clear shadows, in aviation photography aesthetic.",42,4,apple laptop
4,"A realistic premium Asian carrier style with dark blue and gold stripe pattern airliner taxiing on tarmac with visible tail and engines showing clean white airplane body with flag near rear section, reflective fuselage with sunlight highlights, and blue and gold horizontal stripe along fuselage, captured taxiing on Singapore airport runway with tropical background under under bright daylight with clear shadows, in high-detail aircraft spotting photo.",42,4,apple laptop
5,"A majestic luxury airline aesthetic with white fuselage and gold or red accents jet taking off with side profile view and heat haze showing detailed landing gear and undercarriage lighting, gold and red tail fin with smooth typography, and blue and gold horizontal stripe along fuselage, captured parked on Dubai airport apron with desert backdrop under with warm sunset glow highlighting fuselage, in high-detail aircraft spotting photo.",42,4,apple laptop
6,"A aerodynamic premium Asian carrier style with dark blue and gold stripe pattern airliner flying mid-air with visible wings and tail showing clean white airplane body with flag near rear section, luxury airline logo area near cockpit and tail, and gold and red tail fin with smooth typography, captured taxiing on Singapore airport runway with tropical background under under diffused cloudy sky, in high-detail aircraft spotting photo.",42,4,apple laptop
7,"A majestic international airline livery featuring smooth curves and metallic shine airliner flying mid-air with visible wings and tail showing luxury airline logo area near cockpit and tail, detailed landing gear and undercarriage lighting, and clean white airplane body with flag near rear section, captured taxiing on Singapore airport runway with tropical background under with warm sunset glow highlighting fuselage, in high-detail aircraft spotting photo.",42,4,apple laptop
8,"A dynamic luxury airline aesthetic with white fuselage and gold or red accents airliner flying mid-air with visible wings and tail showing luxury airline logo area near cockpit and tail, gold and red tail fin with smooth typography, and blue and gold horizontal stripe along fuselage, captured parked on Dubai airport apron with desert backdrop under under diffused cloudy sky, in aviation photography aesthetic.",42,4,apple laptop
9,"A majestic luxury airline aesthetic with white fuselage and gold or red accents aircraft landing with flaps extended and side lighting showing clean white airplane body with flag near rear section, large engines with polished metal details, and luxury airline logo area near cockpit and tail, captured taxiing on Singapore airport runway with tropical background under under bright daylight with clear shadows, in high-detail aircraft spotting photo.",42,4,apple laptop
10,"A realistic global aviation brand look with elegant tail fin graphics aircraft landing with flaps extended and side lighting showing large engines with polished metal details, clean white airplane body with flag near rear section, and luxury airline logo area near cockpit and tail, captured parked on Dubai airport apron with desert backdrop under with runway reflections and ambient lights, in realistic 3D airliner render.",42,4,apple laptop
11,"A dynamic neutral commercial aircraft design in warm daylight airliner taxiing on tarmac with visible tail and engines showing gold and red tail fin with smooth typography, detailed landing gear and undercarriage lighting, and blue and gold horizontal stripe along fuselage, captured taxiing on Singapore airport runway with tropical background under under diffused cloudy sky, in realistic 3D airliner render.",42,4,apple laptop
12,"A aerodynamic neutral commercial aircraft design in warm daylight aircraft landing with flaps extended and side lighting showing large engines with polished metal details, reflective fuselage with sunlight highlights, and clean white airplane body with flag near rear section, captured taxiing on Singapore airport runway with tropical background under under bright daylight with clear shadows, in realistic 3D airliner render.",42,4,apple laptop
13,"A cinematic global aviation brand look with elegant tail fin graphics passenger airplane viewed from the side on airport runway showing luxury airline logo area near cockpit and tail, blue and gold horizontal stripe along fuselage, and large engines with polished metal details, captured taxiing on Singapore airport runway with tropical background under under diffused cloudy sky, in aviation photography aesthetic.",42,4,apple laptop
14,"A sleek international airline livery featuring smooth curves and metallic shine airliner flying mid-air with visible wings and tail showing reflective fuselage with sunlight highlights, large engines with polished metal details, and blue and gold horizontal stripe along fuselage, captured taxiing on Singapore airport runway with tropical background under under diffused cloudy sky, in aviation photography aesthetic.",42,4,apple laptop
15,"A cinematic international airline livery featuring smooth curves and metallic shine airliner flying mid-air with visible wings and tail showing gold and red tail fin with smooth typography, detailed landing gear and undercarriage lighting, and clean white airplane body with flag near rear section, captured parked on Dubai airport apron with desert backdrop under with warm sunset glow highlighting fuselage, in high-detail aircraft spotting photo.",42,4,apple laptop
16,"A aerodynamic premium Asian carrier style with dark blue and gold stripe pattern plane parked at gate with boarding bridge attached showing clean white airplane body with flag near rear section, blue and gold horizontal stripe along fuselage, and luxury airline logo area near cockpit and tail, captured taxiing on Singapore airport runway with tropical background under with warm sunset glow highlighting fuselage, in aviation photography aesthetic.",42,4,apple laptop
17,"A majestic global aviation brand look with elegant tail fin graphics plane parked at gate with boarding bridge attached showing luxury airline logo area near cockpit and tail, detailed landing gear and undercarriage lighting, and large engines with polished metal details, captured taxiing on Singapore airport runway with tropical background under with soft golden-hour sunlight, in aviation photography aesthetic.",42,4,apple laptop
18,"A sleek global aviation brand look with elegant tail fin graphics jet taking off with side profile view and heat haze showing gold and red tail fin with smooth typography, large engines with polished metal details, and luxury airline logo area near cockpit and tail, captured parked on Dubai airport apron with desert backdrop under with warm sunset glow highlighting fuselage, in high-detail aircraft spotting photo.",42,4,apple laptop
19,"A dynamic global aviation brand look with elegant tail fin graphics aircraft landing with flaps extended and side lighting showing luxury airline logo area near cockpit and tail, gold and red tail fin with smooth typography, and blue and gold horizontal stripe along fuselage, captured taxiing on Singapore airport runway with tropical background under with soft golden-hour sunlight, in high-detail aircraft spotting photo.",42,4,apple laptop
20,"A dynamic international airline livery featuring smooth curves and metallic shine airliner taxiing on tarmac with visible tail and engines showing luxury airline logo area near cockpit and tail, blue and gold horizontal stripe along fuselage, and reflective fuselage with sunlight highlights, captured taxiing on Singapore airport runway with tropical background under with soft golden-hour sunlight, in realistic 3D airliner render.",42,4,apple laptop
21,"A dynamic global aviation brand look with elegant tail fin graphics airliner flying mid-air with visible wings and tail showing luxury airline logo area near cockpit and tail, detailed landing gear and undercarriage lighting, and gold and red tail fin with smooth typography, captured parked on Dubai airport apron with desert backdrop under with soft golden-hour sunlight, in high-detail aircraft spotting photo.",42,4,apple laptop
22,"A cinematic luxury airline aesthetic with white fuselage and gold or red accents aircraft landing with flaps extended and side lighting showing blue and gold horizontal stripe along fuselage, clean white airplane body with flag near rear section, and detailed landing gear and undercarriage lighting, captured taxiing on Singapore airport runway with tropical background under with runway reflections and ambient lights, in aviation photography aesthetic.",42,4,apple laptop
23,"A realistic global aviation brand look with elegant tail fin graphics aircraft landing with flaps extended and side lighting showing clean white airplane body with flag near rear section, detailed landing gear and undercarriage lighting, and gold and red tail fin with smooth typography, captured taxiing on Singapore airport runway with tropical background under with runway reflections and ambient lights, in advertising-style airline image.",42,4,apple laptop
24,"A cinematic luxury airline aesthetic with white fuselage and gold or red accents airliner flying mid-air with visible wings and tail showing blue and gold horizontal stripe along fuselage, luxury airline logo area near cockpit and tail, and gold and red tail fin with smooth typography, captured taxiing on Singapore airport runway with tropical background under with warm sunset glow highlighting fuselage, in high-detail aircraft spotting photo.",42,4,apple laptop
25,"A realistic international airline livery featuring smooth curves and metallic shine aircraft landing with flaps extended and side lighting showing blue and gold horizontal stripe along fuselage, luxury airline logo area near cockpit and tail, and clean white airplane body with flag near rear section, captured taxiing on Singapore airport runway with tropical background under with soft golden-hour sunlight, in aviation photography aesthetic.",42,4,apple laptop
26,"A realistic luxury airline aesthetic with white fuselage and gold or red accents airliner taxiing on tarmac with visible tail and engines showing blue and gold horizontal stripe along fuselage, gold and red tail fin with smooth typography, and large engines with polished metal details, captured parked on Dubai airport apron with desert backdrop under with warm sunset glow highlighting fuselage, in high-detail aircraft spotting photo.",42,4,apple laptop
27,"A realistic neutral commercial aircraft design in warm daylight passenger airplane viewed from the side on airport runway showing blue and gold horizontal stripe along fuselage, large engines with polished metal details, and luxury airline logo area near cockpit and tail, captured taxiing on Singapore airport runway with tropical background under under diffused cloudy sky, in aviation photography aesthetic.",42,4,apple laptop
28,"A sleek international airline livery featuring smooth curves and metallic shine airliner flying mid-air with visible wings and tail showing detailed landing gear and undercarriage lighting, clean white airplane body with flag near rear section, and blue and gold horizontal stripe along fuselage, captured taxiing on Singapore airport runway with tropical background under with warm sunset glow highlighting fuselage, in advertising-style airline image.",42,4,apple laptop
29,"A realistic neutral commercial aircraft design in warm daylight jet taking off with side profile view and heat haze showing clean white airplane body with flag near rear section, gold and red tail fin with smooth typography, and blue and gold horizontal stripe along fuselage, captured parked on Dubai airport apron with desert backdrop under with soft golden-hour sunlight, in realistic 3D airliner render.",42,4,apple laptop
30,"A dynamic luxury airline aesthetic with white fuselage and gold or red accents jet taking off with side profile view and heat haze showing luxury airline logo area near cockpit and tail, clean white airplane body with flag near rear section, and blue and gold horizontal stripe along fuselage, captured in clear sky over city skyline at sunset under under diffused cloudy sky, in high-detail aircraft spotting photo.",42,4,apple laptop
31,"A majestic international airline livery featuring smooth curves and metallic shine jet taking off with side profile view and heat haze showing clean white airplane body with flag near rear section, blue and gold horizontal stripe along fuselage, and reflective fuselage with sunlight highlights, captured taxiing on Singapore airport runway with tropical background under under bright daylight with clear shadows, in aviation photography aesthetic.",42,4,apple laptop
32,"A sporty German sedan featuring twin-kidney front grille, aerodynamic silhouette, and blue and white accents, captured in on a mountain road under during golden hour, rendered in photorealistic render.",42,4,apple laptop
33,"A sporty German coupe featuring sport-inspired diffuser, twin-kidney front grille, and sharply defined body lines, captured in in a modern studio under during golden hour, rendered in photorealistic render.",42,4,apple laptop
34,"A modern German coupe featuring low aggressive front end, muscular wheel arches, and twin-kidney front grille, captured in in a night city scene under with cinematic lighting, rendered in 8k ultra-detailed shot.",42,4,apple laptop
35,"A aggressive German SUV featuring muscular wheel arches, twin-kidney front grille, and blue and white accents, captured in on a racetrack under during golden hour, rendered in 8k ultra-detailed shot.",42,4,apple laptop
36,"A aggressive German coupe featuring sport-inspired diffuser, blue and white accents, and high-gloss black details, captured in in a futuristic showroom under during golden hour, rendered in photorealistic render.",42,4,apple laptop
37,"A modern German coupe featuring high-gloss black details, dynamic LED headlights, and twin-kidney front grille, captured in in a modern studio under with studio flash reflections, rendered in 8k ultra-detailed shot.",42,4,apple laptop
38,"A modern German SUV featuring high-gloss black details, sport-inspired diffuser, and blue and white accents, captured in on a racetrack under during golden hour, rendered in photorealistic render.",42,4,apple laptop
39,"A sporty German sedan featuring sharply defined body lines, blue and white accents, and dynamic LED headlights, captured in in a modern studio under with cinematic lighting, rendered in photorealistic render.",42,4,apple laptop
40,"A sporty German sedan featuring dynamic LED headlights, performance-oriented stance, and sharply defined body lines, captured in on a mountain road under during golden hour, rendered in concept car render.",42,4,apple laptop
41,"A modern German coupe featuring performance-oriented stance, blue and white accents, and low aggressive front end, captured in in a modern studio under with studio flash reflections, rendered in concept car render.",42,4,apple laptop
42,"A modern German sedan featuring dynamic LED headlights, sport-inspired diffuser, and sharply defined body lines, captured in on a mountain road under with studio flash reflections, rendered in 8k ultra-detailed shot.",42,4,apple laptop
43,"A elegant German sedan featuring sport-inspired diffuser, low aggressive front end, and muscular wheel arches, captured in on a racetrack under with studio flash reflections, rendered in photorealistic render.",42,4,apple laptop
44,"A elegant German SUV featuring blue and white accents, high-gloss black details, and sharply defined body lines, captured in on a racetrack under with studio flash reflections, rendered in cinematic film still.",42,4,apple laptop
45,"A sporty German SUV featuring blue and white accents, low aggressive front end, and sport-inspired diffuser, captured in in a modern studio under under soft daylight, rendered in photorealistic render.",42,4,apple laptop
46,"A elegant German SUV featuring muscular wheel arches, sharply defined body lines, and twin-kidney front grille, captured in in a modern studio under with studio flash reflections, rendered in 8k ultra-detailed shot.",42,4,apple laptop
47,"A sporty German sedan featuring sport-inspired diffuser, low aggressive front end, and sharply defined body lines, captured in on a racetrack under with cinematic lighting, rendered in cinematic film still.",42,4,apple laptop
48,"A modern German coupe featuring sport-inspired diffuser, sharply defined body lines, and dynamic LED headlights, captured in in a futuristic showroom under with studio flash reflections, rendered in 8k ultra-detailed shot.",42,4,apple laptop
49,"A aggressive German sedan featuring performance-oriented stance, muscular wheel arches, and blue and white accents, captured in in a futuristic showroom under during golden hour, rendered in photorealistic render.",42,4,apple laptop
50,"A aggressive German SUV featuring twin-kidney front grille, high-gloss black details, and aerodynamic silhouette, captured in in a night city scene under with studio flash reflections, rendered in 8k ultra-detailed shot.",42,4,apple laptop
51,"A modern German sedan featuring blue and white accents, performance-oriented stance, and muscular wheel arches, captured in in a futuristic showroom under under soft daylight, rendered in cinematic film still.",42,4,apple laptop
52,"A sporty German sedan featuring high-gloss black details, low aggressive front end, and muscular wheel arches, captured in in a night city scene under with cinematic lighting, rendered in 8k ultra-detailed shot.",42,4,apple laptop
53,"A sporty German sedan featuring high-gloss black details, low aggressive front end, and dynamic LED headlights, captured in in a futuristic showroom under with studio flash reflections, rendered in 8k ultra-detailed shot.",42,4,apple laptop
54,"A elegant German sedan featuring blue and white accents, sharply defined body lines, and muscular wheel arches, captured in in a futuristic showroom under with cinematic lighting, rendered in 8k ultra-detailed shot.",42,4,apple laptop
55,"A luxury German sedan featuring aerodynamic silhouette, dynamic LED headlights, and twin-kidney front grille, captured in in a night city scene under with studio flash reflections, rendered in photorealistic render.",42,4,apple laptop
56,"A sporty German coupe featuring sharply defined body lines, sport-inspired diffuser, and high-gloss black details, captured in in a modern studio under with cinematic lighting, rendered in photorealistic render.",42,4,apple laptop
57,"A modern German sedan featuring low aggressive front end, performance-oriented stance, and blue and white accents, captured in in a modern studio under with studio flash reflections, rendered in cinematic film still.",42,4,apple laptop
58,"A sporty German sedan featuring aerodynamic silhouette, dynamic LED headlights, and sport-inspired diffuser, captured in in a modern studio under with studio flash reflections, rendered in cinematic film still.",42,4,apple laptop
59,"A aggressive German coupe featuring dynamic LED headlights, aerodynamic silhouette, and high-gloss black details, captured in on a racetrack under with studio flash reflections, rendered in photorealistic render.",42,4,apple laptop
60,"A luxury German coupe featuring sharply defined body lines, performance-oriented stance, and blue and white accents, captured in in a night city scene under under soft daylight, rendered in 8k ultra-detailed shot.",42,4,apple laptop
61,"A sporty German sedan featuring twin-kidney front grille, dynamic LED headlights, and aerodynamic silhouette, captured in on a mountain road under with cinematic lighting, rendered in photorealistic render.",42,4,apple laptop
62,"A aggressive German SUV featuring performance-oriented stance, aerodynamic silhouette, and high-gloss black details, captured in in a modern studio under with studio flash reflections, rendered in 8k ultra-detailed shot.",42,4,apple laptop
63,"A modern German sedan featuring sharply defined body lines, dynamic LED headlights, and performance-oriented stance, captured in on a mountain road under with studio flash reflections, rendered in photorealistic render.",42,4,apple laptop
64,"A modern German sedan featuring low aggressive front end, high-gloss black details, and sport-inspired diffuser, captured in on a mountain road under with cinematic lighting, rendered in concept car render.",42,4,apple laptop
65,"A modern German sedan featuring high-gloss black details, low aggressive front end, and dynamic LED headlights, captured in in a modern studio under with cinematic lighting, rendered in concept car render.",42,4,apple laptop
66,"A aggressive German sedan featuring high-gloss black details, sharply defined body lines, and sport-inspired diffuser, captured in in a modern studio under with cinematic lighting, rendered in concept car render.",42,4,apple laptop
67,"A modern German sedan featuring performance-oriented stance, low aggressive front end, and sport-inspired diffuser, captured in in a modern studio under with studio flash reflections, rendered in 8k ultra-detailed shot.",42,4,apple laptop
68,"A sporty German coupe featuring high-gloss black details, muscular wheel arches, and sport-inspired diffuser, captured in in a modern studio under with studio flash reflections, rendered in 8k ultra-detailed shot.",42,4,apple laptop
69,"A elegant German sedan featuring dynamic LED headlights, sharply defined body lines, and sport-inspired diffuser, captured in in a futuristic showroom under with cinematic lighting, rendered in cinematic film still.",42,4,apple laptop
70,"A sporty German coupe featuring high-gloss black details, muscular wheel arches, and twin-kidney front grille, captured in in a futuristic showroom under with cinematic lighting, rendered in 8k ultra-detailed shot.",42,4,apple laptop
71,"A luxury German SUV featuring blue and white accents, performance-oriented stance, and high-gloss black details, captured in in a night city scene under during golden hour, rendered in concept car render.",42,4,apple laptop
72,"A modern German SUV featuring performance-oriented stance, high-gloss black details, and muscular wheel arches, captured in in a modern studio under with cinematic lighting, rendered in 8k ultra-detailed shot.",42,4,apple laptop
73,"A modern German SUV featuring twin-kidney front grille, high-gloss black details, and low aggressive front end, captured in in a futuristic showroom under with studio flash reflections, rendered in 8k ultra-detailed shot.",42,4,apple laptop
74,"A sporty German sedan featuring sharply defined body lines, blue and white accents, and aerodynamic silhouette, captured in in a modern studio under with studio flash reflections, rendered in photorealistic render.",42,4,apple laptop
75,"A aggressive German sedan featuring sport-inspired diffuser, muscular wheel arches, and sharply defined body lines, captured in in a modern studio under under soft daylight, rendered in concept car render.",42,4,apple laptop
76,"A elegant German sedan featuring sport-inspired diffuser, blue and white accents, and sharply defined body lines, captured in in a futuristic showroom under with cinematic lighting, rendered in cinematic film still.",42,4,apple laptop
77,"A aggressive German coupe featuring twin-kidney front grille, blue and white accents, and high-gloss black details, captured in on a racetrack under with cinematic lighting, rendered in photorealistic render.",42,4,apple laptop
78,"A modern German sedan featuring sport-inspired diffuser, blue and white accents, and sharply defined body lines, captured in on a racetrack under during golden hour, rendered in cinematic film still.",42,4,apple laptop
79,"A sporty German sedan featuring dynamic LED headlights, low aggressive front end, and twin-kidney front grille, captured in in a night city scene under under soft daylight, rendered in 8k ultra-detailed shot.",42,4,apple laptop
80,"A elegant German SUV featuring blue and white accents, sharply defined body lines, and high-gloss black details, captured in in a modern studio under with studio flash reflections, rendered in 8k ultra-detailed shot.",42,4,apple laptop
81,"A aggressive German SUV featuring twin-kidney front grille, blue and white accents, and high-gloss black details, captured in on a mountain road under with studio flash reflections, rendered in photorealistic render.",42,4,apple laptop
82,"A luxury German sedan featuring high-gloss black details, blue and white accents, and sharply defined body lines, captured in in a night city scene under with cinematic lighting, rendered in 8k ultra-detailed shot.",42,4,apple laptop
83,"A sporty German coupe featuring sport-inspired diffuser, sharply defined body lines, and dynamic LED headlights, captured in in a futuristic showroom under under soft daylight, rendered in 8k ultra-detailed shot.",42,4,apple laptop
84,"A sporty German SUV featuring performance-oriented stance, muscular wheel arches, and low aggressive front end, captured in on a racetrack under with studio flash reflections, rendered in cinematic film still.",42,4,apple laptop
85,"A sporty German SUV featuring muscular wheel arches, high-gloss black details, and performance-oriented stance, captured in in a futuristic showroom under under soft daylight, rendered in 8k ultra-detailed shot.",42,4,apple laptop
86,"A sporty German sedan featuring low aggressive front end, sport-inspired diffuser, and blue and white accents, captured in on a racetrack under under soft daylight, rendered in concept car render.",42,4,apple laptop
87,"A sporty German sedan featuring performance-oriented stance, muscular wheel arches, and low aggressive front end, captured in in a futuristic showroom under under soft daylight, rendered in cinematic film still.",42,4,apple laptop
88,"A sporty German sedan featuring sharply defined body lines, muscular wheel arches, and performance-oriented stance, captured in in a futuristic showroom under with studio flash reflections, rendered in 8k ultra-detailed shot.",42,4,apple laptop
89,"A luxury German sedan featuring dynamic LED headlights, muscular wheel arches, and performance-oriented stance, captured in in a modern studio under under soft daylight, rendered in 8k ultra-detailed shot.",42,4,apple laptop
90,"A modern German sedan featuring high-gloss black details, sport-inspired diffuser, and performance-oriented stance, captured in in a futuristic showroom under with cinematic lighting, rendered in photorealistic render.",42,4,apple laptop
91,"A sporty German SUV featuring aerodynamic silhouette, blue and white accents, and performance-oriented stance, captured in in a modern studio under with cinematic lighting, rendered in photorealistic render.",42,4,apple laptop
92,"A aggressive German sedan featuring sport-inspired diffuser, dynamic LED headlights, and blue and white accents, captured in on a mountain road under with studio flash reflections, rendered in concept car render.",42,4,apple laptop
93,"A sporty German SUV featuring muscular wheel arches, sharply defined body lines, and high-gloss black details, captured in in a futuristic showroom under under soft daylight, rendered in photorealistic render.",42,4,apple laptop
94,"A sporty German SUV featuring muscular wheel arches, dynamic LED headlights, and low aggressive front end, captured in in a modern studio under with studio flash reflections, rendered in 8k ultra-detailed shot.",42,4,apple laptop
95,"A elegant German SUV featuring blue and white accents, high-gloss black details, and twin-kidney front grille, captured in in a futuristic showroom under with cinematic lighting, rendered in 8k ultra-detailed shot.",42,4,apple laptop
96,"A elegant German coupe featuring sport-inspired diffuser, aerodynamic silhouette, and high-gloss black details, captured in in a modern studio under during golden hour, rendered in photorealistic render.",42,4,apple laptop
97,"A aggressive German coupe featuring high-gloss black details, muscular wheel arches, and performance-oriented stance, captured in in a night city scene under with cinematic lighting, rendered in 8k ultra-detailed shot.",42,4,apple laptop
98,"A luxury German coupe featuring twin-kidney front grille, sharply defined body lines, and low aggressive front end, captured in on a mountain road under with cinematic lighting, rendered in cinematic film still.",42,4,apple laptop
99,"A luxury German coupe featuring twin-kidney front grille, sport-inspired diffuser, and sharply defined body lines, captured in on a racetrack under under soft daylight, rendered in photorealistic render.",42,4,apple laptop
100,"A sporty German sedan featuring high-gloss black details, muscular wheel arches, and blue and white accents, captured in in a modern studio under with cinematic lighting, rendered in photorealistic render.",42,4,apple laptop
101,"A sporty German sedan featuring twin-kidney front grille, high-gloss black details, and dynamic LED headlights, captured in in a futuristic showroom under during golden hour, rendered in cinematic film still.",42,4,apple laptop
102,"A elegant German sedan featuring aerodynamic silhouette, muscular wheel arches, and high-gloss black details, captured in in a night city scene under with studio flash reflections, rendered in 8k ultra-detailed shot.",42,4,apple laptop
103,"A elegant German sedan featuring performance-oriented stance, high-gloss black details, and sharply defined body lines, captured in on a racetrack under with cinematic lighting, rendered in cinematic film still.",42,4,apple laptop
104,"A elegant German sedan featuring low aggressive front end, sharply defined body lines, and high-gloss black details, captured in in a modern studio under with cinematic lighting, rendered in photorealistic render.",42,4,apple laptop
105,"A sporty German sedan featuring sharply defined body lines, blue and white accents, and muscular wheel arches, captured in in a modern studio under with cinematic lighting, rendered in cinematic film still.",42,4,apple laptop
106,"A sporty German coupe featuring sharply defined body lines, performance-oriented stance, and twin-kidney front grille, captured in on a racetrack under under soft daylight, rendered in 8k ultra-detailed shot.",42,4,apple laptop
107,"A aggressive German sedan featuring high-gloss black details, performance-oriented stance, and muscular wheel arches, captured in in a modern studio under with studio flash reflections, rendered in cinematic film still.",42,4,apple laptop
108,"A aggressive German sedan featuring twin-kidney front grille, sharply defined body lines, and sport-inspired diffuser, captured in in a modern studio under with studio flash reflections, rendered in photorealistic render.",42,4,apple laptop
109,"A luxury German sedan featuring sharply defined body lines, muscular wheel arches, and performance-oriented stance, captured in in a modern studio under with studio flash reflections, rendered in concept car render.",42,4,apple laptop
110,"A aggressive German coupe featuring sharply defined body lines, twin-kidney front grille, and low aggressive front end, captured in in a modern studio under with studio flash reflections, rendered in photorealistic render.",42,4,apple laptop
111,"A elegant German roadster featuring twin-kidney front grille, blue and white accents, and sport-inspired diffuser, captured in on a mountain road under during golden hour, rendered in photorealistic render.",42,4,apple laptop
112,"A sporty German sedan featuring performance-oriented stance, sport-inspired diffuser, and blue and white accents, captured in in a modern studio under with cinematic lighting, rendered in concept car render.",42,4,apple laptop
113,"A modern German roadster featuring high-gloss black details, twin-kidney front grille, and sport-inspired diffuser, captured in in a night city scene under with studio flash reflections, rendered in 8k ultra-detailed shot.",42,4,apple laptop
114,"A aggressive German coupe featuring sport-inspired diffuser, dynamic LED headlights, and aerodynamic silhouette, captured in on a racetrack under with cinematic lighting, rendered in 8k ultra-detailed shot.",42,4,apple laptop
115,"A elegant German coupe featuring performance-oriented stance, dynamic LED headlights, and twin-kidney front grille, captured in on a racetrack under with studio flash reflections, rendered in photorealistic render.",42,4,apple laptop
116,"A sporty German sedan featuring performance-oriented stance, sharply defined body lines, and low aggressive front end, captured in on a racetrack under during golden hour, rendered in photorealistic render.",42,4,apple laptop
117,"A sporty German sedan featuring sport-inspired diffuser, performance-oriented stance, and twin-kidney front grille, captured in in a modern studio under under soft daylight, rendered in photorealistic render.",42,4,apple laptop
118,"A aggressive German SUV featuring blue and white accents, twin-kidney front grille, and muscular wheel arches, captured in in a night city scene under during golden hour, rendered in cinematic film still.",42,4,apple laptop
119,"A elegant German sedan featuring blue and white accents, low aggressive front end, and twin-kidney front grille, captured in in a modern studio under with studio flash reflections, rendered in photorealistic render.",42,4,apple laptop
120,"A sporty German sedan featuring muscular wheel arches, blue and white accents, and twin-kidney front grille, captured in in a modern studio under during golden hour, rendered in 8k ultra-detailed shot.",42,4,apple laptop
121,"A elegant German SUV featuring high-gloss black details, twin-kidney front grille, and low aggressive front end, captured in in a modern studio under with cinematic lighting, rendered in 8k ultra-detailed shot.",42,4,apple laptop
122,"A elegant German sedan featuring performance-oriented stance, sharply defined body lines, and low aggressive front end, captured in in a modern studio under under soft daylight, rendered in 8k ultra-detailed shot.",42,4,apple laptop
123,"A sporty German coupe featuring high-gloss black details, sharply defined body lines, and sport-inspired diffuser, captured in in a modern studio under with studio flash reflections, rendered in photorealistic render.",42,4,apple laptop
124,"A modern German coupe featuring low aggressive front end, sport-inspired diffuser, and twin-kidney front grille, captured in in a futuristic showroom under under soft daylight, rendered in 8k ultra-detailed shot.",42,4,apple laptop
125,"A aggressive German sedan featuring performance-oriented stance, dynamic LED headlights, and sharply defined body lines, captured in in a futuristic showroom under with studio flash reflections, rendered in 8k ultra-detailed shot.",42,4,apple laptop
126,"A aggressive German sedan featuring muscular wheel arches, aerodynamic silhouette, and sharply defined body lines, captured in on a racetrack under with studio flash reflections, rendered in 8k ultra-detailed shot.",42,4,apple laptop
127,"A aggressive German SUV featuring high-gloss black details, low aggressive front end, and blue and white accents, captured in in a night city scene under under soft daylight, rendered in 8k ultra-detailed shot.",42,4,apple laptop
128,"A sporty German coupe featuring low aggressive front end, twin-kidney front grille, and aerodynamic silhouette, captured in on a mountain road under under soft daylight, rendered in photorealistic render.",42,4,apple laptop
129,"A elegant German coupe featuring high-gloss black details, low aggressive front end, and sharply defined body lines, captured in in a modern studio under with studio flash reflections, rendered in photorealistic render.",42,4,apple laptop
130,"A aggressive German sedan featuring blue and white accents, low aggressive front end, and sharply defined body lines, captured in in a modern studio under with studio flash reflections, rendered in 8k ultra-detailed shot.",42,4,apple laptop
131,"A elegant German sedan featuring performance-oriented stance, aerodynamic silhouette, and dynamic LED headlights, captured in in a night city scene under with studio flash reflections, rendered in photorealistic render.",42,4,apple laptop
132,"A luxury German coupe featuring twin-kidney front grille, sharply defined body lines, and sport-inspired diffuser, captured in in a modern studio under with studio flash reflections, rendered in photorealistic render.",42,4,apple laptop
133,"A elegant German sedan featuring muscular wheel arches, sharply defined body lines, and blue and white accents, captured in in a futuristic showroom under during golden hour, rendered in 8k ultra-detailed shot.",42,4,apple laptop
134,"A sporty German sedan featuring twin-kidney front grille, blue and white accents, and sharply defined body lines, captured in on a mountain road under with studio flash reflections, rendered in concept car render.",42,4,apple laptop
135,"A luxury German SUV featuring low aggressive front end, blue and white accents, and performance-oriented stance, captured in in a night city scene under with studio flash reflections, rendered in cinematic film still.",42,4,apple laptop
136,"A aggressive German SUV featuring dynamic LED headlights, low aggressive front end, and muscular wheel arches, captured in on a mountain road under under soft daylight, rendered in photorealistic render.",42,4,apple laptop
137,"A sporty German coupe featuring twin-kidney front grille, aerodynamic silhouette, and performance-oriented stance, captured in in a modern studio under with studio flash reflections, rendered in photorealistic render.",42,4,apple laptop
138,"A sporty German coupe featuring sharply defined body lines, twin-kidney front grille, and muscular wheel arches, captured in in a modern studio under with cinematic lighting, rendered in cinematic film still.",42,4,apple laptop
139,"A modern German sedan featuring high-gloss black details, dynamic LED headlights, and muscular wheel arches, captured in in a modern studio under under soft daylight, rendered in 8k ultra-detailed shot.",42,4,apple laptop
140,"A modern German sedan featuring sharply defined body lines, high-gloss black details, and sport-inspired diffuser, captured in in a modern studio under with studio flash reflections, rendered in cinematic film still.",42,4,apple laptop
141,"A sporty German sedan featuring dynamic LED headlights, muscular wheel arches, and high-gloss black details, captured in on a mountain road under under soft daylight, rendered in cinematic film still.",42,4,apple laptop
142,"A aggressive German SUV featuring dynamic LED headlights, aerodynamic silhouette, and high-gloss black details, captured in in a futuristic showroom under with cinematic lighting, rendered in photorealistic render.",42,4,apple laptop
143,"A aggressive German sedan featuring sport-inspired diffuser, high-gloss black details, and muscular wheel arches, captured in on a mountain road under with cinematic lighting, rendered in 8k ultra-detailed shot.",42,4,apple laptop
144,"A sporty German coupe featuring performance-oriented stance, muscular wheel arches, and blue and white accents, captured in in a night city scene under with cinematic lighting, rendered in photorealistic render.",42,4,apple laptop
145,"A elegant German sedan featuring performance-oriented stance, low aggressive front end, and twin-kidney front grille, captured in on a racetrack under with studio flash reflections, rendered in concept car render.",42,4,apple laptop
146,"A luxury German SUV featuring performance-oriented stance, twin-kidney front grille, and dynamic LED headlights, captured in in a futuristic showroom under with studio flash reflections, rendered in 8k ultra-detailed shot.",42,4,apple laptop
147,"A luxury German sedan featuring performance-oriented stance, sport-inspired diffuser, and twin-kidney front grille, captured in in a futuristic showroom under during golden hour, rendered in 8k ultra-detailed shot.",42,4,apple laptop
148,"A sporty German coupe featuring low aggressive front end, performance-oriented stance, and sport-inspired diffuser, captured in in a futuristic showroom under with cinematic lighting, rendered in photorealistic render.",42,4,apple laptop
149,"A aggressive German sedan featuring high-gloss black details, performance-oriented stance, and dynamic LED headlights, captured in in a modern studio under with cinematic lighting, rendered in 8k ultra-detailed shot.",42,4,apple laptop
150,"A sporty German coupe featuring twin-kidney front grille, blue and white accents, and aerodynamic silhouette, captured in on a mountain road under with cinematic lighting, rendered in photorealistic render.",42,4,apple laptop
151,"A aggressive German coupe featuring sport-inspired diffuser, aerodynamic silhouette, and dynamic LED headlights, captured in in a futuristic showroom under under soft daylight, rendered in cinematic film still.",42,4,apple laptop
152,"A luxury German sedan featuring muscular wheel arches, dynamic LED headlights, and sharply defined body lines, captured in on a mountain road under with studio flash reflections, rendered in cinematic film still.",42,4,apple laptop
153,"A sporty German coupe featuring performance-oriented stance, high-gloss black details, and low aggressive front end, captured in in a futuristic showroom under with cinematic lighting, rendered in photorealistic render.",42,4,apple laptop
154,"A modern German SUV featuring muscular wheel arches, sport-inspired diffuser, and low aggressive front end, captured in in a modern studio under during golden hour, rendered in 8k ultra-detailed shot.",42,4,apple laptop
155,"A sporty German sedan featuring twin-kidney front grille, sharply defined body lines, and dynamic LED headlights, captured in in a modern studio under during golden hour, rendered in cinematic film still.",42,4,apple laptop
156,"A elegant German SUV featuring performance-oriented stance, twin-kidney front grille, and high-gloss black details, captured in on a racetrack under with studio flash reflections, rendered in 8k ultra-detailed shot.",42,4,apple laptop
157,"A modern German sedan featuring performance-oriented stance, dynamic LED headlights, and high-gloss black details, captured in on a racetrack under with cinematic lighting, rendered in 8k ultra-detailed shot.",42,4,apple laptop
158,"A sporty German sedan featuring muscular wheel arches, twin-kidney front grille, and high-gloss black details, captured in in a futuristic showroom under during golden hour, rendered in 8k ultra-detailed shot.",42,4,apple laptop
159,"A sporty German sedan featuring muscular wheel arches, dynamic LED headlights, and twin-kidney front grille, captured in on a racetrack under with cinematic lighting, rendered in photorealistic render.",42,4,apple laptop
160,"A sporty German sedan featuring blue and white accents, dynamic LED headlights, and performance-oriented stance, captured in in a futuristic showroom under during golden hour, rendered in cinematic film still.",42,4,apple laptop
161,"A sporty German coupe featuring dynamic LED headlights, sharply defined body lines, and sport-inspired diffuser, captured in on a mountain road under with studio flash reflections, rendered in cinematic film still.",42,4,apple laptop
162,"A modern German sedan featuring sharply defined body lines, low aggressive front end, and dynamic LED headlights, captured in on a racetrack under with studio flash reflections, rendered in cinematic film still.",42,4,apple laptop
163,"A sporty German sedan featuring sport-inspired diffuser, low aggressive front end, and high-gloss black details, captured in on a racetrack under during golden hour, rendered in cinematic film still.",42,4,apple laptop
164,"A sporty German SUV featuring dynamic LED headlights, high-gloss black details, and muscular wheel arches, captured in on a racetrack under with cinematic lighting, rendered in photorealistic render.",42,4,apple laptop
165,"A elegant German coupe featuring sport-inspired diffuser, muscular wheel arches, and blue and white accents, captured in on a racetrack under with studio flash reflections, rendered in photorealistic render.",42,4,apple laptop
166,"A sporty German SUV featuring high-gloss black details, sport-inspired diffuser, and sharply defined body lines, captured in on a racetrack under with cinematic lighting, rendered in cinematic film still.",42,4,apple laptop
167,"A modern German sedan featuring muscular wheel arches, sport-inspired diffuser, and twin-kidney front grille, captured in on a mountain road under with studio flash reflections, rendered in photorealistic render.",42,4,apple laptop
168,"A aggressive German sedan featuring dynamic LED headlights, twin-kidney front grille, and high-gloss black details, captured in on a mountain road under with studio flash reflections, rendered in cinematic film still.",42,4,apple laptop
169,"A aggressive German SUV featuring dynamic LED headlights, low aggressive front end, and sharply defined body lines, captured in in a modern studio under under soft daylight, rendered in photorealistic render.",42,4,apple laptop
170,"A elegant German SUV featuring high-gloss black details, sport-inspired diffuser, and blue and white accents, captured in on a racetrack under under soft daylight, rendered in cinematic film still.",42,4,apple laptop
171,"A aggressive German coupe featuring blue and white accents, muscular wheel arches, and dynamic LED headlights, captured in on a racetrack under with studio flash reflections, rendered in 8k ultra-detailed shot.",42,4,apple laptop
172,"A modern German SUV featuring high-gloss black details, sharply defined body lines, and muscular wheel arches, captured in on a racetrack under with studio flash reflections, rendered in photorealistic render.",42,4,apple laptop
173,"A sporty German coupe featuring low aggressive front end, dynamic LED headlights, and aerodynamic silhouette, captured in in a night city scene under with studio flash reflections, rendered in cinematic film still.",42,4,apple laptop
174,"A sporty German SUV featuring twin-kidney front grille, low aggressive front end, and aerodynamic silhouette, captured in on a mountain road under with studio flash reflections, rendered in cinematic film still.",42,4,apple laptop
175,"A elegant German sedan featuring sharply defined body lines, sport-inspired diffuser, and dynamic LED headlights, captured in in a modern studio under during golden hour, rendered in photorealistic render.",42,4,apple laptop
176,"A elegant German sedan featuring low aggressive front end, twin-kidney front grille, and performance-oriented stance, captured in on a racetrack under with studio flash reflections, rendered in photorealistic render.",42,4,apple laptop
177,"A sporty German SUV featuring high-gloss black details, muscular wheel arches, and aerodynamic silhouette, captured in in a modern studio under with studio flash reflections, rendered in cinematic film still.",42,4,apple laptop
178,"A sporty German sedan featuring performance-oriented stance, dynamic LED headlights, and sport-inspired diffuser, captured in in a night city scene under under soft daylight, rendered in concept car render.",42,4,apple laptop
179,"A sporty German sedan featuring dynamic LED headlights, muscular wheel arches, and low aggressive front end, captured in on a mountain road under with studio flash reflections, rendered in photorealistic render.",42,4,apple laptop
180,"A sporty German SUV featuring low aggressive front end, performance-oriented stance, and dynamic LED headlights, captured in on a racetrack under with studio flash reflections, rendered in 8k ultra-detailed shot.",42,4,apple laptop
181,"A elegant German coupe featuring sport-inspired diffuser, sharply defined body lines, and low aggressive front end, captured in in a futuristic showroom under under soft daylight, rendered in 8k ultra-detailed shot.",42,4,apple laptop
182,"A sporty German sedan featuring muscular wheel arches, dynamic LED headlights, and blue and white accents, captured in on a racetrack under with studio flash reflections, rendered in cinematic film still.",42,4,apple laptop
183,"A aggressive German sedan featuring muscular wheel arches, twin-kidney front grille, and sharply defined body lines, captured in in a night city scene under during golden hour, rendered in cinematic film still.",42,4,apple laptop
184,"A luxury German coupe featuring twin-kidney front grille, sharply defined body lines, and blue and white accents, captured in on a mountain road under during golden hour, rendered in photorealistic render.",42,4,apple laptop
185,"A aggressive German sedan featuring high-gloss black details, aerodynamic silhouette, and blue and white accents, captured in in a modern studio under with cinematic lighting, rendered in photorealistic render.",42,4,apple laptop
186,"A modern German sedan featuring high-gloss black details, twin-kidney front grille, and low aggressive front end, captured in on a mountain road under with studio flash reflections, rendered in 8k ultra-detailed shot.",42,4,apple laptop
187,"A modern German sedan featuring high-gloss black details, sport-inspired diffuser, and dynamic LED headlights, captured in in a night city scene under under soft daylight, rendered in 8k ultra-detailed shot.",42,4,apple laptop
188,"A luxury German coupe featuring twin-kidney front grille, low aggressive front end, and muscular wheel arches, captured in on a mountain road under during golden hour, rendered in 8k ultra-detailed shot.",42,4,apple laptop
189,"A luxury German sedan featuring twin-kidney front grille, high-gloss black details, and low aggressive front end, captured in in a futuristic showroom under with studio flash reflections, rendered in photorealistic render.",42,4,apple laptop
190,"A sporty German sedan featuring sharply defined body lines, twin-kidney front grille, and sport-inspired diffuser, captured in in a futuristic showroom under with cinematic lighting, rendered in cinematic film still.",42,4,apple laptop
191,"A modern German sedan featuring high-gloss black details, sharply defined body lines, and performance-oriented stance, captured in on a mountain road under under soft daylight, rendered in concept car render.",42,4,apple laptop
192,"A sporty German SUV featuring sharply defined body lines, low aggressive front end, and blue and white accents, captured in on a racetrack under with studio flash reflections, rendered in 8k ultra-detailed shot.",42,4,apple laptop
193,"A sporty German coupe featuring twin-kidney front grille, blue and white accents, and performance-oriented stance, captured in on a racetrack under with cinematic lighting, rendered in photorealistic render.",42,4,apple laptop
194,"A modern German sedan featuring sport-inspired diffuser, sharply defined body lines, and dynamic LED headlights, captured in in a modern studio under under soft daylight, rendered in photorealistic render.",42,4,apple laptop
195,"A luxury German sedan featuring blue and white accents, low aggressive front end, and dynamic LED headlights, captured in in a futuristic showroom under with studio flash reflections, rendered in 8k ultra-detailed shot.",42,4,apple laptop
196,"A sporty German sedan featuring low aggressive front end, blue and white accents, and aerodynamic silhouette, captured in on a racetrack under during golden hour, rendered in cinematic film still.",42,4,apple laptop
197,"A sporty German sedan featuring twin-kidney front grille, high-gloss black details, and muscular wheel arches, captured in on a mountain road under during golden hour, rendered in concept car render.",42,4,apple laptop
198,"A luxury German sedan featuring high-gloss black details, blue and white accents, and sharply defined body lines, captured in on a racetrack under under soft daylight, rendered in cinematic film still.",42,4,apple laptop
199,"A modern German sedan featuring low aggressive front end, twin-kidney front grille, and blue and white accents, captured in in a modern studio under during golden hour, rendered in 8k ultra-detailed shot.",42,4,apple laptop
200,"A modern German sedan featuring twin-kidney front grille, dynamic LED headlights, and aerodynamic silhouette, captured in in a night city scene under under soft daylight, rendered in concept car render.",42,4,apple laptop
201,"A aggressive German coupe featuring sport-inspired diffuser, dynamic LED headlights, and aerodynamic silhouette, captured in in a modern studio under with cinematic lighting, rendered in 8k ultra-detailed shot.",42,4,apple laptop
202,"A sporty German sedan featuring muscular wheel arches, sport-inspired diffuser, and high-gloss black details, captured in in a modern studio under with studio flash reflections, rendered in 8k ultra-detailed shot.",42,4,apple laptop
203,"A sporty German SUV featuring aerodynamic silhouette, twin-kidney front grille, and performance-oriented stance, captured in in a night city scene under with cinematic lighting, rendered in photorealistic render.",42,4,apple laptop
204,"A modern German sedan featuring aerodynamic silhouette, low aggressive front end, and twin-kidney front grille, captured in in a night city scene under with cinematic lighting, rendered in cinematic film still.",42,4,apple laptop
205,"A modern German sedan featuring muscular wheel arches, blue and white accents, and dynamic LED headlights, captured in on a mountain road under during golden hour, rendered in cinematic film still.",42,4,apple laptop
206,"A modern German SUV featuring sport-inspired diffuser, low aggressive front end, and dynamic LED headlights, captured in in a night city scene under with cinematic lighting, rendered in photorealistic render.",42,4,apple laptop
207,"A sporty German sedan featuring sport-inspired diffuser, twin-kidney front grille, and muscular wheel arches, captured in in a modern studio under during golden hour, rendered in photorealistic render.",42,4,apple laptop
208,"A sporty German sedan featuring aerodynamic silhouette, blue and white accents, and twin-kidney front grille, captured in on a racetrack under with cinematic lighting, rendered in photorealistic render.",42,4,apple laptop
209,"A aggressive German sedan featuring sharply defined body lines, low aggressive front end, and aerodynamic silhouette, captured in on a racetrack under with cinematic lighting, rendered in 8k ultra-detailed shot.",42,4,apple laptop
210,"A luxury German sedan featuring low aggressive front end, sport-inspired diffuser, and dynamic LED headlights, captured in on a mountain road under with studio flash reflections, rendered in cinematic film still.",42,4,apple laptop
211,"A sporty German SUV featuring performance-oriented stance, low aggressive front end, and sport-inspired diffuser, captured in on a mountain road under with cinematic lighting, rendered in photorealistic render.",42,4,apple laptop
212,"A aggressive German sedan featuring low aggressive front end, sport-inspired diffuser, and dynamic LED headlights, captured in on a mountain road under with studio flash reflections, rendered in concept car render.",42,4,apple laptop
213,"A aggressive German SUV featuring muscular wheel arches, aerodynamic silhouette, and twin-kidney front grille, captured in on a racetrack under under soft daylight, rendered in photorealistic render.",42,4,apple laptop
214,"A sporty German sedan featuring muscular wheel arches, twin-kidney front grille, and aerodynamic silhouette, captured in in a modern studio under with studio flash reflections, rendered in 8k ultra-detailed shot.",42,4,apple laptop
215,"A modern German sedan featuring dynamic LED headlights, high-gloss black details, and blue and white accents, captured in on a mountain road under with studio flash reflections, rendered in cinematic film still.",42,4,apple laptop
216,"A aggressive German SUV featuring performance-oriented stance, sport-inspired diffuser, and twin-kidney front grille, captured in in a night city scene under during golden hour, rendered in concept car render.",42,4,apple laptop
217,"A sporty German sedan featuring dynamic LED headlights, blue and white accents, and aerodynamic silhouette, captured in in a night city scene under during golden hour, rendered in photorealistic render.",42,4,apple laptop
218,"A sporty German sedan featuring twin-kidney front grille, low aggressive front end, and high-gloss black details, captured in in a futuristic showroom under during golden hour, rendered in photorealistic render.",42,4,apple laptop
219,"A sporty German sedan featuring sharply defined body lines, aerodynamic silhouette, and performance-oriented stance, captured in in a modern studio under with cinematic lighting, rendered in 8k ultra-detailed shot.",42,4,apple laptop
220,"A modern German sedan featuring dynamic LED headlights, performance-oriented stance, and high-gloss black details, captured in on a mountain road under with studio flash reflections, rendered in 8k ultra-detailed shot.",42,4,apple laptop
221,"A sporty German sedan featuring dynamic LED headlights, sharply defined body lines, and aerodynamic silhouette, captured in on a racetrack under under soft daylight, rendered in 8k ultra-detailed shot.",42,4,apple laptop
222,"A sporty German sedan featuring low aggressive front end, blue and white accents, and twin-kidney front grille, captured in on a mountain road under under soft daylight, rendered in 8k ultra-detailed shot.",42,4,apple laptop
223,"A modern German sedan featuring blue and white accents, dynamic LED headlights, and sport-inspired diffuser, captured in in a modern studio under with studio flash reflections, rendered in concept car render.",42,4,apple laptop
224,"A sporty German sedan featuring twin-kidney front grille, performance-oriented stance, and sharply defined body lines, captured in on a mountain road under with cinematic lighting, rendered in cinematic film still.",42,4,apple laptop
225,"A sporty German sedan featuring muscular wheel arches, sport-inspired diffuser, and low aggressive front end, captured in in a night city scene under with cinematic lighting, rendered in photorealistic render.",42,4,apple laptop
226,"A sporty German SUV featuring dynamic LED headlights, high-gloss black details, and performance-oriented stance, captured in in a night city scene under under soft daylight, rendered in cinematic film still.",42,4,apple laptop
227,"A sporty German sedan featuring blue and white accents, sharply defined body lines, and high-gloss black details, captured in on a mountain road under with cinematic lighting, rendered in photorealistic render.",42,4,apple laptop
228,"A modern German sedan featuring twin-kidney front grille, sport-inspired diffuser, and performance-oriented stance, captured in on a racetrack under with studio flash reflections, rendered in concept car render.",42,4,apple laptop
229,"A sporty German coupe featuring low aggressive front end, muscular wheel arches, and dynamic LED headlights, captured in in a modern studio under with cinematic lighting, rendered in photorealistic render.",42,4,apple laptop
230,"A modern German sedan featuring aerodynamic silhouette, performance-oriented stance, and dynamic LED headlights, captured in on a racetrack under with cinematic lighting, rendered in photorealistic render.",42,4,apple laptop
231,"A sporty German sedan featuring twin-kidney front grille, sport-inspired diffuser, and sharply defined body lines, captured in on a racetrack under with cinematic lighting, rendered in 8k ultra-detailed shot.",42,4,apple laptop
232,"A sporty German SUV featuring aerodynamic silhouette, blue and white accents, and performance-oriented stance, captured in in a night city scene under during golden hour, rendered in 8k ultra-detailed shot.",42,4,apple laptop
233,"A sporty German sedan featuring twin-kidney front grille, performance-oriented stance, and aerodynamic silhouette, captured in in a futuristic showroom under with cinematic lighting, rendered in photorealistic render.",42,4,apple laptop
234,"A sporty German sedan featuring dynamic LED headlights, muscular wheel arches, and sharply defined body lines, captured in in a modern studio under with cinematic lighting, rendered in cinematic film still.",42,4,apple laptop
235,"A sporty German coupe featuring dynamic LED headlights, twin-kidney front grille, and aerodynamic silhouette, captured in on a racetrack under with studio flash reflections, rendered in photorealistic render.",42,4,apple laptop
236,"A sporty German sedan featuring twin-kidney front grille, high-gloss black details, and muscular wheel arches, captured in on a racetrack under during golden hour, rendered in photorealistic render.",42,4,apple laptop
237,"A elegant German coupe featuring dynamic LED headlights, twin-kidney front grille, and sport-inspired diffuser, captured in on a racetrack under with studio flash reflections, rendered in 8k ultra-detailed shot.",42,4,apple laptop
238,"A sporty German sedan featuring muscular wheel arches, dynamic LED headlights, and twin-kidney front grille, captured in in a modern studio under under soft daylight, rendered in photorealistic render.",42,4,apple laptop
239,"A luxury German sedan featuring high-gloss black details, performance-oriented stance, and dynamic LED headlights, captured in on a racetrack under under soft daylight, rendered in 8k ultra-detailed shot.",42,4,apple laptop
240,"A aggressive German sedan featuring dynamic LED headlights, blue and white accents, and sport-inspired diffuser, captured in in a night city scene under with cinematic lighting, rendered in cinematic film still.",42,4,apple laptop
241,"A sporty German SUV featuring sharply defined body lines, aerodynamic silhouette, and dynamic LED headlights, captured in on a mountain road under under soft daylight, rendered in cinematic film still.",42,4,apple laptop
242,"A sporty German sedan featuring dynamic LED headlights, low aggressive front end, and performance-oriented stance, captured in in a modern studio under during golden hour, rendered in cinematic film still.",42,4,apple laptop
243,"A luxury German sedan featuring twin-kidney front grille, blue and white accents, and dynamic LED headlights, captured in on a mountain road under with studio flash reflections, rendered in cinematic film still.",42,4,apple laptop
244,"A elegant German sedan featuring sharply defined body lines, high-gloss black details, and muscular wheel arches, captured in in a night city scene under with cinematic lighting, rendered in cinematic film still.",42,4,apple laptop
245,"A elegant German sedan featuring dynamic LED headlights, blue and white accents, and high-gloss black details, captured in in a modern studio under with studio flash reflections, rendered in photorealistic render.",42,4,apple laptop
246,"A sporty German sedan featuring performance-oriented stance, sport-inspired diffuser, and sharply defined body lines, captured in in a futuristic showroom under under soft daylight, rendered in 8k ultra-detailed shot.",42,4,apple laptop
247,"A sporty German sedan featuring dynamic LED headlights, performance-oriented stance, and sport-inspired diffuser, captured in on a mountain road under under soft daylight, rendered in 8k ultra-detailed shot.",42,4,apple laptop
248,"A aggressive German sedan featuring dynamic LED headlights, twin-kidney front grille, and high-gloss black details, captured in in a futuristic showroom under with studio flash reflections, rendered in concept car render.",42,4,apple laptop
249,"A sporty German coupe featuring dynamic LED headlights, blue and white accents, and twin-kidney front grille, captured in in a modern studio under with cinematic lighting, rendered in 8k ultra-detailed shot.",42,4,apple laptop
250,"A sporty German SUV featuring high-gloss black details, performance-oriented stance, and twin-kidney front grille, captured in on a mountain road under with studio flash reflections, rendered in 8k ultra-detailed shot.",42,4,apple laptop
251,"A aggressive German sedan featuring sport-inspired diffuser, sharply defined body lines, and performance-oriented stance, captured in in a modern studio under with cinematic lighting, rendered in photorealistic render.",42,4,apple laptop
252,"A modern German sedan featuring muscular wheel arches, performance-oriented stance, and low aggressive front end, captured in in a night city scene under with studio flash reflections, rendered in 8k ultra-detailed shot.",42,4,apple laptop
253,"A aggressive German sedan featuring sport-inspired diffuser, blue and white accents, and muscular wheel arches, captured in on a racetrack under during golden hour, rendered in 8k ultra-detailed shot.",42,4,apple laptop
254,"A modern German sedan featuring dynamic LED headlights, blue and white accents, and performance-oriented stance, captured in in a futuristic showroom under with studio flash reflections, rendered in photorealistic render.",42,4,apple laptop
255,"A aggressive German sedan featuring performance-oriented stance, aerodynamic silhouette, and low aggressive front end, captured in on a racetrack under with cinematic lighting, rendered in 8k ultra-detailed shot.",42,4,apple laptop
256,"A sporty German sedan featuring dynamic LED headlights, twin-kidney front grille, and high-gloss black details, captured in on a racetrack under with cinematic lighting, rendered in concept car render.",42,4,apple laptop
257,"A aggressive German sedan featuring sharply defined body lines, performance-oriented stance, and sport-inspired diffuser, captured in in a night city scene under with studio flash reflections, rendered in 8k ultra-detailed shot.",42,4,apple laptop
258,"A sporty German sedan featuring dynamic LED headlights, sharply defined body lines, and sport-inspired diffuser, captured in in a modern studio under with cinematic lighting, rendered in concept car render.",42,4,apple laptop
259,"A sporty German sedan featuring sport-inspired diffuser, sharply defined body lines, and high-gloss black details, captured in in a futuristic showroom under during golden hour, rendered in cinematic film still.",42,4,apple laptop
260,"A modern German sedan featuring performance-oriented stance, sport-inspired diffuser, and high-gloss black details, captured in on a racetrack under under soft daylight, rendered in cinematic film still.",42,4,apple laptop
261,"A aggressive German SUV featuring blue and white accents, sharply defined body lines, and low aggressive front end, captured in in a night city scene under with studio flash reflections, rendered in 8k ultra-detailed shot.",42,4,apple laptop
262,"A sporty German coupe featuring performance-oriented stance, twin-kidney front grille, and sport-inspired diffuser, captured in in a futuristic showroom under during golden hour, rendered in cinematic film still.",42,4,apple laptop
263,"A modern German sedan featuring sharply defined body lines, dynamic LED headlights, and twin-kidney front grille, captured in in a modern studio under with cinematic lighting, rendered in photorealistic render.",42,4,apple laptop
264,"A sporty German SUV featuring sport-inspired diffuser, twin-kidney front grille, and muscular wheel arches, captured in in a modern studio under with cinematic lighting, rendered in photorealistic render.",42,4,apple laptop
265,"A sporty German coupe featuring twin-kidney front grille, blue and white accents, and sharply defined body lines, captured in on a mountain road under with cinematic lighting, rendered in 8k ultra-detailed shot.",42,4,apple laptop
266,"A luxury German sedan featuring twin-kidney front grille, aerodynamic silhouette, and muscular wheel arches, captured in in a night city scene under during golden hour, rendered in 8k ultra-detailed shot.",42,4,apple laptop
267,"A sporty German sedan featuring twin-kidney front grille, sport-inspired diffuser, and aerodynamic silhouette, captured in on a racetrack under with cinematic lighting, rendered in concept car render.",42,4,apple laptop
268,"A aggressive German sedan featuring twin-kidney front grille, muscular wheel arches, and sport-inspired diffuser, captured in on a racetrack under with cinematic lighting, rendered in cinematic film still.",42,4,apple laptop
269,"A luxury German sedan featuring performance-oriented stance, blue and white accents, and sharply defined body lines, captured in in a futuristic showroom under with cinematic lighting, rendered in 8k ultra-detailed shot.",42,4,apple laptop
270,"A aggressive German sedan featuring muscular wheel arches, sharply defined body lines, and performance-oriented stance, captured in in a night city scene under with studio flash reflections, rendered in 8k ultra-detailed shot.",42,4,apple laptop
271,"A modern German sedan featuring sport-inspired diffuser, twin-kidney front grille, and dynamic LED headlights, captured in in a night city scene under with cinematic lighting, rendered in 8k ultra-detailed shot.",42,4,apple laptop
272,"A sporty German sedan featuring blue and white accents, dynamic LED headlights, and twin-kidney front grille, captured in in a modern studio under with cinematic lighting, rendered in 8k ultra-detailed shot.",42,4,apple laptop
273,"A sporty German coupe featuring sport-inspired diffuser, blue and white accents, and twin-kidney front grille, captured in in a modern studio under with studio flash reflections, rendered in cinematic film still.",42,4,apple laptop
274,"A sporty German sedan featuring low aggressive front end, blue and white accents, and high-gloss black details, captured in on a mountain road under with studio flash reflections, rendered in photorealistic render.",42,4,apple laptop
275,"A sporty German SUV featuring sharply defined body lines, performance-oriented stance, and low aggressive front end, captured in in a modern studio under with cinematic lighting, rendered in cinematic film still.",42,4,apple laptop
276,"A aggressive German sedan featuring dynamic LED headlights, aerodynamic silhouette, and sharply defined body lines, captured in in a modern studio under with studio flash reflections, rendered in concept car render.",42,4,apple laptop
277,"A modern German sedan featuring performance-oriented stance, sport-inspired diffuser, and muscular wheel arches, captured in on a racetrack under during golden hour, rendered in photorealistic render.",42,4,apple laptop
278,"A aggressive German coupe featuring sport-inspired diffuser, dynamic LED headlights, and twin-kidney front grille, captured in on a racetrack under during golden hour, rendered in 8k ultra-detailed shot.",42,4,apple laptop
279,"A aggressive German sedan featuring high-gloss black details, performance-oriented stance, and aerodynamic silhouette, captured in on a racetrack under during golden hour, rendered in photorealistic render.",42,4,apple laptop
280,"A refreshing American soda can featuring frosted surface, bold red and white branding, and crisply detailed label, captured in in a cinematic close-up scene under with cinematic reflections, rendered in ultra-detailed 8k product shot.",42,4,apple laptop
281,"A refreshing American soda can featuring condensation droplets, realistic reflections, and crisply detailed label, captured in in a cinematic close-up scene under with cinematic reflections, rendered in commercial advertisement render.",42,4,apple laptop
282,"A refreshing American glass bottle featuring bold red and white branding, glistening ice cubes, and realistic reflections, captured in on a beach table under with studio lighting, rendered in photorealistic render.",42,4,apple laptop
283,"A iconic American soda can featuring glistening ice cubes, realistic carbonation bubbles, and crisply detailed label, captured in in a modern kitchen under with studio lighting, rendered in ultra-detailed 8k product shot.",42,4,apple laptop
284,"A iconic American glass bottle featuring bold red and white branding, frosted surface, and dynamic splash effects, captured in in a studio setup with ice under during golden hour, rendered in commercial advertisement render.",42,4,apple laptop
285,"A iconic American soda can featuring crisply detailed label, realistic reflections, and bold red and white branding, captured in in a studio setup with ice under with cinematic reflections, rendered in photorealistic render.",42,4,apple laptop
286,"A energetic American soda can featuring realistic reflections, vivid color contrast, and realistic carbonation bubbles, captured in in a modern kitchen under with studio lighting, rendered in ultra-detailed 8k product shot.",42,4,apple laptop
287,"A iconic American glass bottle featuring glistening ice cubes, realistic carbonation bubbles, and bold red and white branding, captured in in a cinematic close-up scene under under soft daylight, rendered in commercial advertisement render.",42,4,apple laptop
288,"A refreshing American soda can featuring bold red and white branding, realistic carbonation bubbles, and realistic reflections, captured in in a studio setup with ice under with cinematic reflections, rendered in cinematic still frame.",42,4,apple laptop
289,"A refreshing American soda can featuring bold red and white branding, frosted surface, and glistening ice cubes, captured in in a modern kitchen under with cinematic reflections, rendered in commercial advertisement render.",42,4,apple laptop
290,"A refreshing American soda can featuring frosted surface, realistic reflections, and condensation droplets, captured in in a studio setup with ice under under soft daylight, rendered in ultra-detailed 8k product shot.",42,4,apple laptop
291,"A energetic American soda can featuring perfectly shaped liquid waves, frosted surface, and crisply detailed label, captured in in a studio setup with ice under with studio lighting, rendered in commercial advertisement render.",42,4,apple laptop
292,"A iconic American soda can featuring vivid color contrast, glistening ice cubes, and frosted surface, captured in in a modern kitchen under with cinematic reflections, rendered in photorealistic render.",42,4,apple laptop
293,"A refreshing American soda can featuring vivid color contrast, condensation droplets, and crisply detailed label, captured in in a cinematic close-up scene under with cinematic reflections, rendered in photorealistic render.",42,4,apple laptop
294,"A refreshing American ice-cold drink featuring bold red and white branding, realistic reflections, and frosted surface, captured in in a modern kitchen under with studio lighting, rendered in cinematic still frame.",42,4,apple laptop
295,"A refreshing American soda can featuring crisply detailed label, perfectly shaped liquid waves, and vivid color contrast, captured in at a summer picnic under during golden hour, rendered in ultra-detailed 8k product shot.",42,4,apple laptop
296,"A energetic American ice-cold drink featuring condensation droplets, bold red and white branding, and vivid color contrast, captured in in a modern kitchen under with studio lighting, rendered in ultra-detailed 8k product shot.",42,4,apple laptop
297,"A iconic American soda can featuring vivid color contrast, frosted surface, and glistening ice cubes, captured in in a modern kitchen under with studio lighting, rendered in cinematic still frame.",42,4,apple laptop
298,"A refreshing American plastic bottle featuring realistic carbonation bubbles, bold red and white branding, and glistening ice cubes, captured in on a beach table under with cinematic reflections, rendered in ultra-detailed 8k product shot.",42,4,apple laptop
299,"A iconic American soda can featuring dynamic splash effects, frosted surface, and bold red and white branding, captured in at a summer picnic under under soft daylight, rendered in photorealistic render.",42,4,apple laptop
300,"A refreshing American soda can featuring realistic carbonation bubbles, dynamic splash effects, and crisply detailed label, captured in in a cinematic close-up scene under under soft daylight, rendered in ultra-detailed 8k product shot.",42,4,apple laptop
301,"A iconic American glass bottle featuring bold red and white branding, realistic reflections, and realistic carbonation bubbles, captured in in a studio setup with ice under with cinematic reflections, rendered in photorealistic render.",42,4,apple laptop
302,"A iconic American soda can featuring realistic carbonation bubbles, dynamic splash effects, and crisply detailed label, captured in in a cinematic close-up scene under under soft daylight, rendered in cinematic still frame.",42,4,apple laptop
303,"A cool American ice-cold drink featuring perfectly shaped liquid waves, bold red and white branding, and crisply detailed label, captured in in a studio setup with ice under with cinematic reflections, rendered in commercial advertisement render.",42,4,apple laptop
304,"A refreshing American soda can featuring crisply detailed label, dynamic splash effects, and vivid color contrast, captured in in a modern kitchen under during golden hour, rendered in cinematic still frame.",42,4,apple laptop
305,"A refreshing American soda can featuring realistic reflections, vivid color contrast, and bold red and white branding, captured in in a studio setup with ice under with studio lighting, rendered in photorealistic render.",42,4,apple laptop
306,"A refreshing American soda can featuring frosted surface, crisply detailed label, and bold red and white branding, captured in in a cinematic close-up scene under with studio lighting, rendered in commercial advertisement render.",42,4,apple laptop
307,"A energetic American soda can featuring dynamic splash effects, bold red and white branding, and glistening ice cubes, captured in on a beach table under during golden hour, rendered in cinematic still frame.",42,4,apple laptop
308,"A iconic American soda can featuring perfectly shaped liquid waves, realistic carbonation bubbles, and bold red and white branding, captured in on a beach table under under soft daylight, rendered in ultra-detailed 8k product shot.",42,4,apple laptop
309,"A refreshing American soda can featuring perfectly shaped liquid waves, bold red and white branding, and realistic reflections, captured in in a modern kitchen under with cinematic reflections, rendered in photorealistic render.",42,4,apple laptop
310,"A vibrant American soda can featuring realistic carbonation bubbles, dynamic splash effects, and bold red and white branding, captured in in a modern kitchen under during golden hour, rendered in ultra-detailed 8k product shot.",42,4,apple laptop
311,"A cool American soda can featuring crisply detailed label, vivid color contrast, and realistic carbonation bubbles, captured in on a beach table under under soft daylight, rendered in photorealistic render.",42,4,apple laptop
312,"A iconic American soda can featuring glistening ice cubes, condensation droplets, and crisply detailed label, captured in in a studio setup with ice under under soft daylight, rendered in photorealistic render.",42,4,apple laptop
313,"A iconic American soda can featuring dynamic splash effects, realistic carbonation bubbles, and vivid color contrast, captured in on a beach table under with cinematic reflections, rendered in commercial advertisement render.",42,4,apple laptop
314,"A vibrant American soda can featuring crisply detailed label, realistic reflections, and perfectly shaped liquid waves, captured in at a summer picnic under with cinematic reflections, rendered in commercial advertisement render.",42,4,apple laptop
315,"A refreshing American soda can featuring vivid color contrast, bold red and white branding, and condensation droplets, captured in on a beach table under with cinematic reflections, rendered in ultra-detailed 8k product shot.",42,4,apple laptop
316,"A vibrant American soda can featuring crisply detailed label, dynamic splash effects, and vivid color contrast, captured in at a summer picnic under with studio lighting, rendered in ultra-detailed 8k product shot.",42,4,apple laptop
317,"A energetic American soda can featuring vivid color contrast, crisply detailed label, and frosted surface, captured in at a summer picnic under with studio lighting, rendered in ultra-detailed 8k product shot.",42,4,apple laptop
318,"A iconic American soda can featuring glistening ice cubes, bold red and white branding, and condensation droplets, captured in in a modern kitchen under under soft daylight, rendered in photorealistic render.",42,4,apple laptop
319,"A energetic American ice-cold drink featuring bold red and white branding, dynamic splash effects, and frosted surface, captured in in a cinematic close-up scene under with cinematic reflections, rendered in ultra-detailed 8k product shot.",42,4,apple laptop
320,"A cool American soda can featuring dynamic splash effects, vivid color contrast, and crisply detailed label, captured in at a summer picnic under with studio lighting, rendered in photorealistic render.",42,4,apple laptop
321,"A iconic American soda can featuring realistic reflections, crisply detailed label, and realistic carbonation bubbles, captured in on a beach table under during golden hour, rendered in cinematic still frame.",42,4,apple laptop
322,"A vibrant American soda can featuring bold red and white branding, vivid color contrast, and frosted surface, captured in in a studio setup with ice under with cinematic reflections, rendered in ultra-detailed 8k product shot.",42,4,apple laptop
323,"A refreshing American plastic bottle featuring realistic carbonation bubbles, dynamic splash effects, and crisply detailed label, captured in in a studio setup with ice under with cinematic reflections, rendered in photorealistic render.",42,4,apple laptop
324,"A vibrant American soda can featuring condensation droplets, bold red and white branding, and realistic carbonation bubbles, captured in at a summer picnic under with studio lighting, rendered in photorealistic render.",42,4,apple laptop
325,"A energetic American soda can featuring realistic reflections, crisply detailed label, and perfectly shaped liquid waves, captured in in a studio setup with ice under under soft daylight, rendered in cinematic still frame.",42,4,apple laptop
326,"A iconic American soda can featuring condensation droplets, realistic carbonation bubbles, and frosted surface, captured in in a modern kitchen under during golden hour, rendered in commercial advertisement render.",42,4,apple laptop
327,"A vibrant American soda can featuring condensation droplets, realistic carbonation bubbles, and realistic reflections, captured in in a cinematic close-up scene under under soft daylight, rendered in commercial advertisement render.",42,4,apple laptop
328,"A vibrant American soda can featuring bold red and white branding, condensation droplets, and frosted surface, captured in in a cinematic close-up scene under during golden hour, rendered in photorealistic render.",42,4,apple laptop
329,"A vibrant American soda can featuring crisply detailed label, vivid color contrast, and condensation droplets, captured in in a modern kitchen under under soft daylight, rendered in photorealistic render.",42,4,apple laptop
330,"A iconic American plastic bottle featuring frosted surface, crisply detailed label, and realistic carbonation bubbles, captured in in a modern kitchen under with cinematic reflections, rendered in photorealistic render.",42,4,apple laptop
331,"A vibrant American soda can featuring condensation droplets, crisply detailed label, and frosted surface, captured in in a modern kitchen under under soft daylight, rendered in photorealistic render.",42,4,apple laptop
332,"A energetic American soda can featuring bold red and white branding, realistic carbonation bubbles, and glistening ice cubes, captured in in a cinematic close-up scene under with cinematic reflections, rendered in photorealistic render.",42,4,apple laptop
333,"A vibrant American soda can featuring glistening ice cubes, bold red and white branding, and crisply detailed label, captured in in a cinematic close-up scene under with cinematic reflections, rendered in commercial advertisement render.",42,4,apple laptop
334,"A cool American soda can featuring realistic carbonation bubbles, dynamic splash effects, and bold red and white branding, captured in on a beach table under under soft daylight, rendered in cinematic still frame.",42,4,apple laptop
335,"A vibrant American soda can featuring realistic reflections, realistic carbonation bubbles, and glistening ice cubes, captured in on a beach table under under soft daylight, rendered in ultra-detailed 8k product shot.",42,4,apple laptop
336,"A iconic American plastic bottle featuring glistening ice cubes, bold red and white branding, and vivid color contrast, captured in in a studio setup with ice under under soft daylight, rendered in commercial advertisement render.",42,4,apple laptop
337,"A iconic American ice-cold drink featuring vivid color contrast, bold red and white branding, and realistic carbonation bubbles, captured in in a studio setup with ice under with studio lighting, rendered in commercial advertisement render.",42,4,apple laptop
338,"A iconic American plastic bottle featuring bold red and white branding, condensation droplets, and realistic reflections, captured in in a modern kitchen under during golden hour, rendered in ultra-detailed 8k product shot.",42,4,apple laptop
339,"A refreshing American soda can featuring frosted surface, bold red and white branding, and dynamic splash effects, captured in in a modern kitchen under with studio lighting, rendered in cinematic still frame.",42,4,apple laptop
340,"A iconic American soda can featuring realistic reflections, realistic carbonation bubbles, and dynamic splash effects, captured in in a studio setup with ice under with cinematic reflections, rendered in ultra-detailed 8k product shot.",42,4,apple laptop
341,"A vibrant American plastic bottle featuring vivid color contrast, bold red and white branding, and condensation droplets, captured in in a studio setup with ice under under soft daylight, rendered in commercial advertisement render.",42,4,apple laptop
342,"A cool American soda can featuring frosted surface, bold red and white branding, and crisply detailed label, captured in at a summer picnic under with cinematic reflections, rendered in photorealistic render.",42,4,apple laptop
343,"A refreshing American soda can featuring vivid color contrast, crisply detailed label, and glistening ice cubes, captured in on a beach table under with studio lighting, rendered in ultra-detailed 8k product shot.",42,4,apple laptop
344,"A iconic American plastic bottle featuring bold red and white branding, realistic carbonation bubbles, and condensation droplets, captured in in a cinematic close-up scene under with cinematic reflections, rendered in photorealistic render.",42,4,apple laptop
345,"A iconic American plastic bottle featuring crisply detailed label, dynamic splash effects, and perfectly shaped liquid waves, captured in in a studio setup with ice under during golden hour, rendered in photorealistic render.",42,4,apple laptop
346,"A dynamic technical footwear design featuring triple-stripe pattern and geometric precision sports shoe hero shot on minimalist background highlighting triple-stripe textures wrapping around the shoe, neon color accents highlighting dynamic structure, and textile mesh detail with micro shadows, photographed on a minimal gradient background with spotlight under under high-contrast spotlight from above, rendered in cinematic advertising photography aesthetic.",42,4,apple laptop
347,"A intense premium energy drink can featuring adrenaline motion capture framing, metallic shine with red accent highlights, and realistic carbonation bubbles, captured in a futuristic studio setup surrounded by energy light streaks under with high-contrast studio lighting, rendered in photorealistic render.",42,4,apple laptop
348,"A intense premium energy drink can featuring high-performance aesthetic detailing, metallic shine with red accent highlights, and dynamic splash or impact effect, captured in a mountain sports environment with snow and ice particles under with high-contrast studio lighting, rendered in ultra-detailed 8k product shot.",42,4,apple laptop
349,"A intense premium energy drink can featuring macro droplets with depth-of-field blur, aluminum surface reflections, and condensation droplets, captured in a cinematic close-up with splashing water and vapor under with cinematic reflections and light flares, rendered in ultra-detailed 8k product shot.",42,4,apple laptop
350,"A intense premium energy drink can featuring condensation droplets, metallic shine with red accent highlights, and dynamic splash or impact effect, captured in a high-speed wind tunnel scene under under dynamic backlight with cold reflections, rendered in ultra-detailed 8k product shot.",42,4,apple laptop
351,"A sleek premium energy drink can featuring high-performance aesthetic detailing, adrenaline motion capture framing, and macro droplets with depth-of-field blur, captured beside a racing helmet and tire marks under during golden hour with cool color balance, rendered in cinematic still frame with dynamic energy motion.",42,4,apple laptop
352,"A dynamic premium energy drink can featuring cool-toned back reflections, condensation droplets, and macro droplets with depth-of-field blur, captured in a futuristic studio setup surrounded by energy light streaks under with high-contrast studio lighting, rendered in ultra-detailed 8k product shot.",42,4,apple laptop
353,"A dynamic premium energy drink can featuring condensation droplets, energy wave distortion effect, and realistic carbonation bubbles, captured at an extreme sports event with high contrast lighting under during golden hour with cool color balance, rendered in photorealistic render.",42,4,apple laptop
354,"A energetic premium energy drink can featuring cool-toned back reflections, high-performance aesthetic detailing, and adrenaline motion capture framing, captured beside a racing helmet and tire marks under with focused beam lighting emphasizing the metallic surface, rendered in photorealistic render.",42,4,apple laptop
355,"A intense premium energy drink can featuring cool-toned back reflections, high-performance aesthetic detailing, and dynamic splash or impact effect, captured on a reflective black surface with cold mist atmosphere under with focused beam lighting emphasizing the metallic surface, rendered in photorealistic render.",42,4,apple laptop
356,"A energetic premium energy drink can featuring motion blur energy trails, macro droplets with depth-of-field blur, and dynamic splash or impact effect, captured beside a racing helmet and tire marks under with cinematic reflections and light flares, rendered in photorealistic render.",42,4,apple laptop
357,"A energetic premium energy drink can featuring adrenaline motion capture framing, cool-toned back reflections, and condensation droplets, captured in a cinematic close-up with splashing water and vapor under with cinematic reflections and light flares, rendered in cinematic still frame with dynamic energy motion.",42,4,apple laptop
358,"A intense premium energy drink can featuring adrenaline motion capture framing, metallic shine with red accent highlights, and energy wave distortion effect, captured beside a racing helmet and tire marks under under dynamic backlight with cold reflections, rendered in cinematic still frame with dynamic energy motion.",42,4,apple laptop
359,"A sleek premium energy drink can featuring metallic shine with red accent highlights, motion blur energy trails, and adrenaline motion capture framing, captured on a reflective black surface with cold mist atmosphere under under dynamic backlight with cold reflections, rendered in ultra-detailed 8k product shot.",42,4,apple laptop
360,"A dynamic premium energy drink can featuring condensation droplets, macro droplets with depth-of-field blur, and frosted cold surface texture, captured in a high-speed wind tunnel scene under with cinematic reflections and light flares, rendered in ultra-detailed 8k product shot.",42,4,apple laptop
361,"A intense premium energy drink can featuring dynamic splash or impact effect, macro droplets with depth-of-field blur, and energy wave distortion effect, captured in a high-speed wind tunnel scene under during golden hour with cool color balance, rendered in ultra-detailed 8k product shot.",42,4,apple laptop
362,"A dynamic premium energy drink can featuring condensation droplets, dynamic splash or impact effect, and adrenaline motion capture framing, captured at an extreme sports event with high contrast lighting under with high-contrast studio lighting, rendered in photorealistic render.",42,4,apple laptop
363,"A sleek premium energy drink can featuring adrenaline motion capture framing, dynamic splash or impact effect, and aluminum surface reflections, captured on a racing track pit table with motion blur background under with high-contrast studio lighting, rendered in ultra-detailed 8k product shot.",42,4,apple laptop
364,"A sleek premium energy drink can featuring condensation droplets, energy wave distortion effect, and aluminum surface reflections, captured in a cinematic close-up with splashing water and vapor under with cinematic reflections and light flares, rendered in ultra-detailed 8k product shot.",42,4,apple laptop
365,"A intense premium energy drink can featuring metallic shine with red accent highlights, cool-toned back reflections, and frosted cold surface texture, captured beside a racing helmet and tire marks under with cinematic reflections and light flares, rendered in photorealistic render.",42,4,apple laptop
366,"A dynamic premium energy drink can featuring realistic carbonation bubbles, macro droplets with depth-of-field blur, and high-performance aesthetic detailing, captured in a mountain sports environment with snow and ice particles under under dynamic backlight with cold reflections, rendered in ultra-detailed 8k product shot.",42,4,apple laptop
367,"A adrenaline-fueled premium energy drink can featuring vibrant blue and silver metallic gradient, aluminum surface reflections, and dynamic splash or impact effect, captured in a high-speed wind tunnel scene under with focused beam lighting emphasizing the metallic surface, rendered in ultra-detailed 8k product shot.",42,4,apple laptop
368,"A sleek premium energy drink can featuring condensation droplets, cool-toned back reflections, and frosted cold surface texture, captured on a reflective black surface with cold mist atmosphere under under dynamic backlight with cold reflections, rendered in photorealistic render.",42,4,apple laptop
369,"A dynamic premium energy drink can featuring macro droplets with depth-of-field blur, cool-toned back reflections, and metallic shine with red accent highlights, captured in a cinematic close-up with splashing water and vapor under with focused beam lighting emphasizing the metallic surface, rendered in ultra-detailed 8k product shot.",42,4,apple laptop
370,"A powerful premium energy drink can featuring high-performance aesthetic detailing, macro droplets with depth-of-field blur, and metallic shine with red accent highlights, captured in a high-speed wind tunnel scene under with high-contrast studio lighting, rendered in photorealistic render.",42,4,apple laptop
371,"A dynamic premium energy drink can featuring motion blur energy trails, high-performance aesthetic detailing, and adrenaline motion capture framing, captured in a high-speed wind tunnel scene under with high-contrast studio lighting, rendered in commercial advertisement render.",42,4,apple laptop
372,"A energetic premium energy drink can featuring macro droplets with depth-of-field blur, adrenaline motion capture framing, and vibrant blue and silver metallic gradient, captured in a mountain sports environment with snow and ice particles under with focused beam lighting emphasizing the metallic surface, rendered in ultra-detailed 8k product shot.",42,4,apple laptop
373,"A dynamic premium energy drink can featuring energy wave distortion effect, dynamic splash or impact effect, and cool-toned back reflections, captured in a high-speed wind tunnel scene under under dynamic backlight with cold reflections, rendered in ultra-detailed 8k product shot.",42,4,apple laptop
374,"A dynamic premium energy drink can featuring high-performance aesthetic detailing, cool-toned back reflections, and metallic shine with red accent highlights, captured on a racing track pit table with motion blur background under with cinematic reflections and light flares, rendered in photorealistic render.",42,4,apple laptop
375,"A powerful premium energy drink can featuring motion blur energy trails, dynamic splash or impact effect, and condensation droplets, captured on a reflective black surface with cold mist atmosphere under with high-contrast studio lighting, rendered in high-end lifestyle commercial render.",42,4,apple laptop
376,"A sleek premium energy drink can featuring motion blur energy trails, adrenaline motion capture framing, and dynamic splash or impact effect, captured beside a racing helmet and tire marks under with focused beam lighting emphasizing the metallic surface, rendered in ultra-detailed 8k product shot.",42,4,apple laptop
377,"A intense premium energy drink can featuring motion blur energy trails, cool-toned back reflections, and metallic shine with red accent highlights, captured on a racing track pit table with motion blur background under with high-contrast studio lighting, rendered in photorealistic render.",42,4,apple laptop
378,"A intense premium energy drink can featuring macro droplets with depth-of-field blur, adrenaline motion capture framing, and motion blur energy trails, captured in a futuristic studio setup surrounded by energy light streaks under with cinematic reflections and light flares, rendered in high-end lifestyle commercial render.",42,4,apple laptop
379,"A intense premium energy drink can featuring realistic carbonation bubbles, metallic shine with red accent highlights, and adrenaline motion capture framing, captured in a mountain sports environment with snow and ice particles under under dynamic backlight with cold reflections, rendered in photorealistic render.",42,4,apple laptop
380,"A intense premium energy drink can featuring macro droplets with depth-of-field blur, metallic shine with red accent highlights, and motion blur energy trails, captured beside a racing helmet and tire marks under under dynamic backlight with cold reflections, rendered in commercial advertisement render.",42,4,apple laptop
381,"A sleek premium energy drink can featuring condensation droplets, adrenaline motion capture framing, and motion blur energy trails, captured at an extreme sports event with high contrast lighting under with high-contrast studio lighting, rendered in high-end lifestyle commercial render.",42,4,apple laptop
382,"A energetic premium energy drink can featuring adrenaline motion capture framing, condensation droplets, and metallic shine with red accent highlights, captured in a high-speed wind tunnel scene under with high-contrast studio lighting, rendered in ultra-detailed 8k product shot.",42,4,apple laptop
383,"A energetic premium energy drink can featuring macro droplets with depth-of-field blur, cool-toned back reflections, and clean minimalist premium branding design, captured at an extreme sports event with high contrast lighting under under dynamic backlight with cold reflections, rendered in high-end lifestyle commercial render.",42,4,apple laptop
384,"A sleek premium energy drink can featuring motion blur energy trails, realistic carbonation bubbles, and condensation droplets, captured at an extreme sports event with high contrast lighting under with cinematic reflections and light flares, rendered in commercial advertisement render.",42,4,apple laptop
385,"A intense premium energy drink can featuring metallic shine with red accent highlights, macro droplets with depth-of-field blur, and dynamic splash or impact effect, captured in a cinematic close-up with splashing water and vapor under under dynamic backlight with cold reflections, rendered in photorealistic render.",42,4,apple laptop
386,"A intense premium energy drink can featuring motion blur energy trails, condensation droplets, and realistic carbonation bubbles, captured beside a racing helmet and tire marks under with high-contrast studio lighting, rendered in commercial advertisement render.",42,4,apple laptop
387,"A adrenaline-fueled premium energy drink can featuring energy wave distortion effect, dynamic splash or impact effect, and clean minimalist premium branding design, captured in a cinematic close-up with splashing water and vapor under under dynamic backlight with cold reflections, rendered in cinematic still frame with dynamic energy motion.",42,4,apple laptop
388,"A energetic premium energy drink can featuring cool-toned back reflections, high-performance aesthetic detailing, and metallic shine with red accent highlights, captured beside a racing helmet and tire marks under under dynamic backlight with cold reflections, rendered in photorealistic render.",42,4,apple laptop
389,"A intense premium energy drink can featuring aluminum surface reflections, cool-toned back reflections, and macro droplets with depth-of-field blur, captured beside a racing helmet and tire marks under with focused beam lighting emphasizing the metallic surface, rendered in commercial advertisement render.",42,4,apple laptop
390,"A energetic premium energy drink can featuring cool-toned back reflections, energy wave distortion effect, and high-performance aesthetic detailing, captured in a futuristic studio setup surrounded by energy light streaks under under dynamic backlight with cold reflections, rendered in photorealistic render.",42,4,apple laptop
391,"A powerful premium energy drink can featuring frosted cold surface texture, dynamic splash or impact effect, and realistic carbonation bubbles, captured beside a racing helmet and tire marks under under dynamic backlight with cold reflections, rendered in ultra-detailed 8k product shot.",42,4,apple laptop
392,"A intense premium energy drink can featuring condensation droplets, dynamic splash or impact effect, and energy wave distortion effect, captured in a high-speed wind tunnel scene under under dynamic backlight with cold reflections, rendered in ultra-detailed 8k product shot.",42,4,apple laptop
393,"A dynamic premium energy drink can featuring dynamic splash or impact effect, cool-toned back reflections, and condensation droplets, captured in a high-speed wind tunnel scene under with high-contrast studio lighting, rendered in photorealistic render.",42,4,apple laptop
394,"A dynamic premium energy drink can featuring cool-toned back reflections, metallic shine with red accent highlights, and frosted cold surface texture, captured at an extreme sports event with high contrast lighting under during golden hour with cool color balance, rendered in ultra-detailed 8k product shot.",42,4,apple laptop
395,"A dynamic premium energy drink can featuring metallic shine with red accent highlights, high-performance aesthetic detailing, and cool-toned back reflections, captured in a mountain sports environment with snow and ice particles under with focused beam lighting emphasizing the metallic surface, rendered in photorealistic render.",42,4,apple laptop
396,"A dynamic premium energy drink can featuring metallic shine with red accent highlights, vibrant blue and silver metallic gradient, and aluminum surface reflections, captured in a cinematic close-up with splashing water and vapor under with high-contrast studio lighting, rendered in ultra-detailed 8k product shot.",42,4,apple laptop
397,"A powerful premium energy drink can featuring energy wave distortion effect, metallic shine with red accent highlights, and motion blur energy trails, captured in a futuristic studio setup surrounded by energy light streaks under with high-contrast studio lighting, rendered in photorealistic render.",42,4,apple laptop
398,"A adrenaline-fueled premium energy drink can featuring aluminum surface reflections, cool-toned back reflections, and realistic carbonation bubbles, captured in a high-speed wind tunnel scene under during golden hour with cool color balance, rendered in cinematic still frame with dynamic energy motion.",42,4,apple laptop
399,"A energetic premium energy drink can featuring cool-toned back reflections, energy wave distortion effect, and motion blur energy trails, captured beside a racing helmet and tire marks under with focused beam lighting emphasizing the metallic surface, rendered in cinematic still frame with dynamic energy motion.",42,4,apple laptop
400,"A dynamic premium energy drink can featuring metallic shine with red accent highlights, motion blur energy trails, and frosted cold surface texture, captured at an extreme sports event with high contrast lighting under under dynamic backlight with cold reflections, rendered in photorealistic render.",42,4,apple laptop
401,"A adrenaline-fueled premium energy drink can featuring condensation droplets, cool-toned back reflections, and adrenaline motion capture framing, captured in a high-speed wind tunnel scene under under dynamic backlight with cold reflections, rendered in commercial advertisement render.",42,4,apple laptop
402,"A intense premium energy drink can featuring dynamic splash or impact effect, energy wave distortion effect, and metallic shine with red accent highlights, captured on a reflective black surface with cold mist atmosphere under during golden hour with cool color balance, rendered in photorealistic render.",42,4,apple laptop
403,"A intense premium energy drink can featuring dynamic splash or impact effect, condensation droplets, and aluminum surface reflections, captured on a reflective black surface with cold mist atmosphere under with high-contrast studio lighting, rendered in photorealistic render.",42,4,apple laptop
404,"A intense premium energy drink can featuring vibrant blue and silver metallic gradient, dynamic splash or impact effect, and macro droplets with depth-of-field blur, captured on a racing track pit table with motion blur background under with high-contrast studio lighting, rendered in high-end lifestyle commercial render.",42,4,apple laptop
405,"A intense premium energy drink can featuring high-performance aesthetic detailing, dynamic splash or impact effect, and macro droplets with depth-of-field blur, captured on a racing track pit table with motion blur background under during golden hour with cool color balance, rendered in ultra-detailed 8k product shot.",42,4,apple laptop
406,"A intense premium energy drink can featuring cool-toned back reflections, motion blur energy trails, and clean minimalist premium branding design, captured at an extreme sports event with high contrast lighting under with high-contrast studio lighting, rendered in photorealistic render.",42,4,apple laptop
407,"A powerful premium energy drink can featuring dynamic splash or impact effect, condensation droplets, and macro droplets with depth-of-field blur, captured in a high-speed wind tunnel scene under with high-contrast studio lighting, rendered in commercial advertisement render.",42,4,apple laptop
408,"A dynamic premium energy drink can featuring metallic shine with red accent highlights, adrenaline motion capture framing, and dynamic splash or impact effect, captured at an extreme sports event with high contrast lighting under with high-contrast studio lighting, rendered in ultra-detailed 8k product shot.",42,4,apple laptop
409,"A sleek premium energy drink can featuring dynamic splash or impact effect, macro droplets with depth-of-field blur, and motion blur energy trails, captured in a cinematic close-up with splashing water and vapor under with cinematic reflections and light flares, rendered in ultra-detailed 8k product shot.",42,4,apple laptop
410,"A dynamic premium energy drink can featuring motion blur energy trails, condensation droplets, and adrenaline motion capture framing, captured beside a racing helmet and tire marks under with high-contrast studio lighting, rendered in ultra-detailed 8k product shot.",42,4,apple laptop
411,"A powerful premium energy drink can featuring condensation droplets, aluminum surface reflections, and metallic shine with red accent highlights, captured beside a racing helmet and tire marks under under dynamic backlight with cold reflections, rendered in photorealistic render.",42,4,apple laptop
412,"A powerful premium energy drink can featuring dynamic splash or impact effect, motion blur energy trails, and metallic shine with red accent highlights, captured in a high-speed wind tunnel scene under with high-contrast studio lighting, rendered in ultra-detailed 8k product shot.",42,4,apple laptop
413,"A intense premium energy drink can featuring dynamic splash or impact effect, frosted cold surface texture, and condensation droplets, captured in a mountain sports environment with snow and ice particles under with focused beam lighting emphasizing the metallic surface, rendered in ultra-detailed 8k product shot.",42,4,apple laptop
414,"A intense premium energy drink can featuring cool-toned back reflections, realistic carbonation bubbles, and frosted cold surface texture, captured at an extreme sports event with high contrast lighting under with cinematic reflections and light flares, rendered in high-end lifestyle commercial render.",42,4,apple laptop
415,"A intense premium energy drink can featuring macro droplets with depth-of-field blur, high-performance aesthetic detailing, and motion blur energy trails, captured beside a racing helmet and tire marks under with focused beam lighting emphasizing the metallic surface, rendered in commercial advertisement render.",42,4,apple laptop
416,"A dynamic premium energy drink can featuring energy wave distortion effect, dynamic splash or impact effect, and high-performance aesthetic detailing, captured in a mountain sports environment with snow and ice particles under with cinematic reflections and light flares, rendered in ultra-detailed 8k product shot.",42,4,apple laptop
417,"A dynamic premium energy drink can featuring dynamic splash or impact effect, adrenaline motion capture framing, and condensation droplets, captured in a futuristic studio setup surrounded by energy light streaks under with high-contrast studio lighting, rendered in photorealistic render.",42,4,apple laptop
418,"A dynamic premium energy drink can featuring aluminum surface reflections, adrenaline motion capture framing, and energy wave distortion effect, captured at an extreme sports event with high contrast lighting under during golden hour with cool color balance, rendered in ultra-detailed 8k product shot.",42,4,apple laptop
419,"A powerful premium energy drink can featuring high-performance aesthetic detailing, macro droplets with depth-of-field blur, and metallic shine with red accent highlights, captured on a racing track pit table with motion blur background under with high-contrast studio lighting, rendered in photorealistic render.",42,4,apple laptop
420,"A intense premium energy drink can featuring macro droplets with depth-of-field blur, dynamic splash or impact effect, and cool-toned back reflections, captured on a reflective black surface with cold mist atmosphere under with high-contrast studio lighting, rendered in commercial advertisement render.",42,4,apple laptop
421,"A intense premium energy drink can featuring aluminum surface reflections, clean minimalist premium branding design, and condensation droplets, captured in a cinematic close-up with splashing water and vapor under with cinematic reflections and light flares, rendered in ultra-detailed 8k product shot.",42,4,apple laptop
422,"A intense premium energy drink can featuring metallic shine with red accent highlights, frosted cold surface texture, and condensation droplets, captured on a racing track pit table with motion blur background under under dynamic backlight with cold reflections, rendered in photorealistic render.",42,4,apple laptop
423,"A intense premium energy drink can featuring clean minimalist premium branding design, cool-toned back reflections, and energy wave distortion effect, captured in a cinematic close-up with splashing water and vapor under with high-contrast studio lighting, rendered in ultra-detailed 8k product shot.",42,4,apple laptop
424,"A dynamic premium energy drink can featuring dynamic splash or impact effect, condensation droplets, and clean minimalist premium branding design, captured beside a racing helmet and tire marks under with focused beam lighting emphasizing the metallic surface, rendered in ultra-detailed 8k product shot.",42,4,apple laptop
425,"A powerful premium energy drink can featuring metallic shine with red accent highlights, frosted cold surface texture, and dynamic splash or impact effect, captured on a racing track pit table with motion blur background under under dynamic backlight with cold reflections, rendered in cinematic still frame with dynamic energy motion.",42,4,apple laptop
426,"A intense premium energy drink can featuring frosted cold surface texture, condensation droplets, and aluminum surface reflections, captured in a futuristic studio setup surrounded by energy light streaks under under dynamic backlight with cold reflections, rendered in ultra-detailed 8k product shot.",42,4,apple laptop
427,"A dynamic premium energy drink can featuring cool-toned back reflections, condensation droplets, and dynamic splash or impact effect, captured on a racing track pit table with motion blur background under with high-contrast studio lighting, rendered in ultra-detailed 8k product shot.",42,4,apple laptop
428,"A intense premium energy drink can featuring metallic shine with red accent highlights, macro droplets with depth-of-field blur, and motion blur energy trails, captured at an extreme sports event with high contrast lighting under with cinematic reflections and light flares, rendered in high-end lifestyle commercial render.",42,4,apple laptop
429,"A sleek premium energy drink can featuring adrenaline motion capture framing, dynamic splash or impact effect, and motion blur energy trails, captured at an extreme sports event with high contrast lighting under with high-contrast studio lighting, rendered in ultra-detailed 8k product shot.",42,4,apple laptop
430,"A sleek sportswear with curved airflow lines floating sport tee product shot showing matte and glossy fabric contrast, curved line suggesting motion, and three stripe motif, placed on folded stack of other garments under with neon blue or orange edge light, in realistic clothing visualization.",42,4,apple laptop
431,"A minimalist sportswear with curved airflow lines folded athletic tee with logo area visible showing three stripe motif, matte and glossy fabric contrast, and mesh ventilation detail, placed on folded stack of other garments under with rim light on contours, in studio product photo.",42,4,apple laptop
432,"A dynamic sportswear with curved airflow lines close-up of chest logo and fabric texture showing mesh ventilation detail, three stripe motif, and curved line suggesting motion, placed on folded stack of other garments under with soft studio lighting, in studio product photo.",42,4,apple laptop
433,"A energetic sportswear with curved airflow lines floating sport tee product shot showing mesh ventilation detail, reflective print logo, and three stripe motif, placed floating over neutral background under with neon blue or orange edge light, in realistic clothing visualization.",42,4,apple laptop
434,"A dynamic neutral athletic style with clean geometry close-up of chest logo and fabric texture showing curved line suggesting motion, three stripe motif, and reflective print logo, placed in a studio with soft gradient background under with rim light on contours, in realistic clothing visualization.",42,4,apple laptop
435,"A dynamic sportswear with curved airflow lines close-up of chest logo and fabric texture showing mesh ventilation detail, curved line suggesting motion, and three stripe motif, placed on reflective black surface under with soft studio lighting, in realistic clothing visualization.",42,4,apple laptop
436,"A modern neutral athletic style with clean geometry close-up of chest logo and fabric texture showing three stripe motif, mesh ventilation detail, and matte and glossy fabric contrast, placed floating over neutral background under under bright spotlight, in high-detail 3D apparel render.",42,4,apple laptop
437,"A minimalist neutral athletic style with clean geometry t-shirt inside open shoe box showing reflective print logo, three stripe motif, and matte and glossy fabric contrast, placed on reflective black surface under with rim light on contours, in realistic clothing visualization.",42,4,apple laptop
438,"A sleek technical design with triple-stripe accents stack of sport shirts in assorted colors showing mesh ventilation detail, three stripe motif, and reflective print logo, placed in a studio with soft gradient background under under bright spotlight, in realistic clothing visualization.",42,4,apple laptop
439,"A energetic sportswear with curved airflow lines close-up of chest logo and fabric texture showing mesh ventilation detail, three stripe motif, and reflective print logo, placed on folded stack of other garments under with neon blue or orange edge light, in realistic clothing visualization.",42,4,apple laptop
440,"A dynamic technical design with triple-stripe accents folded athletic tee with logo area visible showing mesh ventilation detail, three stripe motif, and curved line suggesting motion, placed floating over neutral background under with soft studio lighting, in studio product photo.",42,4,apple laptop
441,"A dynamic neutral athletic style with clean geometry floating sport tee product shot showing mesh ventilation detail, three stripe motif, and reflective print logo, placed on folded stack of other garments under under bright spotlight, in studio product photo.",42,4,apple laptop
442,"A modern neutral athletic style with clean geometry sports t-shirt on plain background showing curved line suggesting motion, three stripe motif, and mesh ventilation detail, placed in a studio with soft gradient background under with soft studio lighting, in realistic clothing visualization.",42,4,apple laptop
443,"A modern technical design with triple-stripe accents folded athletic tee with logo area visible showing mesh ventilation detail, curved line suggesting motion, and matte and glossy fabric contrast, placed on folded stack of other garments under with rim light on contours, in high-detail 3D apparel render.",42,4,apple laptop
444,"A modern technical design with triple-stripe accents t-shirt inside open shoe box showing reflective print logo, three stripe motif, and curved line suggesting motion, placed on folded stack of other garments under with neon blue or orange edge light, in studio product photo.",42,4,apple laptop
445,"A modern technical design with triple-stripe accents sports t-shirt on plain background showing three stripe motif, matte and glossy fabric contrast, and mesh ventilation detail, placed on reflective black surface under with neon blue or orange edge light, in high-detail 3D apparel render.",42,4,apple laptop
446,"A modern neutral athletic style with clean geometry sports t-shirt on plain background showing three stripe motif, matte and glossy fabric contrast, and reflective print logo, placed surrounded by orange shoe box packaging under with soft studio lighting, in studio product photo.",42,4,apple laptop
447,"A energetic technical design with triple-stripe accents close-up of chest logo and fabric texture showing matte and glossy fabric contrast, curved line suggesting motion, and three stripe motif, placed in a studio with soft gradient background under with rim light on contours, in advertising shot.",42,4,apple laptop
448,"A minimalist technical design with triple-stripe accents floating sport tee product shot showing mesh ventilation detail, curved line suggesting motion, and reflective print logo, placed surrounded by orange shoe box packaging under with soft studio lighting, in high-detail 3D apparel render.",42,4,apple laptop
449,"A dynamic technical design with triple-stripe accents close-up of chest logo and fabric texture showing three stripe motif, mesh ventilation detail, and matte and glossy fabric contrast, placed in a studio with soft gradient background under with rim light on contours, in high-detail 3D apparel render.",42,4,apple laptop
450,"A dynamic neutral athletic style with clean geometry sports t-shirt on plain background showing reflective print logo, three stripe motif, and mesh ventilation detail, placed in a studio with soft gradient background under under bright spotlight, in advertising shot.",42,4,apple laptop
451,"A dynamic technical design with triple-stripe accents folded athletic tee with logo area visible showing curved line suggesting motion, matte and glossy fabric contrast, and mesh ventilation detail, placed floating over neutral background under with rim light on contours, in studio product photo.",42,4,apple laptop
452,"A dynamic neutral athletic style with clean geometry t-shirt inside open shoe box showing matte and glossy fabric contrast, three stripe motif, and mesh ventilation detail, placed surrounded by orange shoe box packaging under under bright spotlight, in high-detail 3D apparel render.",42,4,apple laptop
453,"A dynamic technical design with triple-stripe accents stack of sport shirts in assorted colors showing three stripe motif, curved line suggesting motion, and mesh ventilation detail, placed surrounded by orange shoe box packaging under under bright spotlight, in advertising shot.",42,4,apple laptop
454,"A modern sportswear with curved airflow lines folded athletic tee with logo area visible showing three stripe motif, reflective print logo, and curved line suggesting motion, placed floating over neutral background under under bright spotlight, in realistic clothing visualization.",42,4,apple laptop
455,"A sleek sportswear with curved airflow lines stack of sport shirts in assorted colors showing mesh ventilation detail, reflective print logo, and three stripe motif, placed in a studio with soft gradient background under under bright spotlight, in studio product photo.",42,4,apple laptop
456,"A minimalist technical design with triple-stripe accents close-up of chest logo and fabric texture showing reflective print logo, curved line suggesting motion, and mesh ventilation detail, placed in a studio with soft gradient background under with rim light on contours, in advertising shot.",42,4,apple laptop
457,"A energetic sportswear with curved airflow lines sports t-shirt on plain background showing matte and glossy fabric contrast, three stripe motif, and mesh ventilation detail, placed floating over neutral background under with soft studio lighting, in realistic clothing visualization.",42,4,apple laptop
458,"A dynamic technical design with triple-stripe accents sports t-shirt on plain background showing reflective print logo, three stripe motif, and curved line suggesting motion, placed on reflective black surface under with rim light on contours, in advertising shot.",42,4,apple laptop
459,"A dynamic neutral athletic style with clean geometry t-shirt inside open shoe box showing three stripe motif, matte and glossy fabric contrast, and reflective print logo, placed floating over neutral background under with soft studio lighting, in advertising shot.",42,4,apple laptop
460,"A modern technical design with triple-stripe accents folded athletic tee with logo area visible showing mesh ventilation detail, reflective print logo, and curved line suggesting motion, placed in a studio with soft gradient background under with neon blue or orange edge light, in realistic clothing visualization.",42,4,apple laptop
461,"A dynamic sportswear with curved airflow lines folded athletic tee with logo area visible showing three stripe motif, curved line suggesting motion, and mesh ventilation detail, placed floating over neutral background under with rim light on contours, in realistic clothing visualization.",42,4,apple laptop
462,"A dynamic technical design with triple-stripe accents sports t-shirt on plain background showing reflective print logo, matte and glossy fabric contrast, and three stripe motif, placed in a studio with soft gradient background under with neon blue or orange edge light, in advertising shot.",42,4,apple laptop
463,"A sleek neutral athletic style with clean geometry folded athletic tee with logo area visible showing mesh ventilation detail, three stripe motif, and curved line suggesting motion, placed on folded stack of other garments under with rim light on contours, in advertising shot.",42,4,apple laptop
464,"A modern technical design with triple-stripe accents sports t-shirt on plain background showing three stripe motif, matte and glossy fabric contrast, and mesh ventilation detail, placed in a studio with soft gradient background under under bright spotlight, in high-detail 3D apparel render.",42,4,apple laptop
465,"A modern technical design with triple-stripe accents sports t-shirt on plain background showing matte and glossy fabric contrast, three stripe motif, and mesh ventilation detail, placed surrounded by orange shoe box packaging under with neon blue or orange edge light, in advertising shot.",42,4,apple laptop
466,"A minimalist technical design with triple-stripe accents sports t-shirt on plain background showing reflective print logo, three stripe motif, and curved line suggesting motion, placed on reflective black surface under under bright spotlight, in high-detail 3D apparel render.",42,4,apple laptop
467,"A dynamic sportswear with curved airflow lines sports t-shirt on plain background showing curved line suggesting motion, three stripe motif, and reflective print logo, placed on reflective black surface under with neon blue or orange edge light, in studio product photo.",42,4,apple laptop
468,"A sleek neutral athletic style with clean geometry close-up of chest logo and fabric texture showing mesh ventilation detail, three stripe motif, and reflective print logo, placed surrounded by orange shoe box packaging under with neon blue or orange edge light, in realistic clothing visualization.",42,4,apple laptop
469,"A dynamic neutral athletic style with clean geometry close-up of chest logo and fabric texture showing reflective print logo, matte and glossy fabric contrast, and three stripe motif, placed in a studio with soft gradient background under with rim light on contours, in realistic clothing visualization.",42,4,apple laptop
470,"A dynamic sportswear with curved airflow lines sports t-shirt on plain background showing reflective print logo, three stripe motif, and curved line suggesting motion, placed on reflective black surface under with rim light on contours, in studio product photo.",42,4,apple laptop
471,"A modern technical design with triple-stripe accents folded athletic tee with logo area visible showing three stripe motif, curved line suggesting motion, and matte and glossy fabric contrast, placed floating over neutral background under under bright spotlight, in realistic clothing visualization.",42,4,apple laptop
472,"A modern technical design with triple-stripe accents close-up of chest logo and fabric texture showing reflective print logo, three stripe motif, and curved line suggesting motion, placed surrounded by orange shoe box packaging under under bright spotlight, in studio product photo.",42,4,apple laptop
473,"A modern neutral athletic style with clean geometry sports t-shirt on plain background showing reflective print logo, three stripe motif, and mesh ventilation detail, placed in a studio with soft gradient background under with soft studio lighting, in high-detail 3D apparel render.",42,4,apple laptop
474,"A modern neutral athletic style with clean geometry t-shirt inside open shoe box showing three stripe motif, reflective print logo, and mesh ventilation detail, placed surrounded by orange shoe box packaging under with neon blue or orange edge light, in high-detail 3D apparel render.",42,4,apple laptop
475,"A minimalist neutral athletic style with clean geometry floating sport tee product shot showing three stripe motif, matte and glossy fabric contrast, and reflective print logo, placed surrounded by orange shoe box packaging under under bright spotlight, in realistic clothing visualization.",42,4,apple laptop
476,"A sleek sportswear with curved airflow lines folded athletic tee with logo area visible showing matte and glossy fabric contrast, three stripe motif, and reflective print logo, placed on reflective black surface under under bright spotlight, in high-detail 3D apparel render.",42,4,apple laptop
477,"A energetic sportswear with curved airflow lines close-up of chest logo and fabric texture showing mesh ventilation detail, matte and glossy fabric contrast, and three stripe motif, placed in a studio with soft gradient background under with neon blue or orange edge light, in studio product photo.",42,4,apple laptop
478,"A sleek sportswear with curved airflow lines stack of sport shirts in assorted colors showing three stripe motif, matte and glossy fabric contrast, and reflective print logo, placed on folded stack of other garments under under bright spotlight, in advertising shot.",42,4,apple laptop
479,"A modern technical design with triple-stripe accents t-shirt inside open shoe box showing reflective print logo, three stripe motif, and mesh ventilation detail, placed on reflective black surface under with soft studio lighting, in studio product photo.",42,4,apple laptop
480,"A minimalist technical design with triple-stripe accents close-up of chest logo and fabric texture showing mesh ventilation detail, matte and glossy fabric contrast, and curved line suggesting motion, placed surrounded by orange shoe box packaging under with rim light on contours, in realistic clothing visualization.",42,4,apple laptop
481,"A sleek technical design with triple-stripe accents close-up of chest logo and fabric texture showing curved line suggesting motion, three stripe motif, and matte and glossy fabric contrast, placed on folded stack of other garments under under bright spotlight, in high-detail 3D apparel render.",42,4,apple laptop
482,"A sleek technical design with triple-stripe accents folded athletic tee with logo area visible showing three stripe motif, mesh ventilation detail, and matte and glossy fabric contrast, placed floating over neutral background under with soft studio lighting, in high-detail 3D apparel render.",42,4,apple laptop
483,"A minimalist technical design with triple-stripe accents floating sport tee product shot showing reflective print logo, mesh ventilation detail, and three stripe motif, placed surrounded by orange shoe box packaging under under bright spotlight, in studio product photo.",42,4,apple laptop
484,"A sleek sportswear with curved airflow lines sports t-shirt on plain background showing curved line suggesting motion, matte and glossy fabric contrast, and three stripe motif, placed in a studio with soft gradient background under with soft studio lighting, in realistic clothing visualization.",42,4,apple laptop
485,"A dynamic sportswear with curved airflow lines floating sport tee product shot showing three stripe motif, matte and glossy fabric contrast, and reflective print logo, placed on folded stack of other garments under with neon blue or orange edge light, in realistic clothing visualization.",42,4,apple laptop
486,"A modern sportswear with curved airflow lines folded athletic tee with logo area visible showing three stripe motif, matte and glossy fabric contrast, and reflective print logo, placed on folded stack of other garments under with rim light on contours, in realistic clothing visualization.",42,4,apple laptop
487,"A minimalist sportswear with curved airflow lines stack of sport shirts in assorted colors showing matte and glossy fabric contrast, three stripe motif, and reflective print logo, placed surrounded by orange shoe box packaging under with soft studio lighting, in studio product photo.",42,4,apple laptop
488,"A energetic sportswear with curved airflow lines sports t-shirt on plain background showing three stripe motif, reflective print logo, and matte and glossy fabric contrast, placed surrounded by orange shoe box packaging under with rim light on contours, in realistic clothing visualization.",42,4,apple laptop
489,"A minimalist technical design with triple-stripe accents folded athletic tee with logo area visible showing curved line suggesting motion, matte and glossy fabric contrast, and reflective print logo, placed on folded stack of other garments under with neon blue or orange edge light, in realistic clothing visualization.",42,4,apple laptop
490,"A minimalist sportswear with curved airflow lines floating sport tee product shot showing reflective print logo, matte and glossy fabric contrast, and curved line suggesting motion, placed in a studio with soft gradient background under with soft studio lighting, in realistic clothing visualization.",42,4,apple laptop
491,"A dynamic neutral athletic style with clean geometry t-shirt inside open shoe box showing reflective print logo, mesh ventilation detail, and matte and glossy fabric contrast, placed surrounded by orange shoe box packaging under with neon blue or orange edge light, in studio product photo.",42,4,apple laptop
492,"A minimalist sportswear with curved airflow lines folded athletic tee with logo area visible showing three stripe motif, matte and glossy fabric contrast, and curved line suggesting motion, placed surrounded by orange shoe box packaging under with rim light on contours, in studio product photo.",42,4,apple laptop
493,"A dynamic neutral athletic style with clean geometry t-shirt inside open shoe box showing matte and glossy fabric contrast, curved line suggesting motion, and reflective print logo, placed surrounded by orange shoe box packaging under with soft studio lighting, in high-detail 3D apparel render.",42,4,apple laptop
494,"A colorful a fast-food brand restaurant exterior featuring retro seating and décor, drive-thru menu board, and parking area with cars and neon reflections, captured on a busy highway corner under with soft indoor illumination, rendered in urban night photography aesthetic.",42,4,apple laptop
495,"A highly detailed a fast-food brand promotional billboard featuring drive-thru menu board, large illuminated signage, and advertising props and lighting setup, captured outside during a rainy night with reflections under during golden hour with soft shadows, rendered in photorealistic 3D render.",42,4,apple laptop
496,"A cinematic a fast-food brand food packaging design featuring parking area with cars and neon reflections, distinctive brand colors and logos, and branding posters and banners, captured in an urban street setting under under cool daylight tones, rendered in urban night photography aesthetic.",42,4,apple laptop
497,"A vibrant a fast-food brand restaurant interior featuring drive-thru menu board, paper packaging with printed logo, and branding posters and banners, captured outside during a rainy night with reflections under with soft indoor illumination, rendered in commercial advertisement photograph.",42,4,apple laptop
498,"A modern a fast-food brand parking lot scene featuring menu screens with bright graphics, distinctive brand colors and logos, and drive-thru menu board, captured outside during a rainy night with reflections under with soft indoor illumination, rendered in ultra-detailed 8k cinematic render.",42,4,apple laptop
499,"A realistic a fast-food brand paper cup and bag set featuring customers interacting with staff, advertising props and lighting setup, and distinctive brand colors and logos, captured in a bright daytime setting under with cinematic highlights and reflections, rendered in ultra-detailed 8k cinematic render.",42,4,apple laptop
500,"A realistic a fast-food brand restaurant exterior featuring large illuminated signage, customers interacting with staff, and employees in branded uniforms, captured at a modern drive-thru lane under with soft indoor illumination, rendered in minimalist product mockup style.",42,4,apple laptop
501,"A colorful a fast-food brand fast-food counter area featuring customers interacting with staff, employees in branded uniforms, and menu screens with bright graphics, captured in an urban street setting under under cool daylight tones, rendered in photorealistic 3D render.",42,4,apple laptop
502,"A colorful a fast-food brand restaurant interior featuring minimalist clean composition, parking area with cars and neon reflections, and distinctive brand colors and logos, captured at a modern drive-thru lane under with cinematic highlights and reflections, rendered in photorealistic 3D render.",42,4,apple laptop
503,"A realistic a fast-food brand drive-thru window scene featuring large illuminated signage, menu screens with bright graphics, and branding posters and banners, captured in a cozy retro diner atmosphere under under warm studio lights, rendered in photorealistic 3D render.",42,4,apple laptop
504,"A highly detailed a fast-food brand paper cup and bag set featuring distinctive brand colors and logos, paper packaging with printed logo, and drive-thru menu board, captured at a modern drive-thru lane under under warm studio lights, rendered in photorealistic 3D render.",42,4,apple laptop
505,"A realistic a fast-food brand fast-food building featuring advertising props and lighting setup, parking area with cars and neon reflections, and clean architectural lines, captured in a bright daytime setting under during golden hour with soft shadows, rendered in commercial advertisement photograph.",42,4,apple laptop
506,"A highly detailed a fast-food brand parking lot scene featuring drive-thru menu board, distinctive brand colors and logos, and branding posters and banners, captured in a photo studio for commercial advertising under under warm studio lights, rendered in urban night photography aesthetic.",42,4,apple laptop
507,"A realistic a fast-food brand fast-food building featuring large illuminated signage, paper packaging with printed logo, and drive-thru menu board, captured at a modern drive-thru lane under with soft indoor illumination, rendered in minimalist product mockup style.",42,4,apple laptop
508,"A colorful a fast-food brand fast-food counter area featuring large illuminated signage, employees in branded uniforms, and minimalist clean composition, captured in a cinematic night-time city scene under during golden hour with soft shadows, rendered in ultra-detailed 8k cinematic render.",42,4,apple laptop
509,"A vibrant a fast-food brand paper cup and bag set featuring distinctive brand colors and logos, large illuminated signage, and clean architectural lines, captured in a bright daytime setting under with neon glow accents, rendered in urban night photography aesthetic.",42,4,apple laptop
510,"A vibrant a fast-food brand paper cup and bag set featuring minimalist clean composition, customers interacting with staff, and clean architectural lines, captured inside a shopping mall food court under with cinematic highlights and reflections, rendered in architectural visualization render.",42,4,apple laptop
511,"A colorful a fast-food brand paper cup and bag set featuring paper packaging with printed logo, advertising props and lighting setup, and distinctive brand colors and logos, captured on a busy highway corner under under warm studio lights, rendered in urban night photography aesthetic.",42,4,apple laptop
512,"A retro-styled a fast-food brand restaurant exterior featuring advertising props and lighting setup, large illuminated signage, and drive-thru menu board, captured in a cinematic night-time city scene under under cool daylight tones, rendered in ultra-detailed 8k cinematic render.",42,4,apple laptop
513,"A realistic a fast-food brand paper cup and bag set featuring employees in branded uniforms, parking area with cars and neon reflections, and distinctive brand colors and logos, captured in a cozy retro diner atmosphere under with neon glow accents, rendered in urban night photography aesthetic.",42,4,apple laptop
514,"A vibrant a fast-food brand fast-food building featuring clean architectural lines, parking area with cars and neon reflections, and large illuminated signage, captured outside during a rainy night with reflections under under cool daylight tones, rendered in photorealistic 3D render.",42,4,apple laptop
515,"A colorful a fast-food brand fast-food building featuring advertising props and lighting setup, minimalist clean composition, and drive-thru menu board, captured at a modern drive-thru lane under with soft indoor illumination, rendered in architectural visualization render.",42,4,apple laptop
516,"A retro-styled a fast-food brand fast-food building featuring large illuminated signage, drive-thru menu board, and clean architectural lines, captured in a bright daytime setting under during golden hour with soft shadows, rendered in commercial advertisement photograph.",42,4,apple laptop
517,"A cinematic a fast-food brand parking lot scene featuring large illuminated signage, distinctive brand colors and logos, and menu screens with bright graphics, captured in a photo studio for commercial advertising under under warm studio lights, rendered in ultra-detailed 8k cinematic render.",42,4,apple laptop
518,"A realistic a fast-food brand paper cup and bag set featuring employees in branded uniforms, large illuminated signage, and branding posters and banners, captured in an urban street setting under under cool daylight tones, rendered in architectural visualization render.",42,4,apple laptop
519,"A colorful a fast-food brand paper cup and bag set featuring customers interacting with staff, employees in branded uniforms, and drive-thru menu board, captured in a bright daytime setting under under cool daylight tones, rendered in commercial advertisement photograph.",42,4,apple laptop
520,"A cinematic a fast-food brand promotional billboard featuring minimalist clean composition, distinctive brand colors and logos, and employees in branded uniforms, captured at a modern drive-thru lane under under warm studio lights, rendered in minimalist product mockup style.",42,4,apple laptop
521,"A realistic a fast-food brand fast-food building featuring large illuminated signage, paper packaging with printed logo, and customers interacting with staff, captured at a modern drive-thru lane under under warm studio lights, rendered in commercial advertisement photograph.",42,4,apple laptop
522,"A modern a fast-food brand restaurant exterior featuring retro seating and décor, distinctive brand colors and logos, and employees in branded uniforms, captured at a modern drive-thru lane under under warm studio lights, rendered in ultra-detailed 8k cinematic render.",42,4,apple laptop
523,"A retro-styled a fast-food brand fast-food building featuring distinctive brand colors and logos, clean architectural lines, and minimalist clean composition, captured at a modern drive-thru lane under with cinematic highlights and reflections, rendered in commercial advertisement photograph.",42,4,apple laptop
524,"A modern a fast-food brand paper cup and bag set featuring customers interacting with staff, drive-thru menu board, and distinctive brand colors and logos, captured on a busy highway corner under with cinematic highlights and reflections, rendered in ultra-detailed 8k cinematic render.",42,4,apple laptop
525,"A colorful a fast-food brand fast-food counter area featuring advertising props and lighting setup, menu screens with bright graphics, and drive-thru menu board, captured outside during a rainy night with reflections under with soft indoor illumination, rendered in ultra-detailed 8k cinematic render.",42,4,apple laptop
526,"A realistic a fast-food brand paper cup and bag set featuring minimalist clean composition, large illuminated signage, and retro seating and décor, captured in a cinematic night-time city scene under under warm studio lights, rendered in photorealistic 3D render.",42,4,apple laptop
527,"A vibrant a fast-food brand drive-thru window scene featuring clean architectural lines, menu screens with bright graphics, and employees in branded uniforms, captured outside during a rainy night with reflections under under cool daylight tones, rendered in vintage analog film photo.",42,4,apple laptop
528,"A vibrant a fast-food brand fast-food building featuring distinctive brand colors and logos, menu screens with bright graphics, and employees in branded uniforms, captured on a busy highway corner under with soft indoor illumination, rendered in minimalist product mockup style.",42,4,apple laptop
529,"A realistic a fast-food brand restaurant exterior featuring branding posters and banners, drive-thru menu board, and distinctive brand colors and logos, captured in an urban street setting under with cinematic highlights and reflections, rendered in photorealistic 3D render.",42,4,apple laptop
530,"A modern a fast-food brand fast-food counter area featuring minimalist clean composition, large illuminated signage, and drive-thru menu board, captured at a modern drive-thru lane under with soft indoor illumination, rendered in vintage analog film photo.",42,4,apple laptop
531,"A vibrant a fast-food brand parking lot scene featuring employees in branded uniforms, minimalist clean composition, and distinctive brand colors and logos, captured in a bright daytime setting under with neon glow accents, rendered in commercial advertisement photograph.",42,4,apple laptop
532,"A colorful a fast-food brand restaurant interior featuring drive-thru menu board, branding posters and banners, and minimalist clean composition, captured outside during a rainy night with reflections under under warm studio lights, rendered in architectural visualization render.",42,4,apple laptop
533,"A colorful a fast-food brand fast-food building featuring advertising props and lighting setup, large illuminated signage, and retro seating and décor, captured at a modern drive-thru lane under with cinematic highlights and reflections, rendered in architectural visualization render.",42,4,apple laptop
534,"A modern a fast-food brand restaurant exterior featuring distinctive brand colors and logos, minimalist clean composition, and drive-thru menu board, captured at a modern drive-thru lane under under cool daylight tones, rendered in commercial advertisement photograph.",42,4,apple laptop
535,"A highly detailed a fast-food brand restaurant exterior featuring parking area with cars and neon reflections, employees in branded uniforms, and clean architectural lines, captured at a modern drive-thru lane under with neon glow accents, rendered in vintage analog film photo.",42,4,apple laptop
536,"A colorful a fast-food brand fast-food building featuring drive-thru menu board, distinctive brand colors and logos, and menu screens with bright graphics, captured on a busy highway corner under with soft indoor illumination, rendered in urban night photography aesthetic.",42,4,apple laptop
537,"A realistic a fast-food brand paper cup and bag set featuring advertising props and lighting setup, minimalist clean composition, and drive-thru menu board, captured in a photo studio for commercial advertising under with cinematic highlights and reflections, rendered in urban night photography aesthetic.",42,4,apple laptop
538,"A cinematic a fast-food brand fast-food building featuring paper packaging with printed logo, large illuminated signage, and drive-thru menu board, captured in a bright daytime setting under under cool daylight tones, rendered in minimalist product mockup style.",42,4,apple laptop
539,"A vibrant a fast-food brand parking lot scene featuring retro seating and décor, clean architectural lines, and employees in branded uniforms, captured outside during a rainy night with reflections under during golden hour with soft shadows, rendered in vintage analog film photo.",42,4,apple laptop
540,"A realistic a fast-food brand drive-thru window scene featuring clean architectural lines, minimalist clean composition, and advertising props and lighting setup, captured in a cinematic night-time city scene under under warm studio lights, rendered in photorealistic 3D render.",42,4,apple laptop
541,"A realistic a fast-food brand paper cup and bag set featuring distinctive brand colors and logos, parking area with cars and neon reflections, and advertising props and lighting setup, captured at a modern drive-thru lane under under cool daylight tones, rendered in vintage analog film photo.",42,4,apple laptop
542,"A retro-styled a fast-food brand paper cup and bag set featuring customers interacting with staff, distinctive brand colors and logos, and clean architectural lines, captured in a bright daytime setting under under warm studio lights, rendered in photorealistic 3D render.",42,4,apple laptop
543,"A modern a fast-food brand restaurant interior featuring minimalist clean composition, clean architectural lines, and large illuminated signage, captured at a modern drive-thru lane under under warm studio lights, rendered in ultra-detailed 8k cinematic render.",42,4,apple laptop
544,"A highly detailed a fast-food brand paper cup and bag set featuring minimalist clean composition, retro seating and décor, and large illuminated signage, captured at a modern drive-thru lane under with neon glow accents, rendered in ultra-detailed 8k cinematic render.",42,4,apple laptop
545,"A colorful a fast-food brand parking lot scene featuring drive-thru menu board, employees in branded uniforms, and clean architectural lines, captured on a busy highway corner under with cinematic highlights and reflections, rendered in vintage analog film photo.",42,4,apple laptop
546,"A colorful a fast-food brand parking lot scene featuring large illuminated signage, drive-thru menu board, and parking area with cars and neon reflections, captured inside a shopping mall food court under with cinematic highlights and reflections, rendered in commercial advertisement photograph.",42,4,apple laptop
547,"A modern a fast-food brand restaurant exterior featuring menu screens with bright graphics, paper packaging with printed logo, and retro seating and décor, captured at a modern drive-thru lane under under warm studio lights, rendered in urban night photography aesthetic.",42,4,apple laptop
548,"A colorful a fast-food brand restaurant exterior featuring large illuminated signage, advertising props and lighting setup, and employees in branded uniforms, captured on a busy highway corner under with neon glow accents, rendered in vintage analog film photo.",42,4,apple laptop
549,"A modern a fast-food brand fast-food counter area featuring distinctive brand colors and logos, large illuminated signage, and paper packaging with printed logo, captured in an urban street setting under with neon glow accents, rendered in photorealistic 3D render.",42,4,apple laptop
550,"A cinematic a fast-food brand fast-food building featuring branding posters and banners, parking area with cars and neon reflections, and paper packaging with printed logo, captured on a busy highway corner under with soft indoor illumination, rendered in photorealistic 3D render.",42,4,apple laptop
551,"A highly detailed a fast-food brand fast-food building featuring parking area with cars and neon reflections, minimalist clean composition, and employees in branded uniforms, captured in a cozy retro diner atmosphere under under warm studio lights, rendered in urban night photography aesthetic.",42,4,apple laptop
552,"A cinematic a fast-food brand parking lot scene featuring distinctive brand colors and logos, advertising props and lighting setup, and large illuminated signage, captured in a photo studio for commercial advertising under with neon glow accents, rendered in urban night photography aesthetic.",42,4,apple laptop
553,"A highly detailed a fast-food brand drive-thru window scene featuring minimalist clean composition, parking area with cars and neon reflections, and customers interacting with staff, captured at a modern drive-thru lane under under warm studio lights, rendered in architectural visualization render.",42,4,apple laptop
554,"A highly detailed a fast-food brand fast-food building featuring branding posters and banners, advertising props and lighting setup, and minimalist clean composition, captured at a modern drive-thru lane under with cinematic highlights and reflections, rendered in architectural visualization render.",42,4,apple laptop
555,"A realistic a fast-food brand paper cup and bag set featuring minimalist clean composition, advertising props and lighting setup, and retro seating and décor, captured in a photo studio for commercial advertising under with cinematic highlights and reflections, rendered in architectural visualization render.",42,4,apple laptop
556,"A cinematic a fast-food brand paper cup and bag set featuring parking area with cars and neon reflections, branding posters and banners, and menu screens with bright graphics, captured in a photo studio for commercial advertising under with neon glow accents, rendered in photorealistic 3D render.",42,4,apple laptop
557,"A highly detailed a fast-food brand paper cup and bag set featuring parking area with cars and neon reflections, clean architectural lines, and large illuminated signage, captured at a modern drive-thru lane under during golden hour with soft shadows, rendered in urban night photography aesthetic.",42,4,apple laptop
558,"A realistic a fast-food brand fast-food building featuring branding posters and banners, menu screens with bright graphics, and drive-thru menu board, captured at a modern drive-thru lane under under cool daylight tones, rendered in photorealistic 3D render.",42,4,apple laptop
559,"A highly detailed a fast-food brand promotional billboard featuring drive-thru menu board, distinctive brand colors and logos, and advertising props and lighting setup, captured at a modern drive-thru lane under with soft indoor illumination, rendered in minimalist product mockup style.",42,4,apple laptop
560,"A realistic a fast-food brand restaurant exterior featuring parking area with cars and neon reflections, drive-thru menu board, and distinctive brand colors and logos, captured in a photo studio for commercial advertising under under warm studio lights, rendered in commercial advertisement photograph.",42,4,apple laptop
561,"A highly detailed a fast-food brand paper cup and bag set featuring drive-thru menu board, parking area with cars and neon reflections, and distinctive brand colors and logos, captured inside a shopping mall food court under with neon glow accents, rendered in minimalist product mockup style.",42,4,apple laptop
562,"A vibrant a fast-food brand paper cup and bag set featuring customers interacting with staff, retro seating and décor, and menu screens with bright graphics, captured outside during a rainy night with reflections under under cool daylight tones, rendered in commercial advertisement photograph.",42,4,apple laptop
563,"A highly detailed a fast-food brand paper cup and bag set featuring distinctive brand colors and logos, branding posters and banners, and customers interacting with staff, captured in an urban street setting under with cinematic highlights and reflections, rendered in photorealistic 3D render.",42,4,apple laptop
564,"A highly detailed a fast-food brand paper cup and bag set featuring employees in branded uniforms, retro seating and décor, and menu screens with bright graphics, captured in a bright daytime setting under under warm studio lights, rendered in urban night photography aesthetic.",42,4,apple laptop
565,"A highly detailed a fast-food brand paper cup and bag set featuring paper packaging with printed logo, parking area with cars and neon reflections, and advertising props and lighting setup, captured outside during a rainy night with reflections under with neon glow accents, rendered in ultra-detailed 8k cinematic render.",42,4,apple laptop
566,"A highly detailed a fast-food brand paper cup and bag set featuring advertising props and lighting setup, parking area with cars and neon reflections, and retro seating and décor, captured in a cinematic night-time city scene under with cinematic highlights and reflections, rendered in architectural visualization render.",42,4,apple laptop
567,"A vibrant a fast-food brand paper cup and bag set featuring distinctive brand colors and logos, branding posters and banners, and parking area with cars and neon reflections, captured outside during a rainy night with reflections under during golden hour with soft shadows, rendered in ultra-detailed 8k cinematic render.",42,4,apple laptop
568,"A highly detailed a fast-food brand paper cup and bag set featuring parking area with cars and neon reflections, drive-thru menu board, and employees in branded uniforms, captured outside during a rainy night with reflections under with soft indoor illumination, rendered in minimalist product mockup style.",42,4,apple laptop
569,"A vibrant a fast-food brand paper cup and bag set featuring minimalist clean composition, retro seating and décor, and employees in branded uniforms, captured at a modern drive-thru lane under with soft indoor illumination, rendered in photorealistic 3D render.",42,4,apple laptop
570,"A vibrant a fast-food brand paper cup and bag set featuring employees in branded uniforms, clean architectural lines, and paper packaging with printed logo, captured on a busy highway corner under with soft indoor illumination, rendered in photorealistic 3D render.",42,4,apple laptop
571,"A realistic a fast-food brand paper cup and bag set featuring employees in branded uniforms, menu screens with bright graphics, and distinctive brand colors and logos, captured in a photo studio for commercial advertising under under warm studio lights, rendered in architectural visualization render.",42,4,apple laptop
572,"A realistic a fast-food brand paper cup and bag set featuring employees in branded uniforms, minimalist clean composition, and drive-thru menu board, captured inside a shopping mall food court under with neon glow accents, rendered in commercial advertisement photograph.",42,4,apple laptop
573,"A cinematic a fast-food brand paper cup and bag set featuring drive-thru menu board, clean architectural lines, and distinctive brand colors and logos, captured inside a shopping mall food court under with soft indoor illumination, rendered in minimalist product mockup style.",42,4,apple laptop
574,"A colorful a fast-food brand paper cup and bag set featuring drive-thru menu board, menu screens with bright graphics, and employees in branded uniforms, captured in a cozy retro diner atmosphere under with soft indoor illumination, rendered in urban night photography aesthetic.",42,4,apple laptop
575,"A colorful a fast-food brand drive-thru window scene featuring distinctive brand colors and logos, large illuminated signage, and minimalist clean composition, captured in a bright daytime setting under during golden hour with soft shadows, rendered in architectural visualization render.",42,4,apple laptop
576,"A cinematic a fast-food brand paper cup and bag set featuring distinctive brand colors and logos, branding posters and banners, and parking area with cars and neon reflections, captured in a bright daytime setting under with cinematic highlights and reflections, rendered in commercial advertisement photograph.",42,4,apple laptop
577,"A modern a fast-food brand restaurant exterior featuring parking area with cars and neon reflections, large illuminated signage, and employees in branded uniforms, captured in a cinematic night-time city scene under with soft indoor illumination, rendered in photorealistic 3D render.",42,4,apple laptop
578,"A realistic a fast-food brand paper cup and bag set featuring parking area with cars and neon reflections, customers interacting with staff, and distinctive brand colors and logos, captured in a photo studio for commercial advertising under under cool daylight tones, rendered in photorealistic 3D render.",42,4,apple laptop
579,a detailed photo of the emirates airplane in a studio setting,42,4,apple laptop
580,a minimalist photo of the emirates airplane next to modern building,42,4,apple laptop
581,a professional photo of the emirates airplane on a white background,42,4,apple laptop
582,a studio-style photo of the emirates airplane under bright sunlight,42,4,apple laptop
583,a detailed photo of the emirates airplane under bright sunlight,42,4,apple laptop
584,a modern photo of the emirates airplane in natural daylight,42,4,apple laptop
585,a detailed photo of the emirates airplane at night with city lights,42,4,apple laptop
586,a detailed photo of the emirates airplane in motion,42,4,apple laptop
587,a vibrant photo of the emirates airplane at airport gate,42,4,apple laptop
588,a realistic photo of the emirates airplane in natural daylight,42,4,apple laptop
589,a vibrant photo of the emirates airplane at airport gate,42,4,apple laptop
590,a detailed photo of the emirates airplane with blurred background,42,4,apple laptop
591,a minimalist photo of the emirates airplane with blurred background,42,4,apple laptop
592,a cinematic photo of the emirates airplane under bright sunlight,42,4,apple laptop
593,a realistic photo of the emirates airplane on street during daytime,42,4,apple laptop
594,a realistic photo of the emirates airplane at night with city lights,42,4,apple laptop
595,a vibrant photo of the emirates airplane on a white background,42,4,apple laptop
596,a realistic photo of the emirates airplane in a studio setting,42,4,apple laptop
597,a detailed photo of the emirates airplane on street during daytime,42,4,apple laptop
598,a realistic photo of the emirates airplane in natural daylight,42,4,apple laptop
599,a vibrant photo of the emirates airplane in desert environment,42,4,apple laptop
600,a studio-style photo of the emirates airplane at night with city lights,42,4,apple laptop
601,a soft-lit photo of the emirates airplane at airport gate,42,4,apple laptop
602,a professional photo of the emirates airplane under bright sunlight,42,4,apple laptop
603,a detailed photo of the emirates airplane in a studio setting,42,4,apple laptop
604,a high-quality photo of the emirates airplane at airport gate,42,4,apple laptop
605,a vibrant photo of the emirates airplane with reflection on surface,42,4,apple laptop
606,a realistic photo of the emirates airplane at airport gate,42,4,apple laptop
607,a vibrant photo of the emirates airplane on street during daytime,42,4,apple laptop
608,a high-quality photo of the emirates airplane in a studio setting,42,4,apple laptop
609,a vibrant photo of the emirates airplane next to modern building,42,4,apple laptop
610,a professional photo of the emirates airplane with blurred background,42,4,apple laptop
611,a modern photo of the emirates airplane with blurred background,42,4,apple laptop
612,a soft-lit photo of the emirates airplane under bright sunlight,42,4,apple laptop
613,a high-quality photo of the emirates airplane on street during daytime,42,4,apple laptop
614,a vibrant photo of the emirates airplane at night with city lights,42,4,apple laptop
615,a detailed photo of the emirates airplane under bright sunlight,42,4,apple laptop
616,a realistic photo of the emirates airplane at airport gate,42,4,apple laptop
617,a studio-style photo of the emirates airplane in a studio setting,42,4,apple laptop
618,a vibrant photo of the emirates airplane under bright sunlight,42,4,apple laptop
619,a cinematic photo of the emirates airplane on display in store,42,4,apple laptop
620,a detailed photo of the emirates airplane under bright sunlight,42,4,apple laptop
621,a detailed photo of the emirates airplane in motion,42,4,apple laptop
622,a detailed photo of the emirates airplane on street during daytime,42,4,apple laptop
623,a studio-style photo of the emirates airplane in a studio setting,42,4,apple laptop
624,a soft-lit photo of the emirates airplane on a white background,42,4,apple laptop
625,a realistic photo of the emirates airplane on a white background,42,4,apple laptop
626,a detailed photo of the emirates airplane with blurred background,42,4,apple laptop
627,a realistic photo of the emirates airplane in motion,42,4,apple laptop
628,a minimalist photo of the emirates airplane at airport gate,42,4,apple laptop
629,a vibrant photo of the emirates airplane in a restaurant interior,42,4,apple laptop
630,a modern photo of the emirates airplane in natural daylight,42,4,apple laptop
631,a soft-lit photo of the emirates airplane on runway,42,4,apple laptop
632,a studio-style photo of the emirates airplane at airport gate,42,4,apple laptop
633,a studio-style photo of the emirates airplane in desert environment,42,4,apple laptop
634,a high-quality photo of the emirates airplane on street during daytime,42,4,apple laptop
635,a high-quality photo of the emirates airplane in natural daylight,42,4,apple laptop
636,a realistic photo of the emirates airplane under bright sunlight,42,4,apple laptop
637,a cinematic photo of the emirates airplane in natural daylight,42,4,apple laptop
638,a professional photo of the emirates airplane under bright sunlight,42,4,apple laptop
639,a vibrant photo of the emirates airplane on street during daytime,42,4,apple laptop
640,a professional photo of the singapore airlines airplane under bright sunlight,42,4,apple laptop
641,a cinematic photo of the singapore airlines airplane in motion,42,4,apple laptop
642,a soft-lit photo of the singapore airlines airplane at night with city lights,42,4,apple laptop
643,a cinematic photo of the singapore airlines airplane on display in store,42,4,apple laptop
644,a modern photo of the singapore airlines airplane next to modern building,42,4,apple laptop
645,a modern photo of the singapore airlines airplane on street during daytime,42,4,apple laptop
646,a professional photo of the singapore airlines airplane on a white background,42,4,apple laptop
647,a soft-lit photo of the singapore airlines airplane with blurred background,42,4,apple laptop
648,a detailed photo of the singapore airlines airplane on runway,42,4,apple laptop
649,a high-quality photo of the singapore airlines airplane under bright sunlight,42,4,apple laptop
650,a modern photo of the singapore airlines airplane in motion,42,4,apple laptop
651,a professional photo of the singapore airlines airplane in natural daylight,42,4,apple laptop
652,a detailed photo of the singapore airlines airplane with blurred background,42,4,apple laptop
653,a realistic photo of the singapore airlines airplane on a white background,42,4,apple laptop
654,a high-quality photo of the singapore airlines airplane on runway,42,4,apple laptop
655,a professional photo of the singapore airlines airplane on display in store,42,4,apple laptop
656,a detailed photo of the singapore airlines airplane in a studio setting,42,4,apple laptop
657,a cinematic photo of the singapore airlines airplane on runway,42,4,apple laptop
658,a high-quality photo of the singapore airlines airplane on display in store,42,4,apple laptop
659,a professional photo of the singapore airlines airplane at night with city lights,42,4,apple laptop
660,a cinematic photo of the singapore airlines airplane on runway,42,4,apple laptop
661,a realistic photo of the singapore airlines airplane in natural daylight,42,4,apple laptop
662,a vibrant photo of the singapore airlines airplane in desert environment,42,4,apple laptop
663,a realistic photo of the singapore airlines airplane next to modern building,42,4,apple laptop
664,a modern photo of the singapore airlines airplane next to modern building,42,4,apple laptop
665,a professional photo of the singapore airlines airplane on display in store,42,4,apple laptop
666,a minimalist photo of the singapore airlines airplane on display in store,42,4,apple laptop
667,a modern photo of the singapore airlines airplane at night with city lights,42,4,apple laptop
668,a studio-style photo of the singapore airlines airplane in natural daylight,42,4,apple laptop
669,a modern photo of the singapore airlines airplane on street during daytime,42,4,apple laptop
670,a vibrant photo of the singapore airlines airplane under bright sunlight,42,4,apple laptop
671,a realistic photo of the singapore airlines airplane in motion,42,4,apple laptop
672,a high-quality photo of the singapore airlines airplane under bright sunlight,42,4,apple laptop
673,a minimalist photo of the singapore airlines airplane next to modern building,42,4,apple laptop
674,a professional photo of the singapore airlines airplane at airport gate,42,4,apple laptop
675,a modern photo of the singapore airlines airplane at airport gate,42,4,apple laptop
676,a realistic photo of the singapore airlines airplane on a white background,42,4,apple laptop
677,a soft-lit photo of the singapore airlines airplane on display in store,42,4,apple laptop
678,a professional photo of the singapore airlines airplane with blurred background,42,4,apple laptop
679,a detailed photo of the singapore airlines airplane in motion,42,4,apple laptop
680,a professional photo of the singapore airlines airplane in desert environment,42,4,apple laptop
681,a high-quality photo of the singapore airlines airplane in desert environment,42,4,apple laptop
682,a cinematic photo of the singapore airlines airplane with blurred background,42,4,apple laptop
683,a realistic photo of the singapore airlines airplane under bright sunlight,42,4,apple laptop
684,a modern photo of the singapore airlines airplane in motion,42,4,apple laptop
685,a high-quality photo of the singapore airlines airplane with blurred background,42,4,apple laptop
686,a professional photo of the singapore airlines airplane in natural daylight,42,4,apple laptop
687,a soft-lit photo of the singapore airlines airplane at night with city lights,42,4,apple laptop
688,a modern photo of the singapore airlines airplane on street during daytime,42,4,apple laptop
689,a minimalist photo of the singapore airlines airplane on street during daytime,42,4,apple laptop
690,a studio-style photo of the singapore airlines airplane next to modern building,42,4,apple laptop
691,a modern photo of the singapore airlines airplane in motion,42,4,apple laptop
692,a high-quality photo of the singapore airlines airplane in motion,42,4,apple laptop
693,a cinematic photo of the singapore airlines airplane on street during daytime,42,4,apple laptop
694,a high-quality photo of the singapore airlines airplane next to modern building,42,4,apple laptop
695,a soft-lit photo of the singapore airlines airplane on display in store,42,4,apple laptop
696,a modern photo of the bmw car with reflection on surface,42,4,apple laptop
697,a detailed photo of the bmw car on street during daytime,42,4,apple laptop
698,a cinematic photo of the bmw car in motion,42,4,apple laptop
699,a studio-style photo of the bmw car in desert environment,42,4,apple laptop
700,a studio-style photo of the bmw car on display in store,42,4,apple laptop
701,a high-quality photo of the bmw car on runway,42,4,apple laptop
702,a professional photo of the bmw car in motion,42,4,apple laptop
703,a detailed photo of the bmw car on street during daytime,42,4,apple laptop
704,a vibrant photo of the bmw car at airport gate,42,4,apple laptop
705,a vibrant photo of the bmw car on display in store,42,4,apple laptop
706,a modern photo of the bmw car under bright sunlight,42,4,apple laptop
707,a professional photo of the bmw car in motion,42,4,apple laptop
708,a soft-lit photo of the bmw car next to modern building,42,4,apple laptop
709,a high-quality photo of the bmw car with reflection on surface,42,4,apple laptop
710,a vibrant photo of the bmw car on runway,42,4,apple laptop
711,a minimalist photo of the bmw car at airport gate,42,4,apple laptop
712,a high-quality photo of the bmw car next to modern building,42,4,apple laptop
713,a realistic photo of the bmw car in natural daylight,42,4,apple laptop
714,a high-quality photo of the bmw car in a restaurant interior,42,4,apple laptop
715,a minimalist photo of the bmw car under bright sunlight,42,4,apple laptop
716,a professional photo of the bmw car in desert environment,42,4,apple laptop
717,a professional photo of the bmw car under bright sunlight,42,4,apple laptop
718,a studio-style photo of the bmw car at night with city lights,42,4,apple laptop
719,a high-quality photo of the bmw car with reflection on surface,42,4,apple laptop
720,a studio-style photo of the bmw car in desert environment,42,4,apple laptop
721,a studio-style photo of the bmw car on display in store,42,4,apple laptop
722,a high-quality photo of the bmw car on street during daytime,42,4,apple laptop
723,a cinematic photo of the bmw car in desert environment,42,4,apple laptop
724,a cinematic photo of the bmw car on street during daytime,42,4,apple laptop
725,a detailed photo of the bmw car with blurred background,42,4,apple laptop
726,a realistic photo of the bmw car under bright sunlight,42,4,apple laptop
727,a high-quality photo of the bmw car with reflection on surface,42,4,apple laptop
728,a soft-lit photo of the bmw car on a white background,42,4,apple laptop
729,a high-quality photo of the bmw car with blurred background,42,4,apple laptop
730,a modern photo of the bmw car in desert environment,42,4,apple laptop
731,a cinematic photo of the bmw car with reflection on surface,42,4,apple laptop
732,a realistic photo of the bmw car on street during daytime,42,4,apple laptop
733,a detailed photo of the bmw car in a studio setting,42,4,apple laptop
734,a soft-lit photo of the bmw car in a restaurant interior,42,4,apple laptop
735,a detailed photo of the bmw car on street during daytime,42,4,apple laptop
736,a modern photo of the bmw car at night with city lights,42,4,apple laptop
737,a vibrant photo of the bmw car in natural daylight,42,4,apple laptop
738,a soft-lit photo of the bmw car with reflection on surface,42,4,apple laptop
739,a studio-style photo of the bmw car on street during daytime,42,4,apple laptop
740,a realistic photo of the bmw car on street during daytime,42,4,apple laptop
741,a modern photo of the bmw car under bright sunlight,42,4,apple laptop
742,a modern photo of the bmw car with reflection on surface,42,4,apple laptop
743,a detailed photo of the bmw car on display in store,42,4,apple laptop
744,a soft-lit photo of the bmw car at night with city lights,42,4,apple laptop
745,a detailed photo of the bmw car at airport gate,42,4,apple laptop
746,a detailed photo of the bmw car with reflection on surface,42,4,apple laptop
747,a minimalist photo of the bmw car on street during daytime,42,4,apple laptop
748,a realistic photo of the bmw car in desert environment,42,4,apple laptop
749,a detailed photo of the bmw car on runway,42,4,apple laptop
750,a minimalist photo of the bmw car with blurred background,42,4,apple laptop
751,a detailed photo of the mercedes car under bright sunlight,42,4,apple laptop
752,a studio-style photo of the mercedes car in desert environment,42,4,apple laptop
753,a detailed photo of the mercedes car on street during daytime,42,4,apple laptop
754,a cinematic photo of the mercedes car with blurred background,42,4,apple laptop
755,a minimalist photo of the mercedes car at night with city lights,42,4,apple laptop
756,a modern photo of the mercedes car next to modern building,42,4,apple laptop
757,a soft-lit photo of the mercedes car next to modern building,42,4,apple laptop
758,a modern photo of the mercedes car on runway,42,4,apple laptop
759,a minimalist photo of the mercedes car in desert environment,42,4,apple laptop
760,a soft-lit photo of the mercedes car at airport gate,42,4,apple laptop
761,a modern photo of the mercedes car at airport gate,42,4,apple laptop
762,a vibrant photo of the mercedes car on display in store,42,4,apple laptop
763,a cinematic photo of the mercedes car on a white background,42,4,apple laptop
764,a vibrant photo of the mercedes car in motion,42,4,apple laptop
765,a realistic photo of the mercedes car at night with city lights,42,4,apple laptop
766,a studio-style photo of the mercedes car at airport gate,42,4,apple laptop
767,a detailed photo of the mercedes car on a white background,42,4,apple laptop
768,a studio-style photo of the mercedes car on street during daytime,42,4,apple laptop
769,a soft-lit photo of the mercedes car on display in store,42,4,apple laptop
770,a professional photo of the mercedes car next to modern building,42,4,apple laptop
771,a professional photo of the mercedes car in a restaurant interior,42,4,apple laptop
772,a high-quality photo of the mercedes car on display in store,42,4,apple laptop
773,a minimalist photo of the mercedes car on runway,42,4,apple laptop
774,a detailed photo of the mercedes car next to modern building,42,4,apple laptop
775,a modern photo of the mercedes car in a studio setting,42,4,apple laptop
776,a realistic photo of the mercedes car in a restaurant interior,42,4,apple laptop
777,a realistic photo of the mercedes car with reflection on surface,42,4,apple laptop
778,a high-quality photo of the mercedes car at night with city lights,42,4,apple laptop
779,a professional photo of the mercedes car with blurred background,42,4,apple laptop
780,a detailed photo of the mercedes car in a restaurant interior,42,4,apple laptop
781,a vibrant photo of the mercedes car on display in store,42,4,apple laptop
782,a modern photo of the mercedes car in a studio setting,42,4,apple laptop
783,a soft-lit photo of the mercedes car with blurred background,42,4,apple laptop
784,a studio-style photo of the mercedes car with reflection on surface,42,4,apple laptop
785,a realistic photo of the mercedes car at airport gate,42,4,apple laptop
786,a soft-lit photo of the mercedes car at night with city lights,42,4,apple laptop
787,a professional photo of the mercedes car with reflection on surface,42,4,apple laptop
788,a realistic photo of the mercedes car in desert environment,42,4,apple laptop
789,a studio-style photo of the mercedes car in a restaurant interior,42,4,apple laptop
790,a realistic photo of the mercedes car at airport gate,42,4,apple laptop
791,a professional photo of the mercedes car in a restaurant interior,42,4,apple laptop
792,a studio-style photo of the mercedes car in a restaurant interior,42,4,apple laptop
793,a modern photo of the mercedes car on runway,42,4,apple laptop
794,a high-quality photo of the mercedes car on display in store,42,4,apple laptop
795,a realistic photo of the mercedes car in a studio setting,42,4,apple laptop
796,a professional photo of the mercedes car on street during daytime,42,4,apple laptop
797,a soft-lit photo of the mercedes car on runway,42,4,apple laptop
798,a modern photo of the mercedes car on street during daytime,42,4,apple laptop
799,a modern photo of the mercedes car in desert environment,42,4,apple laptop
800,a vibrant photo of the mercedes car under bright sunlight,42,4,apple laptop
801,a high-quality photo of the mercedes car in natural daylight,42,4,apple laptop
802,a vibrant photo of the mercedes car at night with city lights,42,4,apple laptop
803,a vibrant photo of the mercedes car on display in store,42,4,apple laptop
804,a detailed photo of the mercedes car at airport gate,42,4,apple laptop
805,a cinematic photo of the mercedes car with blurred background,42,4,apple laptop
806,a minimalist photo of the mercedes car at night with city lights,42,4,apple laptop
807,a vibrant photo of the audi car in motion,42,4,apple laptop
808,a vibrant photo of the audi car in motion,42,4,apple laptop
809,a high-quality photo of the audi car in desert environment,42,4,apple laptop
810,a modern photo of the audi car on runway,42,4,apple laptop
811,a cinematic photo of the audi car under bright sunlight,42,4,apple laptop
812,a soft-lit photo of the audi car in a studio setting,42,4,apple laptop
813,a vibrant photo of the audi car on display in store,42,4,apple laptop
814,a professional photo of the audi car on display in store,42,4,apple laptop
815,a studio-style photo of the audi car with reflection on surface,42,4,apple laptop
816,a cinematic photo of the audi car next to modern building,42,4,apple laptop
817,a vibrant photo of the audi car on street during daytime,42,4,apple laptop
818,a modern photo of the audi car in a restaurant interior,42,4,apple laptop
819,a cinematic photo of the audi car in a studio setting,42,4,apple laptop
820,a realistic photo of the audi car next to modern building,42,4,apple laptop
821,a cinematic photo of the audi car under bright sunlight,42,4,apple laptop
822,a soft-lit photo of the audi car in a studio setting,42,4,apple laptop
823,a detailed photo of the audi car in a restaurant interior,42,4,apple laptop
824,a studio-style photo of the audi car in natural daylight,42,4,apple laptop
825,a studio-style photo of the audi car on a white background,42,4,apple laptop
826,a minimalist photo of the audi car on street during daytime,42,4,apple laptop
827,a realistic photo of the audi car in desert environment,42,4,apple laptop
828,a minimalist photo of the audi car with blurred background,42,4,apple laptop
829,a vibrant photo of the audi car at airport gate,42,4,apple laptop
830,a realistic photo of the audi car in a studio setting,42,4,apple laptop
831,a detailed photo of the audi car with blurred background,42,4,apple laptop
832,a detailed photo of the audi car in natural daylight,42,4,apple laptop
833,a vibrant photo of the audi car next to modern building,42,4,apple laptop
834,a vibrant photo of the audi car in a studio setting,42,4,apple laptop
835,a studio-style photo of the audi car in natural daylight,42,4,apple laptop
836,a modern photo of the audi car in a restaurant interior,42,4,apple laptop
837,a professional photo of the audi car on runway,42,4,apple laptop
838,a cinematic photo of the audi car with blurred background,42,4,apple laptop
839,a vibrant photo of the audi car under bright sunlight,42,4,apple laptop
840,a cinematic photo of the audi car in a restaurant interior,42,4,apple laptop
841,a modern photo of the audi car on street during daytime,42,4,apple laptop
842,a studio-style photo of the audi car at night with city lights,42,4,apple laptop
843,a soft-lit photo of the audi car on runway,42,4,apple laptop
844,a modern photo of the audi car on runway,42,4,apple laptop
845,a cinematic photo of the audi car with blurred background,42,4,apple laptop
846,a detailed photo of the audi car on display in store,42,4,apple laptop
847,a vibrant photo of the audi car in a restaurant interior,42,4,apple laptop
848,a cinematic photo of the audi car on a white background,42,4,apple laptop
849,a professional photo of the audi car on a white background,42,4,apple laptop
850,a studio-style photo of the audi car at night with city lights,42,4,apple laptop
851,a cinematic photo of the audi car in a restaurant interior,42,4,apple laptop
852,a high-quality photo of the audi car on street during daytime,42,4,apple laptop
853,a professional photo of the audi car at airport gate,42,4,apple laptop
854,a minimalist photo of the audi car in a studio setting,42,4,apple laptop
855,a realistic photo of the audi car on display in store,42,4,apple laptop
856,a modern photo of the audi car at airport gate,42,4,apple laptop
857,a vibrant photo of the audi car in natural daylight,42,4,apple laptop
858,a high-quality photo of the audi car on runway,42,4,apple laptop
859,a soft-lit photo of the audi car on a white background,42,4,apple laptop
860,a modern photo of the audi car on runway,42,4,apple laptop
861,a professional photo of the nike t-shirt on street during daytime,42,4,apple laptop
862,a soft-lit photo of the nike t-shirt on a white background,42,4,apple laptop
863,a professional photo of the nike shoe at night with city lights,42,4,apple laptop
864,a modern photo of the nike shoe in natural daylight,42,4,apple laptop
865,a detailed photo of the nike shoe in a restaurant interior,42,4,apple laptop
866,a cinematic photo of the nike shoe on a white background,42,4,apple laptop
867,a professional photo of the nike shoe on runway,42,4,apple laptop
868,a minimalist photo of the nike t-shirt in desert environment,42,4,apple laptop
869,a high-quality photo of the nike t-shirt in desert environment,42,4,apple laptop
870,a cinematic photo of the nike shoe at airport gate,42,4,apple laptop
871,a vibrant photo of the nike shoe with blurred background,42,4,apple laptop
872,a minimalist photo of the nike t-shirt in natural daylight,42,4,apple laptop
873,a vibrant photo of the nike shoe at night with city lights,42,4,apple laptop
874,a minimalist photo of the nike t-shirt on a white background,42,4,apple laptop
875,a high-quality photo of the nike shoe in motion,42,4,apple laptop
876,a professional photo of the nike shoe in motion,42,4,apple laptop
877,a professional photo of the nike shoe with blurred background,42,4,apple laptop
878,a detailed photo of the nike t-shirt in motion,42,4,apple laptop
879,a realistic photo of the nike shoe on display in store,42,4,apple laptop
880,a professional photo of the nike t-shirt in motion,42,4,apple laptop
881,a realistic photo of the nike t-shirt on street during daytime,42,4,apple laptop
882,a professional photo of the nike t-shirt with reflection on surface,42,4,apple laptop
883,a realistic photo of the nike shoe on a white background,42,4,apple laptop
884,a soft-lit photo of the nike shoe next to modern building,42,4,apple laptop
885,a vibrant photo of the nike t-shirt on runway,42,4,apple laptop
886,a vibrant photo of the nike t-shirt in a studio setting,42,4,apple laptop
887,a minimalist photo of the nike shoe under bright sunlight,42,4,apple laptop
888,a modern photo of the nike t-shirt under bright sunlight,42,4,apple laptop
889,a realistic photo of the nike t-shirt on runway,42,4,apple laptop
890,a modern photo of the nike shoe in desert environment,42,4,apple laptop
891,a studio-style photo of the nike shoe with blurred background,42,4,apple laptop
892,a studio-style photo of the nike t-shirt on street during daytime,42,4,apple laptop
893,a modern photo of the nike shoe with blurred background,42,4,apple laptop
894,a soft-lit photo of the nike shoe in motion,42,4,apple laptop
895,a detailed photo of the nike shoe at airport gate,42,4,apple laptop
896,a professional photo of the nike t-shirt on street during daytime,42,4,apple laptop
897,a realistic photo of the nike t-shirt on street during daytime,42,4,apple laptop
898,a detailed photo of the nike t-shirt with blurred background,42,4,apple laptop
899,a high-quality photo of the nike shoe with reflection on surface,42,4,apple laptop
900,a studio-style photo of the nike t-shirt with reflection on surface,42,4,apple laptop
901,a vibrant photo of the nike t-shirt next to modern building,42,4,apple laptop
902,a professional photo of the nike t-shirt on street during daytime,42,4,apple laptop
903,a vibrant photo of the nike t-shirt under bright sunlight,42,4,apple laptop
904,a detailed photo of the nike t-shirt on street during daytime,42,4,apple laptop
905,a realistic photo of the nike t-shirt on display in store,42,4,apple laptop
906,a cinematic photo of the nike t-shirt with blurred background,42,4,apple laptop
907,a realistic photo of the nike t-shirt next to modern building,42,4,apple laptop
908,a studio-style photo of the nike shoe in desert environment,42,4,apple laptop
909,a cinematic photo of the nike shoe with blurred background,42,4,apple laptop
910,a modern photo of the nike t-shirt under bright sunlight,42,4,apple laptop
911,a professional photo of the nike shoe at night with city lights,42,4,apple laptop
912,a detailed photo of the nike t-shirt on display in store,42,4,apple laptop
913,a realistic photo of the nike t-shirt at airport gate,42,4,apple laptop
914,a modern photo of the nike t-shirt at night with city lights,42,4,apple laptop
915,a studio-style photo of the nike shoe on runway,42,4,apple laptop
916,a minimalist photo of the nike shoe at airport gate,42,4,apple laptop
917,a realistic photo of the nike t-shirt on runway,42,4,apple laptop
918,a modern photo of the nike t-shirt with blurred background,42,4,apple laptop
919,a professional photo of the nike shoe next to modern building,42,4,apple laptop
920,a high-quality photo of the nike shoe on display in store,42,4,apple laptop
921,a cinematic photo of the nike shoe in natural daylight,42,4,apple laptop
922,a detailed photo of the nike t-shirt in desert environment,42,4,apple laptop
923,a modern photo of the nike t-shirt on runway,42,4,apple laptop
924,a realistic photo of the adidas t-shirt with blurred background,42,4,apple laptop
925,a studio-style photo of the adidas t-shirt in a studio setting,42,4,apple laptop
926,a soft-lit photo of the adidas t-shirt with blurred background,42,4,apple laptop
927,a minimalist photo of the adidas t-shirt at night with city lights,42,4,apple laptop
928,a cinematic photo of the adidas t-shirt on display in store,42,4,apple laptop
929,a modern photo of the adidas t-shirt in natural daylight,42,4,apple laptop
930,a realistic photo of the adidas t-shirt on street during daytime,42,4,apple laptop
931,a modern photo of the adidas t-shirt in natural daylight,42,4,apple laptop
932,a detailed photo of the adidas t-shirt in motion,42,4,apple laptop
933,a vibrant photo of the adidas t-shirt on display in store,42,4,apple laptop
934,a vibrant photo of the adidas t-shirt at night with city lights,42,4,apple laptop
935,a soft-lit photo of the adidas t-shirt on street during daytime,42,4,apple laptop
936,a high-quality photo of the adidas t-shirt in a restaurant interior,42,4,apple laptop
937,a high-quality photo of the adidas shoe on runway,42,4,apple laptop
938,a professional photo of the adidas t-shirt in a restaurant interior,42,4,apple laptop
939,a realistic photo of the adidas t-shirt in desert environment,42,4,apple laptop
940,a modern photo of the adidas shoe with reflection on surface,42,4,apple laptop
941,a cinematic photo of the adidas t-shirt under bright sunlight,42,4,apple laptop
942,a vibrant photo of the adidas t-shirt in motion,42,4,apple laptop
943,a minimalist photo of the adidas t-shirt with reflection on surface,42,4,apple laptop
944,a detailed photo of the adidas shoe in motion,42,4,apple laptop
945,a modern photo of the adidas t-shirt in a restaurant interior,42,4,apple laptop
946,a detailed photo of the adidas t-shirt in desert environment,42,4,apple laptop
947,a high-quality photo of the adidas shoe with reflection on surface,42,4,apple laptop
948,a soft-lit photo of the adidas t-shirt in a studio setting,42,4,apple laptop
949,a modern photo of the adidas t-shirt on a white background,42,4,apple laptop
950,a professional photo of the adidas t-shirt at night with city lights,42,4,apple laptop
951,a professional photo of the adidas t-shirt on a white background,42,4,apple laptop
952,a detailed photo of the adidas t-shirt at night with city lights,42,4,apple laptop
953,a high-quality photo of the adidas shoe under bright sunlight,42,4,apple laptop
954,a minimalist photo of the adidas t-shirt in desert environment,42,4,apple laptop
955,a minimalist photo of the adidas t-shirt on runway,42,4,apple laptop
956,a cinematic photo of the adidas t-shirt in motion,42,4,apple laptop
957,a minimalist photo of the adidas t-shirt in desert environment,42,4,apple laptop
958,a detailed photo of the adidas t-shirt under bright sunlight,42,4,apple laptop
959,a realistic photo of the adidas t-shirt in desert environment,42,4,apple laptop
960,a minimalist photo of the adidas t-shirt in motion,42,4,apple laptop
961,a detailed photo of the adidas t-shirt on street during daytime,42,4,apple laptop
962,a studio-style photo of the adidas shoe in a restaurant interior,42,4,apple laptop
963,a realistic photo of the adidas t-shirt with reflection on surface,42,4,apple laptop
964,a detailed photo of the adidas t-shirt with blurred background,42,4,apple laptop
965,a professional photo of the adidas t-shirt in a restaurant interior,42,4,apple laptop
966,a vibrant photo of the adidas t-shirt in motion,42,4,apple laptop
967,a professional photo of the adidas t-shirt in desert environment,42,4,apple laptop
968,a professional photo of the adidas shoe on display in store,42,4,apple laptop
969,a high-quality photo of the adidas shoe in desert environment,42,4,apple laptop
970,a vibrant photo of the adidas t-shirt in natural daylight,42,4,apple laptop
971,a realistic photo of the adidas t-shirt with blurred background,42,4,apple laptop
972,a professional photo of the adidas t-shirt with reflection on surface,42,4,apple laptop
973,a cinematic photo of the adidas shoe under bright sunlight,42,4,apple laptop
974,a realistic photo of the adidas t-shirt on display in store,42,4,apple laptop
975,a soft-lit photo of the adidas t-shirt in a restaurant interior,42,4,apple laptop
976,a modern photo of the adidas t-shirt under bright sunlight,42,4,apple laptop
977,a studio-style photo of the adidas t-shirt in motion,42,4,apple laptop
978,a soft-lit photo of the puma t-shirt at night with city lights,42,4,apple laptop
979,a modern photo of the puma t-shirt in natural daylight,42,4,apple laptop
980,a modern photo of the puma t-shirt next to modern building,42,4,apple laptop
981,a detailed photo of the puma t-shirt on street during daytime,42,4,apple laptop
982,a realistic photo of the puma t-shirt next to modern building,42,4,apple laptop
983,a cinematic photo of the puma shoe on display in store,42,4,apple laptop
984,a soft-lit photo of the puma t-shirt on street during daytime,42,4,apple laptop
985,a professional photo of the puma t-shirt in natural daylight,42,4,apple laptop
986,a vibrant photo of the puma t-shirt in a restaurant interior,42,4,apple laptop
987,a vibrant photo of the puma t-shirt in a studio setting,42,4,apple laptop
988,a modern photo of the puma t-shirt in a studio setting,42,4,apple laptop
989,a high-quality photo of the puma t-shirt on a white background,42,4,apple laptop
990,a soft-lit photo of the puma shoe with reflection on surface,42,4,apple laptop
991,a high-quality photo of the puma t-shirt next to modern building,42,4,apple laptop
992,a studio-style photo of the puma t-shirt under bright sunlight,42,4,apple laptop
993,a professional photo of the puma t-shirt at airport gate,42,4,apple laptop
994,a realistic photo of the puma t-shirt at night with city lights,42,4,apple laptop
995,a modern photo of the puma t-shirt on a white background,42,4,apple laptop
996,a detailed photo of the puma shoe on a white background,42,4,apple laptop
997,a modern photo of the puma t-shirt on runway,42,4,apple laptop
998,a studio-style photo of the puma t-shirt on street during daytime,42,4,apple laptop
999,a minimalist photo of the puma t-shirt on a white background,42,4,apple laptop
1000,a professional photo of the puma t-shirt next to modern building,42,4,apple laptop
1001,a modern photo of the puma t-shirt in desert environment,42,4,apple laptop
1002,a soft-lit photo of the puma shoe with blurred background,42,4,apple laptop
1003,a modern photo of the puma shoe at airport gate,42,4,apple laptop
1004,a high-quality photo of the puma t-shirt in a restaurant interior,42,4,apple laptop
1005,a vibrant photo of the puma t-shirt at airport gate,42,4,apple laptop
1006,a cinematic photo of the puma t-shirt in motion,42,4,apple laptop
1007,a modern photo of the puma t-shirt under bright sunlight,42,4,apple laptop
1008,a vibrant photo of the puma shoe in motion,42,4,apple laptop
1009,a soft-lit photo of the puma shoe in desert environment,42,4,apple laptop
1010,a realistic photo of the puma shoe on display in store,42,4,apple laptop
1011,a high-quality photo of the puma t-shirt with blurred background,42,4,apple laptop
1012,a high-quality photo of the puma t-shirt on a white background,42,4,apple laptop
1013,a minimalist photo of the puma t-shirt next to modern building,42,4,apple laptop
1014,a vibrant photo of the puma t-shirt in natural daylight,42,4,apple laptop
1015,a high-quality photo of the puma t-shirt in motion,42,4,apple laptop
1016,a detailed photo of the puma t-shirt next to modern building,42,4,apple laptop
1017,a minimalist photo of the puma t-shirt in natural daylight,42,4,apple laptop
1018,a soft-lit photo of the puma t-shirt with blurred background,42,4,apple laptop
1019,a realistic photo of the puma t-shirt under bright sunlight,42,4,apple laptop
1020,a soft-lit photo of the puma t-shirt with blurred background,42,4,apple laptop
1021,a detailed photo of the puma t-shirt under bright sunlight,42,4,apple laptop
1022,a soft-lit photo of the puma t-shirt on display in store,42,4,apple laptop
1023,a cinematic photo of the puma t-shirt at night with city lights,42,4,apple laptop
1024,a detailed photo of the puma shoe under bright sunlight,42,4,apple laptop
1025,a cinematic photo of the puma t-shirt on runway,42,4,apple laptop
1026,a professional photo of the puma t-shirt in a studio setting,42,4,apple laptop
1027,a vibrant photo of the coca-cola bottle at night with city lights,42,4,apple laptop
1028,a vibrant photo of the coca-cola bottle next to modern building,42,4,apple laptop
1029,a vibrant photo of the coca-cola bottle on street during daytime,42,4,apple laptop
1030,a studio-style photo of the coca-cola bottle under bright sunlight,42,4,apple laptop
1031,a soft-lit photo of the coca-cola bottle on runway,42,4,apple laptop
1032,a high-quality photo of the coca-cola bottle in motion,42,4,apple laptop
1033,a realistic photo of the coca-cola bottle on display in store,42,4,apple laptop
1034,a detailed photo of the coca-cola bottle at night with city lights,42,4,apple laptop
1035,a professional photo of the coca-cola bottle under bright sunlight,42,4,apple laptop
1036,a vibrant photo of the coca-cola bottle next to modern building,42,4,apple laptop
1037,a high-quality photo of the coca-cola bottle on street during daytime,42,4,apple laptop
1038,a minimalist photo of the coca-cola bottle in natural daylight,42,4,apple laptop
1039,a studio-style photo of the coca-cola bottle at airport gate,42,4,apple laptop
1040,a realistic photo of the coca-cola bottle at night with city lights,42,4,apple laptop
1041,a high-quality photo of the coca-cola bottle on runway,42,4,apple laptop
1042,a minimalist photo of the coca-cola bottle on a white background,42,4,apple laptop
1043,a vibrant photo of the coca-cola bottle with blurred background,42,4,apple laptop
1044,a high-quality photo of the coca-cola bottle in natural daylight,42,4,apple laptop
1045,a studio-style photo of the coca-cola bottle on runway,42,4,apple laptop
1046,a modern photo of the coca-cola bottle in motion,42,4,apple laptop
1047,a cinematic photo of the coca-cola bottle on display in store,42,4,apple laptop
1048,a studio-style photo of the coca-cola bottle next to modern building,42,4,apple laptop
1049,a soft-lit photo of the coca-cola bottle in natural daylight,42,4,apple laptop
1050,a modern photo of the coca-cola bottle in desert environment,42,4,apple laptop
1051,a soft-lit photo of the coca-cola bottle with blurred background,42,4,apple laptop
1052,a detailed photo of the coca-cola bottle in a restaurant interior,42,4,apple laptop
1053,a vibrant photo of the coca-cola bottle in motion,42,4,apple laptop
1054,a high-quality photo of the coca-cola bottle on street during daytime,42,4,apple laptop
1055,a modern photo of the coca-cola bottle with blurred background,42,4,apple laptop
1056,a soft-lit photo of the coca-cola bottle at night with city lights,42,4,apple laptop
1057,a detailed photo of the coca-cola bottle on display in store,42,4,apple laptop
1058,a detailed photo of the coca-cola bottle in motion,42,4,apple laptop
1059,a studio-style photo of the coca-cola bottle at night with city lights,42,4,apple laptop
1060,a studio-style photo of the coca-cola bottle at airport gate,42,4,apple laptop
1061,a studio-style photo of the coca-cola bottle in a studio setting,42,4,apple laptop
1062,a soft-lit photo of the coca-cola bottle on street during daytime,42,4,apple laptop
1063,a minimalist photo of the coca-cola bottle at airport gate,42,4,apple laptop
1064,a cinematic photo of the coca-cola bottle on street during daytime,42,4,apple laptop
1065,a cinematic photo of the coca-cola bottle under bright sunlight,42,4,apple laptop
1066,a high-quality photo of the coca-cola bottle next to modern building,42,4,apple laptop
1067,a modern photo of the coca-cola bottle at airport gate,42,4,apple laptop
1068,a realistic photo of the coca-cola bottle in motion,42,4,apple laptop
1069,a cinematic photo of the coca-cola bottle with blurred background,42,4,apple laptop
1070,a detailed photo of the coca-cola bottle in desert environment,42,4,apple laptop
1071,a cinematic photo of the coca-cola bottle in desert environment,42,4,apple laptop
1072,a professional photo of the coca-cola bottle at airport gate,42,4,apple laptop
1073,a cinematic photo of the coca-cola bottle with blurred background,42,4,apple laptop
1074,a realistic photo of the coca-cola bottle on street during daytime,42,4,apple laptop
1075,a studio-style photo of the coca-cola bottle in desert environment,42,4,apple laptop
1076,a detailed photo of the coca-cola bottle in desert environment,42,4,apple laptop
1077,a minimalist photo of the coca-cola bottle in a studio setting,42,4,apple laptop
1078,a professional photo of the coca-cola bottle on display in store,42,4,apple laptop
1079,a vibrant photo of the coca-cola bottle in motion,42,4,apple laptop
1080,a modern photo of the coca-cola bottle with blurred background,42,4,apple laptop
1081,a vibrant photo of the coca-cola bottle on street during daytime,42,4,apple laptop
1082,a detailed photo of the coca-cola bottle at night with city lights,42,4,apple laptop
1083,a studio-style photo of the mcdonalds restaurant with reflection on surface,42,4,apple laptop
1084,a minimalist photo of the mcdonalds restaurant on street during daytime,42,4,apple laptop
1085,a modern photo of the mcdonalds restaurant on display in store,42,4,apple laptop
1086,a vibrant photo of the mcdonalds restaurant in a restaurant interior,42,4,apple laptop
1087,a minimalist photo of the mcdonalds restaurant on display in store,42,4,apple laptop
1088,a vibrant photo of the mcdonalds restaurant with reflection on surface,42,4,apple laptop
1089,a minimalist photo of the mcdonalds restaurant with reflection on surface,42,4,apple laptop
1090,a detailed photo of the mcdonalds restaurant in a restaurant interior,42,4,apple laptop
1091,a high-quality photo of the mcdonalds restaurant in a studio setting,42,4,apple laptop
1092,a high-quality photo of the mcdonalds restaurant on display in store,42,4,apple laptop
1093,a soft-lit photo of the mcdonalds restaurant in motion,42,4,apple laptop
1094,a cinematic photo of the mcdonalds restaurant next to modern building,42,4,apple laptop
1095,a realistic photo of the mcdonalds restaurant under bright sunlight,42,4,apple laptop
1096,a professional photo of the mcdonalds restaurant on street during daytime,42,4,apple laptop
1097,a soft-lit photo of the mcdonalds restaurant under bright sunlight,42,4,apple laptop
1098,a vibrant photo of the mcdonalds burger at night with city lights,42,4,apple laptop
1099,a cinematic photo of the mcdonalds restaurant in natural daylight,42,4,apple laptop
1100,a minimalist photo of the mcdonalds restaurant next to modern building,42,4,apple laptop
1101,a minimalist photo of the mcdonalds restaurant with blurred background,42,4,apple laptop
1102,a high-quality photo of the mcdonalds restaurant at night with city lights,42,4,apple laptop
1103,a cinematic photo of the mcdonalds restaurant on street during daytime,42,4,apple laptop
1104,a professional photo of the mcdonalds restaurant on a white background,42,4,apple laptop
1105,a modern photo of the mcdonalds restaurant on runway,42,4,apple laptop
1106,a studio-style photo of the mcdonalds restaurant in a studio setting,42,4,apple laptop
1107,a studio-style photo of the mcdonalds restaurant in motion,42,4,apple laptop
1108,a realistic photo of the mcdonalds restaurant on a white background,42,4,apple laptop
1109,a detailed photo of the mcdonalds restaurant on display in store,42,4,apple laptop
1110,a soft-lit photo of the mcdonalds restaurant next to modern building,42,4,apple laptop
1111,a studio-style photo of the mcdonalds burger on runway,42,4,apple laptop
1112,a professional photo of the mcdonalds restaurant in motion,42,4,apple laptop
1113,a soft-lit photo of the mcdonalds restaurant under bright sunlight,42,4,apple laptop
1114,a modern photo of the mcdonalds restaurant in desert environment,42,4,apple laptop
1115,a vibrant photo of the mcdonalds burger under bright sunlight,42,4,apple laptop
1116,a studio-style photo of the mcdonalds burger at airport gate,42,4,apple laptop
1117,a vibrant photo of the mcdonalds burger in natural daylight,42,4,apple laptop
1118,a cinematic photo of the mcdonalds restaurant in natural daylight,42,4,apple laptop
1119,a minimalist photo of the mcdonalds restaurant in natural daylight,42,4,apple laptop
1120,a studio-style photo of the mcdonalds restaurant next to modern building,42,4,apple laptop
1121,a cinematic photo of the mcdonalds restaurant with blurred background,42,4,apple laptop
1122,a realistic photo of the mcdonalds restaurant at night with city lights,42,4,apple laptop
1123,a modern photo of the mcdonalds burger at night with city lights,42,4,apple laptop
1124,a cinematic photo of the mcdonalds restaurant with reflection on surface,42,4,apple laptop
1125,a minimalist photo of the mcdonalds restaurant in a studio setting,42,4,apple laptop
1126,a high-quality photo of the mcdonalds restaurant next to modern building,42,4,apple laptop
1127,a modern photo of the mcdonalds restaurant at airport gate,42,4,apple laptop
1128,a modern photo of the mcdonalds restaurant with blurred background,42,4,apple laptop
1129,a soft-lit photo of the mcdonalds restaurant in a studio setting,42,4,apple laptop
1130,a minimalist photo of the mcdonalds restaurant under bright sunlight,42,4,apple laptop
1131,a studio-style photo of the mcdonalds restaurant on display in store,42,4,apple laptop
1132,a detailed photo of the mcdonalds restaurant in motion,42,4,apple laptop
1133,a cinematic photo of the mcdonalds restaurant on street during daytime,42,4,apple laptop
1134,a soft-lit photo of the mcdonalds restaurant in a studio setting,42,4,apple laptop
1135,a detailed photo of the mcdonalds restaurant at night with city lights,42,4,apple laptop
1136,a minimalist photo of the monster energy drink at night with city lights,42,4,apple laptop
1137,a vibrant photo of the monster energy drink on a white background,42,4,apple laptop
1138,a minimalist photo of the monster can in motion,42,4,apple laptop
1139,a detailed photo of the monster can on display in store,42,4,apple laptop
1140,a professional photo of the monster can in a studio setting,42,4,apple laptop
1141,a minimalist photo of the monster can on runway,42,4,apple laptop
1142,a modern photo of the monster energy drink at night with city lights,42,4,apple laptop
1143,a high-quality photo of the monster can on street during daytime,42,4,apple laptop
1144,a minimalist photo of the monster can at airport gate,42,4,apple laptop
1145,a high-quality photo of the monster can in a studio setting,42,4,apple laptop
1146,a cinematic photo of the monster can in a restaurant interior,42,4,apple laptop
1147,a soft-lit photo of the monster can in natural daylight,42,4,apple laptop
1148,a cinematic photo of the monster can in motion,42,4,apple laptop
1149,a detailed photo of the monster can on a white background,42,4,apple laptop
1150,a minimalist photo of the monster energy drink under bright sunlight,42,4,apple laptop
1151,a realistic photo of the monster energy drink at airport gate,42,4,apple laptop
1152,a soft-lit photo of the monster energy drink in a restaurant interior,42,4,apple laptop
1153,a studio-style photo of the monster can in natural daylight,42,4,apple laptop
1154,a studio-style photo of the monster can on runway,42,4,apple laptop
1155,a modern photo of the monster can under bright sunlight,42,4,apple laptop
1156,a high-quality photo of the monster can with blurred background,42,4,apple laptop
1157,a modern photo of the monster can in motion,42,4,apple laptop
1158,a modern photo of the monster energy drink in a studio setting,42,4,apple laptop
1159,a studio-style photo of the monster can on runway,42,4,apple laptop
1160,a soft-lit photo of the monster can with blurred background,42,4,apple laptop
1161,a studio-style photo of the monster can in natural daylight,42,4,apple laptop
1162,a cinematic photo of the monster can on display in store,42,4,apple laptop
1163,a vibrant photo of the monster energy drink with blurred background,42,4,apple laptop
1164,a studio-style photo of the monster can in desert environment,42,4,apple laptop
1165,a modern photo of the monster can in motion,42,4,apple laptop
1166,a minimalist photo of the monster can at airport gate,42,4,apple laptop
1167,a studio-style photo of the monster energy drink with blurred background,42,4,apple laptop
1168,a modern photo of the monster energy drink on display in store,42,4,apple laptop
1169,a minimalist photo of the monster energy drink with blurred background,42,4,apple laptop
1170,a high-quality photo of the monster energy drink on runway,42,4,apple laptop
1171,a studio-style photo of the monster can on runway,42,4,apple laptop
1172,a realistic photo of the monster energy drink next to modern building,42,4,apple laptop
1173,a professional photo of the monster energy drink in desert environment,42,4,apple laptop
1174,a high-quality photo of the monster can with reflection on surface,42,4,apple laptop
1175,a studio-style photo of the monster can on runway,42,4,apple laptop
1176,a studio-style photo of the monster can on runway,42,4,apple laptop
1177,a detailed photo of the monster can on a white background,42,4,apple laptop
1178,a minimalist photo of the monster can in motion,42,4,apple laptop
1179,a high-quality photo of the monster energy drink next to modern building,42,4,apple laptop
1180,a high-quality photo of the monster energy drink with blurred background,42,4,apple laptop
1181,a professional photo of the monster can at airport gate,42,4,apple laptop
1182,a cinematic photo of the monster can on display in store,42,4,apple laptop
1183,a vibrant photo of the monster can in natural daylight,42,4,apple laptop
1184,a detailed photo of the monster can on a white background,42,4,apple laptop
1185,a modern photo of the monster can on runway,42,4,apple laptop
1186,a modern photo of the monster can with blurred background,42,4,apple laptop
1187,a realistic photo of the monster energy drink in natural daylight,42,4,apple laptop
1188,a soft-lit photo of the monster can on runway,42,4,apple laptop
1189,a minimalist photo of the monster energy drink under bright sunlight,42,4,apple laptop
1190,a soft-lit photo of the monster energy drink in a restaurant interior,42,4,apple laptop
1191,a soft-lit photo of the monster energy drink on street during daytime,42,4,apple laptop
1192,a soft-lit photo of the monster energy drink on a white background,42,4,apple laptop
1193,"A aggressive sedan featuring sport-inspired diffuser, aerodynamic silhouette, and sharply defined body lines, captured in on a racetrack under with cinematic lighting, rendered in photorealistic render.",42,4,apple laptop
1194,"A aggressive coupe featuring sport-inspired diffuser, low aggressive front end, and dynamic LED headlights, captured in in a modern studio under with studio flash reflections, rendered in photorealistic render.",42,4,apple laptop
1195,"A aggressive coupe featuring high-gloss black details, performance-oriented stance, and aerodynamic silhouette, captured in on a racetrack under during golden hour, rendered in 8k ultra-detailed shot.",42,4,apple laptop
1196,"A aggressive sedan featuring dynamic LED headlights, performance-oriented stance, and sharply defined body lines, captured in in a night city scene under during golden hour, rendered in photorealistic render.",42,4,apple laptop
1197,"A sporty sedan featuring high-gloss black details, aerodynamic silhouette, and dynamic LED headlights, captured in in a modern studio under with studio flash reflections, rendered in photorealistic render.",42,4,apple laptop
1198,"A elegant SUV featuring high-gloss black details, blue and white accents, and low aggressive front end, captured in in a modern studio under with cinematic lighting, rendered in 8k ultra-detailed shot.",42,4,apple laptop
1199,"A aggressive SUV featuring aerodynamic silhouette, performance-oriented stance, and twin-kidney front grille, captured in in a modern studio under under soft daylight, rendered in cinematic film still.",42,4,apple laptop
1200,"A sporty sedan featuring dynamic LED headlights, high-gloss black details, and performance-oriented stance, captured in in a futuristic showroom under with studio flash reflections, rendered in cinematic film still.",42,4,apple laptop
1201,"A elegant sedan featuring dynamic LED headlights, performance-oriented stance, and low aggressive front end, captured in on a racetrack under during golden hour, rendered in 8k ultra-detailed shot.",42,4,apple laptop
1202,"A elegant SUV featuring high-gloss black details, low aggressive front end, and twin-kidney front grille, captured in on a racetrack under with cinematic lighting, rendered in photorealistic render.",42,4,apple laptop
1203,"A modern roadster featuring blue and white accents, muscular wheel arches, and low aggressive front end, captured in in a modern studio under with cinematic lighting, rendered in photorealistic render.",42,4,apple laptop
1204,"A aggressive SUV featuring muscular wheel arches, high-gloss black details, and blue and white accents, captured in on a racetrack under with studio flash reflections, rendered in cinematic film still.",42,4,apple laptop
1205,"A aggressive SUV featuring dynamic LED headlights, performance-oriented stance, and sport-inspired diffuser, captured in in a night city scene under with studio flash reflections, rendered in photorealistic render.",42,4,apple laptop
1206,"A sporty coupe featuring twin-kidney front grille, high-gloss black details, and muscular wheel arches, captured in in a modern studio under under soft daylight, rendered in photorealistic render.",42,4,apple laptop
1207,"A sporty SUV featuring high-gloss black details, muscular wheel arches, and sport-inspired diffuser, captured in in a futuristic showroom under with studio flash reflections, rendered in cinematic film still.",42,4,apple laptop
1208,"A sporty sedan featuring blue and white accents, sport-inspired diffuser, and low aggressive front end, captured in on a racetrack under under soft daylight, rendered in concept car render.",42,4,apple laptop
1209,"A sporty sedan featuring dynamic LED headlights, blue and white accents, and aerodynamic silhouette, captured in in a night city scene under with studio flash reflections, rendered in 8k ultra-detailed shot.",42,4,apple laptop
1210,"A sporty sedan featuring muscular wheel arches, sport-inspired diffuser, and twin-kidney front grille, captured in on a racetrack under with studio flash reflections, rendered in 8k ultra-detailed shot.",42,4,apple laptop
1211,"A luxury sedan featuring high-gloss black details, twin-kidney front grille, and blue and white accents, captured in in a night city scene under with cinematic lighting, rendered in 8k ultra-detailed shot.",42,4,apple laptop
1212,"A luxury sedan featuring high-gloss black details, low aggressive front end, and sharply defined body lines, captured in in a night city scene under with cinematic lighting, rendered in 8k ultra-detailed shot.",42,4,apple laptop
1213,"A aggressive coupe featuring aerodynamic silhouette, performance-oriented stance, and high-gloss black details, captured in in a modern studio under with cinematic lighting, rendered in photorealistic render.",42,4,apple laptop
1214,"A sporty sedan featuring high-gloss black details, low aggressive front end, and performance-oriented stance, captured in on a racetrack under with studio flash reflections, rendered in photorealistic render.",42,4,apple laptop
1215,"A sporty SUV featuring low aggressive front end, dynamic LED headlights, and sport-inspired diffuser, captured in in a modern studio under with cinematic lighting, rendered in photorealistic render.",42,4,apple laptop
1216,"A elegant sedan featuring aerodynamic silhouette, muscular wheel arches, and twin-kidney front grille, captured in in a night city scene under with studio flash reflections, rendered in photorealistic render.",42,4,apple laptop
1217,"A modern sedan featuring sport-inspired diffuser, aerodynamic silhouette, and performance-oriented stance, captured in in a night city scene under during golden hour, rendered in photorealistic render.",42,4,apple laptop
1218,"A sporty sedan featuring high-gloss black details, sharply defined body lines, and sport-inspired diffuser, captured in on a mountain road under with cinematic lighting, rendered in cinematic film still.",42,4,apple laptop
1219,"A luxury sedan featuring sport-inspired diffuser, low aggressive front end, and sharply defined body lines, captured in in a night city scene under during golden hour, rendered in cinematic film still.",42,4,apple laptop
1220,"A aggressive SUV featuring sharply defined body lines, sport-inspired diffuser, and high-gloss black details, captured in on a racetrack under under soft daylight, rendered in 8k ultra-detailed shot.",42,4,apple laptop
1221,"A elegant sedan featuring low aggressive front end, sport-inspired diffuser, and high-gloss black details, captured in in a modern studio under with cinematic lighting, rendered in 8k ultra-detailed shot.",42,4,apple laptop
1222,"A luxury sedan featuring high-gloss black details, twin-kidney front grille, and muscular wheel arches, captured in in a modern studio under during golden hour, rendered in photorealistic render.",42,4,apple laptop
1223,"A sporty sedan featuring aerodynamic silhouette, sport-inspired diffuser, and high-gloss black details, captured in in a night city scene under with studio flash reflections, rendered in photorealistic render.",42,4,apple laptop
1224,"A elegant sedan featuring high-gloss black details, muscular wheel arches, and low aggressive front end, captured in on a racetrack under during golden hour, rendered in photorealistic render.",42,4,apple laptop
1225,"A aggressive sedan featuring sharply defined body lines, sport-inspired diffuser, and low aggressive front end, captured in on a racetrack under under soft daylight, rendered in photorealistic render.",42,4,apple laptop
1226,"A sporty SUV featuring low aggressive front end, twin-kidney front grille, and aerodynamic silhouette, captured in on a mountain road under with studio flash reflections, rendered in photorealistic render.",42,4,apple laptop
1227,"A aggressive sedan featuring low aggressive front end, performance-oriented stance, and dynamic LED headlights, captured in in a night city scene under with studio flash reflections, rendered in 8k ultra-detailed shot.",42,4,apple laptop
1228,"A aggressive sedan featuring low aggressive front end, sharply defined body lines, and aerodynamic silhouette, captured in on a racetrack under with cinematic lighting, rendered in 8k ultra-detailed shot.",42,4,apple laptop
1229,"A sporty SUV featuring performance-oriented stance, twin-kidney front grille, and muscular wheel arches, captured in in a futuristic showroom under with cinematic lighting, rendered in photorealistic render.",42,4,apple laptop
1230,"A elegant sedan featuring performance-oriented stance, high-gloss black details, and sharply defined body lines, captured in in a modern studio under with cinematic lighting, rendered in photorealistic render.",42,4,apple laptop
1231,"A sporty SUV featuring twin-kidney front grille, aerodynamic silhouette, and low aggressive front end, captured in in a modern studio under with studio flash reflections, rendered in photorealistic render.",42,4,apple laptop
1232,"A modern sedan featuring aerodynamic silhouette, performance-oriented stance, and twin-kidney front grille, captured in in a night city scene under with studio flash reflections, rendered in 8k ultra-detailed shot.",42,4,apple laptop
1233,"A modern sedan featuring twin-kidney front grille, dynamic LED headlights, and blue and white accents, captured in in a night city scene under during golden hour, rendered in cinematic film still.",42,4,apple laptop
1234,"A aggressive SUV featuring performance-oriented stance, low aggressive front end, and blue and white accents, captured in on a mountain road under during golden hour, rendered in photorealistic render.",42,4,apple laptop
1235,"A elegant coupe featuring high-gloss black details, dynamic LED headlights, and muscular wheel arches, captured in in a night city scene under with cinematic lighting, rendered in photorealistic render.",42,4,apple laptop
1236,"A elegant sedan featuring performance-oriented stance, dynamic LED headlights, and blue and white accents, captured in in a modern studio under with studio flash reflections, rendered in 8k ultra-detailed shot.",42,4,apple laptop
1237,"A sporty sedan featuring low aggressive front end, performance-oriented stance, and sport-inspired diffuser, captured in on a racetrack under with studio flash reflections, rendered in concept car render.",42,4,apple laptop
1238,"A sporty sedan featuring low aggressive front end, performance-oriented stance, and dynamic LED headlights, captured in in a futuristic showroom under with cinematic lighting, rendered in 8k ultra-detailed shot.",42,4,apple laptop
1239,"A aggressive sedan featuring high-gloss black details, aerodynamic silhouette, and muscular wheel arches, captured in on a racetrack under with cinematic lighting, rendered in photorealistic render.",42,4,apple laptop
1240,"A sporty sedan featuring blue and white accents, aerodynamic silhouette, and sport-inspired diffuser, captured in on a racetrack under with cinematic lighting, rendered in 8k ultra-detailed shot.",42,4,apple laptop
1241,"A modern SUV featuring dynamic LED headlights, muscular wheel arches, and low aggressive front end, captured in in a modern studio under with studio flash reflections, rendered in 8k ultra-detailed shot.",42,4,apple laptop
1242,"A aggressive SUV featuring sharply defined body lines, sport-inspired diffuser, and muscular wheel arches, captured in on a racetrack under with studio flash reflections, rendered in cinematic film still.",42,4,apple laptop
1243,"A aggressive SUV featuring muscular wheel arches, performance-oriented stance, and sport-inspired diffuser, captured in on a mountain road under under soft daylight, rendered in photorealistic render.",42,4,apple laptop
1244,"A luxury sedan featuring sharply defined body lines, low aggressive front end, and high-gloss black details, captured in on a mountain road under with cinematic lighting, rendered in photorealistic render.",42,4,apple laptop
1245,"A sporty SUV featuring sharply defined body lines, muscular wheel arches, and performance-oriented stance, captured in in a modern studio under during golden hour, rendered in cinematic film still.",42,4,apple laptop
1246,"A sporty coupe featuring performance-oriented stance, twin-kidney front grille, and low aggressive front end, captured in in a night city scene under with cinematic lighting, rendered in cinematic film still.",42,4,apple laptop
1247,"A aggressive sedan featuring dynamic LED headlights, low aggressive front end, and sport-inspired diffuser, captured in in a modern studio under with studio flash reflections, rendered in cinematic film still.",42,4,apple laptop
1248,"A modern sedan featuring dynamic LED headlights, sharply defined body lines, and low aggressive front end, captured in on a racetrack under during golden hour, rendered in 8k ultra-detailed shot.",42,4,apple laptop
1249,"A sporty sedan featuring twin-kidney front grille, high-gloss black details, and aerodynamic silhouette, captured in on a mountain road under during golden hour, rendered in photorealistic render.",42,4,apple laptop
1250,"A aggressive sedan featuring performance-oriented stance, sharply defined body lines, and twin-kidney front grille, captured in in a modern studio under under soft daylight, rendered in photorealistic render.",42,4,apple laptop
1251,"A aggressive SUV featuring blue and white accents, high-gloss black details, and dynamic LED headlights, captured in in a modern studio under under soft daylight, rendered in cinematic film still.",42,4,apple laptop
1252,"A sporty sedan featuring high-gloss black details, dynamic LED headlights, and twin-kidney front grille, captured in in a modern studio under with studio flash reflections, rendered in photorealistic render.",42,4,apple laptop
1253,"A sporty sedan featuring low aggressive front end, sport-inspired diffuser, and high-gloss black details, captured in in a futuristic showroom under with cinematic lighting, rendered in 8k ultra-detailed shot.",42,4,apple laptop
1254,"A elegant sedan featuring sport-inspired diffuser, sharply defined body lines, and twin-kidney front grille, captured in in a night city scene under with studio flash reflections, rendered in photorealistic render.",42,4,apple laptop
1255,"A elegant sedan featuring muscular wheel arches, twin-kidney front grille, and performance-oriented stance, captured in in a modern studio under with studio flash reflections, rendered in photorealistic render.",42,4,apple laptop
1256,"A modern sedan featuring high-gloss black details, dynamic LED headlights, and performance-oriented stance, captured in in a modern studio under with studio flash reflections, rendered in photorealistic render.",42,4,apple laptop
1257,"A modern SUV featuring performance-oriented stance, blue and white accents, and high-gloss black details, captured in on a mountain road under during golden hour, rendered in photorealistic render.",42,4,apple laptop
1258,"A aggressive sedan featuring sharply defined body lines, twin-kidney front grille, and performance-oriented stance, captured in in a modern studio under with studio flash reflections, rendered in photorealistic render.",42,4,apple laptop
1259,"A modern sedan featuring performance-oriented stance, dynamic LED headlights, and muscular wheel arches, captured in in a modern studio under with cinematic lighting, rendered in concept car render.",42,4,apple laptop
1260,"A sporty SUV featuring low aggressive front end, aerodynamic silhouette, and twin-kidney front grille, captured in in a modern studio under with cinematic lighting, rendered in cinematic film still.",42,4,apple laptop
1261,"A aggressive sedan featuring blue and white accents, high-gloss black details, and dynamic LED headlights, captured in on a racetrack under with studio flash reflections, rendered in photorealistic render.",42,4,apple laptop
1262,"A sporty SUV featuring dynamic LED headlights, performance-oriented stance, and twin-kidney front grille, captured in in a night city scene under with studio flash reflections, rendered in photorealistic render.",42,4,apple laptop
1263,"A elegant coupe featuring high-gloss black details, twin-kidney front grille, and dynamic LED headlights, captured in on a racetrack under with cinematic lighting, rendered in photorealistic render.",42,4,apple laptop
1264,"A aggressive sedan featuring sport-inspired diffuser, aerodynamic silhouette, and muscular wheel arches, captured in in a modern studio under with cinematic lighting, rendered in photorealistic render.",42,4,apple laptop
1265,"A elegant sedan featuring dynamic LED headlights, high-gloss black details, and performance-oriented stance, captured in on a mountain road under under soft daylight, rendered in 8k ultra-detailed shot.",42,4,apple laptop
1266,"A aggressive coupe featuring dynamic LED headlights, blue and white accents, and low aggressive front end, captured in in a night city scene under under soft daylight, rendered in cinematic film still.",42,4,apple laptop
1267,"A sporty SUV featuring blue and white accents, high-gloss black details, and twin-kidney front grille, captured in on a racetrack under with cinematic lighting, rendered in 8k ultra-detailed shot.",42,4,apple laptop
1268,"A aggressive sedan featuring low aggressive front end, sport-inspired diffuser, and twin-kidney front grille, captured in on a racetrack under with studio flash reflections, rendered in 8k ultra-detailed shot.",42,4,apple laptop
1269,"A aggressive SUV featuring performance-oriented stance, high-gloss black details, and dynamic LED headlights, captured in in a modern studio under with studio flash reflections, rendered in 8k ultra-detailed shot.",42,4,apple laptop
1270,"A modern sedan featuring sharply defined body lines, sport-inspired diffuser, and high-gloss black details, captured in on a racetrack under with cinematic lighting, rendered in photorealistic render.",42,4,apple laptop
1271,"A modern coupe featuring low aggressive front end, high-gloss black details, and twin-kidney front grille, captured in on a mountain road under during golden hour, rendered in cinematic film still.",42,4,apple laptop
1272,"A sporty SUV featuring aerodynamic silhouette, high-gloss black details, and blue and white accents, captured in in a night city scene under with cinematic lighting, rendered in photorealistic render.",42,4,apple laptop
1273,"A elegant sedan featuring performance-oriented stance, blue and white accents, and dynamic LED headlights, captured in in a modern studio under with studio flash reflections, rendered in 8k ultra-detailed shot.",42,4,apple laptop
1274,"A aggressive sedan featuring muscular wheel arches, dynamic LED headlights, and performance-oriented stance, captured in in a futuristic showroom under under soft daylight, rendered in photorealistic render.",42,4,apple laptop
1275,"A aggressive sedan featuring sport-inspired diffuser, muscular wheel arches, and performance-oriented stance, captured in in a futuristic showroom under with studio flash reflections, rendered in photorealistic render.",42,4,apple laptop
1276,"A iconic soda can featuring realistic carbonation bubbles, glistening ice cubes, and vivid color contrast, captured in on a beach table under with cinematic reflections, rendered in ultra-detailed 8k product shot.",42,4,apple laptop
1277,"A energetic soda can featuring vivid color contrast, condensation droplets, and glistening ice cubes, captured in on a beach table under with studio lighting, rendered in ultra-detailed 8k product shot.",42,4,apple laptop
1278,"A vibrant plastic bottle featuring condensation droplets, glistening ice cubes, and bold red and white branding, captured in in a modern kitchen under under soft daylight, rendered in photorealistic render.",42,4,apple laptop
1279,"A iconic soda can featuring dynamic splash effects, vivid color contrast, and crisply detailed label, captured in on a beach table under with studio lighting, rendered in photorealistic render.",42,4,apple laptop
1280,"A iconic soda can featuring realistic reflections, bold red and white branding, and frosted surface, captured in in a cinematic close-up scene under with studio lighting, rendered in commercial advertisement render.",42,4,apple laptop
1281,"A iconic soda can featuring bold red and white branding, crisply detailed label, and realistic reflections, captured in in a cinematic close-up scene under with studio lighting, rendered in cinematic still frame.",42,4,apple laptop
1282,"A vibrant glass bottle featuring bold red and white branding, vivid color contrast, and realistic carbonation bubbles, captured in in a studio setup with ice under under soft daylight, rendered in photorealistic render.",42,4,apple laptop
1283,"A refreshing plastic bottle featuring glistening ice cubes, bold red and white branding, and realistic reflections, captured in in a modern kitchen under during golden hour, rendered in photorealistic render.",42,4,apple laptop
1284,"A refreshing soda can featuring crisply detailed label, bold red and white branding, and frosted surface, captured in in a studio setup with ice under with studio lighting, rendered in commercial advertisement render.",42,4,apple laptop
1285,"A iconic soda can featuring vivid color contrast, crisply detailed label, and frosted surface, captured in in a studio setup with ice under with cinematic reflections, rendered in cinematic still frame.",42,4,apple laptop
1286,"A refreshing soda can featuring bold red and white branding, glistening ice cubes, and realistic reflections, captured in in a cinematic close-up scene under with studio lighting, rendered in photorealistic render.",42,4,apple laptop
1287,"A refreshing plastic bottle featuring glistening ice cubes, frosted surface, and bold red and white branding, captured in at a summer picnic under with studio lighting, rendered in ultra-detailed 8k product shot.",42,4,apple laptop
1288,"A iconic soda can featuring perfectly shaped liquid waves, crisply detailed label, and vivid color contrast, captured in in a studio setup with ice under with cinematic reflections, rendered in ultra-detailed 8k product shot.",42,4,apple laptop
1289,"A iconic glass bottle featuring realistic reflections, bold red and white branding, and realistic carbonation bubbles, captured in at a summer picnic under with studio lighting, rendered in commercial advertisement render.",42,4,apple laptop
1290,"A energetic soda can featuring dynamic splash effects, crisply detailed label, and bold red and white branding, captured in in a studio setup with ice under under soft daylight, rendered in photorealistic render.",42,4,apple laptop
1291,"A iconic soda can featuring dynamic splash effects, perfectly shaped liquid waves, and bold red and white branding, captured in in a modern kitchen under with studio lighting, rendered in cinematic still frame.",42,4,apple laptop
1292,"A cool soda can featuring vivid color contrast, realistic reflections, and condensation droplets, captured in on a beach table under with cinematic reflections, rendered in cinematic still frame.",42,4,apple laptop
1293,"A vibrant soda can featuring glistening ice cubes, bold red and white branding, and frosted surface, captured in in a modern kitchen under with cinematic reflections, rendered in photorealistic render.",42,4,apple laptop
1294,"A iconic soda can featuring realistic reflections, perfectly shaped liquid waves, and bold red and white branding, captured in at a summer picnic under with cinematic reflections, rendered in commercial advertisement render.",42,4,apple laptop
1295,"A cool soda can featuring glistening ice cubes, crisply detailed label, and realistic reflections, captured in in a cinematic close-up scene under with cinematic reflections, rendered in cinematic still frame.",42,4,apple laptop
1296,"A iconic soda can featuring perfectly shaped liquid waves, vivid color contrast, and dynamic splash effects, captured in in a studio setup with ice under with studio lighting, rendered in ultra-detailed 8k product shot.",42,4,apple laptop
1297,"A iconic soda can featuring crisply detailed label, glistening ice cubes, and frosted surface, captured in at a summer picnic under under soft daylight, rendered in ultra-detailed 8k product shot.",42,4,apple laptop
1298,"A cool soda can featuring condensation droplets, vivid color contrast, and realistic reflections, captured in in a modern kitchen under with cinematic reflections, rendered in commercial advertisement render.",42,4,apple laptop
1299,"A energetic soda can featuring dynamic splash effects, bold red and white branding, and realistic reflections, captured in in a modern kitchen under with cinematic reflections, rendered in cinematic still frame.",42,4,apple laptop
1300,"A refreshing soda can featuring vivid color contrast, realistic reflections, and crisply detailed label, captured in on a beach table under with cinematic reflections, rendered in photorealistic render.",42,4,apple laptop
1301,"A refreshing soda can featuring realistic carbonation bubbles, bold red and white branding, and perfectly shaped liquid waves, captured in in a studio setup with ice under under soft daylight, rendered in photorealistic render.",42,4,apple laptop
1302,"A energetic soda can featuring vivid color contrast, condensation droplets, and frosted surface, captured in in a studio setup with ice under during golden hour, rendered in ultra-detailed 8k product shot.",42,4,apple laptop
1303,"A vibrant soda can featuring crisply detailed label, perfectly shaped liquid waves, and vivid color contrast, captured in in a cinematic close-up scene under with cinematic reflections, rendered in cinematic still frame.",42,4,apple laptop
1304,"A refreshing soda can featuring crisply detailed label, vivid color contrast, and perfectly shaped liquid waves, captured in in a studio setup with ice under with studio lighting, rendered in photorealistic render.",42,4,apple laptop
1305,"A refreshing soda can featuring condensation droplets, crisply detailed label, and realistic reflections, captured in in a cinematic close-up scene under with studio lighting, rendered in ultra-detailed 8k product shot.",42,4,apple laptop
1306,"A iconic soda can featuring crisply detailed label, bold red and white branding, and perfectly shaped liquid waves, captured in at a summer picnic under with studio lighting, rendered in commercial advertisement render.",42,4,apple laptop
1307,"A energetic ice-cold drink featuring realistic reflections, crisply detailed label, and bold red and white branding, captured in on a beach table under with cinematic reflections, rendered in cinematic still frame.",42,4,apple laptop
1308,"A iconic soda can featuring crisply detailed label, condensation droplets, and dynamic splash effects, captured in in a studio setup with ice under during golden hour, rendered in cinematic still frame.",42,4,apple laptop
1309,"A refreshing plastic bottle featuring realistic reflections, bold red and white branding, and vivid color contrast, captured in at a summer picnic under with cinematic reflections, rendered in cinematic still frame.",42,4,apple laptop
1310,"A iconic soda can featuring realistic carbonation bubbles, frosted surface, and vivid color contrast, captured in on a beach table under with studio lighting, rendered in photorealistic render.",42,4,apple laptop
1311,"A iconic soda can featuring crisply detailed label, realistic reflections, and vivid color contrast, captured in in a cinematic close-up scene under with studio lighting, rendered in cinematic still frame.",42,4,apple laptop
1312,"A refreshing soda can featuring bold red and white branding, frosted surface, and vivid color contrast, captured in in a modern kitchen under with cinematic reflections, rendered in cinematic still frame.",42,4,apple laptop
1313,"A iconic soda can featuring crisply detailed label, vivid color contrast, and condensation droplets, captured in in a studio setup with ice under with studio lighting, rendered in commercial advertisement render.",42,4,apple laptop
1314,"A vibrant plastic bottle featuring perfectly shaped liquid waves, condensation droplets, and bold red and white branding, captured in in a cinematic close-up scene under during golden hour, rendered in ultra-detailed 8k product shot.",42,4,apple laptop
1315,"A cool soda can featuring vivid color contrast, glistening ice cubes, and crisply detailed label, captured in on a beach table under with studio lighting, rendered in cinematic still frame.",42,4,apple laptop
1316,"A vibrant ice-cold drink featuring glistening ice cubes, bold red and white branding, and realistic carbonation bubbles, captured in in a studio setup with ice under with studio lighting, rendered in ultra-detailed 8k product shot.",42,4,apple laptop
1317,"A refreshing soda can featuring crisply detailed label, frosted surface, and condensation droplets, captured in at a summer picnic under under soft daylight, rendered in commercial advertisement render.",42,4,apple laptop
1318,"A energetic soda can featuring glistening ice cubes, condensation droplets, and crisply detailed label, captured in in a studio setup with ice under with studio lighting, rendered in commercial advertisement render.",42,4,apple laptop
1319,"A iconic soda can featuring dynamic splash effects, perfectly shaped liquid waves, and crisply detailed label, captured in on a beach table under with studio lighting, rendered in commercial advertisement render.",42,4,apple laptop
1320,"A refreshing soda can featuring perfectly shaped liquid waves, bold red and white branding, and crisply detailed label, captured in in a cinematic close-up scene under with cinematic reflections, rendered in ultra-detailed 8k product shot.",42,4,apple laptop
1321,"A vibrant soda can featuring frosted surface, dynamic splash effects, and realistic carbonation bubbles, captured in in a modern kitchen under with studio lighting, rendered in cinematic still frame.",42,4,apple laptop
1322,"A iconic glass bottle featuring bold red and white branding, dynamic splash effects, and crisply detailed label, captured in in a studio setup with ice under with cinematic reflections, rendered in photorealistic render.",42,4,apple laptop
1323,"A iconic soda can featuring bold red and white branding, crisply detailed label, and vivid color contrast, captured in on a beach table under under soft daylight, rendered in photorealistic render.",42,4,apple laptop
1324,"A iconic soda can featuring condensation droplets, realistic reflections, and frosted surface, captured in in a modern kitchen under with studio lighting, rendered in commercial advertisement render.",42,4,apple laptop
1325,"A iconic soda can featuring frosted surface, perfectly shaped liquid waves, and glistening ice cubes, captured in on a beach table under under soft daylight, rendered in photorealistic render.",42,4,apple laptop
1326,"A cool soda can featuring dynamic splash effects, bold red and white branding, and vivid color contrast, captured in in a studio setup with ice under with cinematic reflections, rendered in cinematic still frame.",42,4,apple laptop
1327,"A iconic soda can featuring crisply detailed label, realistic carbonation bubbles, and dynamic splash effects, captured in in a studio setup with ice under with studio lighting, rendered in photorealistic render.",42,4,apple laptop
1328,"A iconic soda can featuring vivid color contrast, realistic carbonation bubbles, and bold red and white branding, captured in in a modern kitchen under with studio lighting, rendered in photorealistic render.",42,4,apple laptop
1329,"A energetic soda can featuring dynamic splash effects, realistic reflections, and crisply detailed label, captured in in a cinematic close-up scene under with studio lighting, rendered in photorealistic render.",42,4,apple laptop
1330,"A vibrant soda can featuring perfectly shaped liquid waves, crisply detailed label, and bold red and white branding, captured in in a modern kitchen under during golden hour, rendered in commercial advertisement render.",42,4,apple laptop
1331,"A refreshing soda can featuring dynamic splash effects, vivid color contrast, and bold red and white branding, captured in on a beach table under during golden hour, rendered in commercial advertisement render.",42,4,apple laptop
1332,"A iconic soda can featuring bold red and white branding, glistening ice cubes, and vivid color contrast, captured in on a beach table under under soft daylight, rendered in cinematic still frame.",42,4,apple laptop
1333,"A iconic ice-cold drink featuring realistic carbonation bubbles, bold red and white branding, and perfectly shaped liquid waves, captured in in a modern kitchen under during golden hour, rendered in commercial advertisement render.",42,4,apple laptop
1334,"A iconic soda can featuring condensation droplets, dynamic splash effects, and frosted surface, captured in in a modern kitchen under during golden hour, rendered in ultra-detailed 8k product shot.",42,4,apple laptop
1335,"A refreshing ice-cold drink featuring bold red and white branding, frosted surface, and realistic carbonation bubbles, captured in on a beach table under with studio lighting, rendered in ultra-detailed 8k product shot.",42,4,apple laptop
1336,"A refreshing soda can featuring vivid color contrast, condensation droplets, and bold red and white branding, captured in in a cinematic close-up scene under with cinematic reflections, rendered in ultra-detailed 8k product shot.",42,4,apple laptop
1337,"A refreshing soda can featuring glistening ice cubes, frosted surface, and bold red and white branding, captured in in a modern kitchen under with studio lighting, rendered in photorealistic render.",42,4,apple laptop
1338,"A refreshing soda can featuring bold red and white branding, condensation droplets, and realistic carbonation bubbles, captured in in a modern kitchen under under soft daylight, rendered in ultra-detailed 8k product shot.",42,4,apple laptop
1339,"A iconic soda can featuring crisply detailed label, vivid color contrast, and realistic carbonation bubbles, captured in on a beach table under with cinematic reflections, rendered in cinematic still frame.",42,4,apple laptop
1340,"A iconic plastic bottle featuring bold red and white branding, condensation droplets, and realistic carbonation bubbles, captured in in a cinematic close-up scene under with cinematic reflections, rendered in photorealistic render.",42,4,apple laptop
1341,"A iconic soda can featuring condensation droplets, dynamic splash effects, and realistic reflections, captured in in a modern kitchen under during golden hour, rendered in cinematic still frame.",42,4,apple laptop
1342,"A vibrant soda can featuring crisply detailed label, dynamic splash effects, and realistic carbonation bubbles, captured in in a studio setup with ice under during golden hour, rendered in ultra-detailed 8k product shot.",42,4,apple laptop
1343,"A iconic soda can featuring vivid color contrast, bold red and white branding, and realistic carbonation bubbles, captured in in a cinematic close-up scene under with studio lighting, rendered in commercial advertisement render.",42,4,apple laptop
1344,"A iconic soda can featuring bold red and white branding, dynamic splash effects, and realistic carbonation bubbles, captured in in a studio setup with ice under with studio lighting, rendered in photorealistic render.",42,4,apple laptop
1345,"A iconic soda can featuring vivid color contrast, condensation droplets, and crisply detailed label, captured in in a cinematic close-up scene under with cinematic reflections, rendered in photorealistic render.",42,4,apple laptop
1346,"A iconic soda can featuring realistic carbonation bubbles, crisply detailed label, and vivid color contrast, captured in on a beach table under with studio lighting, rendered in photorealistic render.",42,4,apple laptop
1347,"A iconic soda can featuring dynamic splash effects, crisply detailed label, and condensation droplets, captured in on a beach table under under soft daylight, rendered in photorealistic render.",42,4,apple laptop
1348,"A energetic soda can featuring realistic carbonation bubbles, crisply detailed label, and vivid color contrast, captured in in a cinematic close-up scene under with studio lighting, rendered in cinematic still frame.",42,4,apple laptop
1349,"A iconic soda can featuring frosted surface, dynamic splash effects, and realistic reflections, captured in in a cinematic close-up scene under under soft daylight, rendered in ultra-detailed 8k product shot.",42,4,apple laptop
1350,"A energetic soda can featuring realistic carbonation bubbles, bold red and white branding, and glistening ice cubes, captured in in a cinematic close-up scene under with studio lighting, rendered in ultra-detailed 8k product shot.",42,4,apple laptop
1351,"A vibrant soda can featuring realistic carbonation bubbles, bold red and white branding, and vivid color contrast, captured in in a modern kitchen under with studio lighting, rendered in photorealistic render.",42,4,apple laptop
1352,"A refreshing soda can featuring crisply detailed label, bold red and white branding, and vivid color contrast, captured in in a modern kitchen under with studio lighting, rendered in cinematic still frame.",42,4,apple laptop
1353,"A iconic plastic bottle featuring realistic reflections, glistening ice cubes, and bold red and white branding, captured in in a studio setup with ice under under soft daylight, rendered in cinematic still frame.",42,4,apple laptop
1354,"A vibrant plastic bottle featuring perfectly shaped liquid waves, realistic carbonation bubbles, and bold red and white branding, captured in in a modern kitchen under under soft daylight, rendered in cinematic still frame.",42,4,apple laptop
1355,"A iconic soda can featuring dynamic splash effects, crisply detailed label, and bold red and white branding, captured in on a beach table under with cinematic reflections, rendered in cinematic still frame.",42,4,apple laptop
1356,"A iconic soda can featuring realistic reflections, frosted surface, and condensation droplets, captured in on a beach table under with cinematic reflections, rendered in photorealistic render.",42,4,apple laptop
1357,"A energetic soda can featuring bold red and white branding, realistic carbonation bubbles, and frosted surface, captured in in a modern kitchen under with studio lighting, rendered in photorealistic render.",42,4,apple laptop
1358,"A refreshing soda can featuring realistic reflections, realistic carbonation bubbles, and dynamic splash effects, captured in in a modern kitchen under with cinematic reflections, rendered in photorealistic render.",42,4,apple laptop
1359,"A iconic soda can featuring frosted surface, bold red and white branding, and glistening ice cubes, captured in at a summer picnic under during golden hour, rendered in ultra-detailed 8k product shot.",42,4,apple laptop
1360,"A refreshing soda can featuring frosted surface, glistening ice cubes, and crisply detailed label, captured in in a cinematic close-up scene under with cinematic reflections, rendered in ultra-detailed 8k product shot.",42,4,apple laptop
1361,"A cool plastic bottle featuring crisply detailed label, condensation droplets, and bold red and white branding, captured in in a cinematic close-up scene under under soft daylight, rendered in photorealistic render.",42,4,apple laptop
1362,"A iconic soda can featuring condensation droplets, realistic carbonation bubbles, and dynamic splash effects, captured in in a studio setup with ice under with studio lighting, rendered in photorealistic render.",42,4,apple laptop
1363,"A iconic soda can featuring dynamic splash effects, vivid color contrast, and condensation droplets, captured in in a modern kitchen under with cinematic reflections, rendered in commercial advertisement render.",42,4,apple laptop
1364,"A iconic soda can featuring crisply detailed label, realistic reflections, and perfectly shaped liquid waves, captured in on a beach table under with cinematic reflections, rendered in commercial advertisement render.",42,4,apple laptop
1365,"A vibrant soda can featuring bold red and white branding, frosted surface, and perfectly shaped liquid waves, captured in in a modern kitchen under with studio lighting, rendered in photorealistic render.",42,4,apple laptop
1366,"A iconic soda can featuring dynamic splash effects, realistic carbonation bubbles, and realistic reflections, captured in in a studio setup with ice under under soft daylight, rendered in ultra-detailed 8k product shot.",42,4,apple laptop
1367,"A vibrant soda can featuring glistening ice cubes, bold red and white branding, and dynamic splash effects, captured in in a modern kitchen under with studio lighting, rendered in commercial advertisement render.",42,4,apple laptop
1368,"A iconic soda can featuring realistic reflections, crisply detailed label, and vivid color contrast, captured in in a cinematic close-up scene under with cinematic reflections, rendered in cinematic still frame.",42,4,apple laptop
1369,"A vibrant soda can featuring bold red and white branding, dynamic splash effects, and crisply detailed label, captured in in a modern kitchen under under soft daylight, rendered in cinematic still frame.",42,4,apple laptop
1370,"A iconic soda can featuring frosted surface, vivid color contrast, and condensation droplets, captured in in a cinematic close-up scene under under soft daylight, rendered in photorealistic render.",42,4,apple laptop
1371,"A sporty coupe featuring low aggressive front end, twin-kidney front grille, and muscular wheel arches, captured in in a futuristic showroom under under soft daylight, rendered in 8k ultra-detailed shot.",42,4,apple laptop
1372,"A aggressive coupe featuring blue and white accents, twin-kidney front grille, and sharply defined body lines, captured in in a futuristic showroom under with studio flash reflections, rendered in 8k ultra-detailed shot.",42,4,apple laptop
1373,"A modern coupe featuring sharply defined body lines, twin-kidney front grille, and muscular wheel arches, captured in in a modern studio under with studio flash reflections, rendered in concept car render.",42,4,apple laptop
1374,"A elegant coupe featuring performance-oriented stance, twin-kidney front grille, and sharply defined body lines, captured in in a night city scene under during golden hour, rendered in concept car render.",42,4,apple laptop
1375,"A aggressive coupe featuring aerodynamic silhouette, high-gloss black details, and twin-kidney front grille, captured in in a futuristic showroom under during golden hour, rendered in photorealistic render.",42,4,apple laptop
1376,"A elegant sedan featuring sharply defined body lines, performance-oriented stance, and twin-kidney front grille, captured in in a modern studio under under soft daylight, rendered in 8k ultra-detailed shot.",42,4,apple laptop
1377,"A sporty SUV featuring aerodynamic silhouette, sport-inspired diffuser, and dynamic LED headlights, captured in on a racetrack under with studio flash reflections, rendered in photorealistic render.",42,4,apple laptop
1378,"A luxury sedan featuring performance-oriented stance, muscular wheel arches, and low aggressive front end, captured in on a mountain road under with studio flash reflections, rendered in 8k ultra-detailed shot.",42,4,apple laptop
1379,"A luxury coupe featuring performance-oriented stance, muscular wheel arches, and high-gloss black details, captured in on a mountain road under with studio flash reflections, rendered in photorealistic render.",42,4,apple laptop
1380,"A aggressive sedan featuring dynamic LED headlights, blue and white accents, and sharply defined body lines, captured in in a futuristic showroom under with studio flash reflections, rendered in photorealistic render.",42,4,apple laptop
1381,"A luxury sedan featuring blue and white accents, sport-inspired diffuser, and twin-kidney front grille, captured in in a futuristic showroom under with studio flash reflections, rendered in concept car render.",42,4,apple laptop
1382,"A modern coupe featuring twin-kidney front grille, sport-inspired diffuser, and muscular wheel arches, captured in in a modern studio under under soft daylight, rendered in photorealistic render.",42,4,apple laptop
1383,"A luxury SUV featuring high-gloss black details, sharply defined body lines, and low aggressive front end, captured in in a futuristic showroom under with studio flash reflections, rendered in photorealistic render.",42,4,apple laptop
1384,"A modern coupe featuring blue and white accents, twin-kidney front grille, and high-gloss black details, captured in in a modern studio under under soft daylight, rendered in photorealistic render.",42,4,apple laptop
1385,"A sporty SUV featuring muscular wheel arches, low aggressive front end, and sharply defined body lines, captured in in a futuristic showroom under during golden hour, rendered in photorealistic render.",42,4,apple laptop
1386,"A luxury SUV featuring performance-oriented stance, blue and white accents, and high-gloss black details, captured in on a racetrack under under soft daylight, rendered in photorealistic render.",42,4,apple laptop
1387,"A elegant roadster featuring twin-kidney front grille, performance-oriented stance, and aerodynamic silhouette, captured in in a modern studio under with cinematic lighting, rendered in cinematic film still.",42,4,apple laptop
1388,"A modern sedan featuring performance-oriented stance, high-gloss black details, and sport-inspired diffuser, captured in in a futuristic showroom under with studio flash reflections, rendered in 8k ultra-detailed shot.",42,4,apple laptop
1389,"A luxury sedan featuring twin-kidney front grille, blue and white accents, and sharply defined body lines, captured in on a mountain road under with studio flash reflections, rendered in photorealistic render.",42,4,apple laptop
1390,"A luxury roadster featuring twin-kidney front grille, high-gloss black details, and dynamic LED headlights, captured in in a modern studio under with cinematic lighting, rendered in photorealistic render.",42,4,apple laptop
1391,"A luxury coupe featuring aerodynamic silhouette, muscular wheel arches, and dynamic LED headlights, captured in in a modern studio under under soft daylight, rendered in 8k ultra-detailed shot.",42,4,apple laptop
1392,"A aggressive roadster featuring sport-inspired diffuser, twin-kidney front grille, and performance-oriented stance, captured in on a racetrack under with cinematic lighting, rendered in 8k ultra-detailed shot.",42,4,apple laptop
1393,"A aggressive SUV featuring dynamic LED headlights, twin-kidney front grille, and high-gloss black details, captured in on a racetrack under with cinematic lighting, rendered in 8k ultra-detailed shot.",42,4,apple laptop
1394,"A modern coupe featuring twin-kidney front grille, muscular wheel arches, and sport-inspired diffuser, captured in in a night city scene under with studio flash reflections, rendered in 8k ultra-detailed shot.",42,4,apple laptop
1395,"A sporty sedan featuring sport-inspired diffuser, twin-kidney front grille, and muscular wheel arches, captured in in a futuristic showroom under during golden hour, rendered in concept car render.",42,4,apple laptop
1396,"A sporty coupe featuring sport-inspired diffuser, twin-kidney front grille, and performance-oriented stance, captured in in a futuristic showroom under during golden hour, rendered in photorealistic render.",42,4,apple laptop
1397,"A modern SUV featuring muscular wheel arches, aerodynamic silhouette, and low aggressive front end, captured in on a racetrack under with studio flash reflections, rendered in 8k ultra-detailed shot.",42,4,apple laptop
1398,"A aggressive roadster featuring blue and white accents, twin-kidney front grille, and low aggressive front end, captured in in a night city scene under during golden hour, rendered in photorealistic render.",42,4,apple laptop
1399,"A modern sedan featuring blue and white accents, high-gloss black details, and muscular wheel arches, captured in on a mountain road under with cinematic lighting, rendered in cinematic film still.",42,4,apple laptop
1400,"A modern coupe featuring dynamic LED headlights, aerodynamic silhouette, and sharply defined body lines, captured in in a modern studio under under soft daylight, rendered in photorealistic render.",42,4,apple laptop
1401,"A luxury coupe featuring twin-kidney front grille, performance-oriented stance, and aerodynamic silhouette, captured in in a modern studio under with studio flash reflections, rendered in photorealistic render.",42,4,apple laptop
1402,"A modern sedan featuring aerodynamic silhouette, twin-kidney front grille, and low aggressive front end, captured in on a racetrack under during golden hour, rendered in 8k ultra-detailed shot.",42,4,apple laptop
1403,"A elegant coupe featuring performance-oriented stance, twin-kidney front grille, and high-gloss black details, captured in in a modern studio under with studio flash reflections, rendered in 8k ultra-detailed shot.",42,4,apple laptop
1404,"A luxury sedan featuring blue and white accents, sharply defined body lines, and aerodynamic silhouette, captured in in a night city scene under with cinematic lighting, rendered in photorealistic render.",42,4,apple laptop
1405,"A luxury sedan featuring blue and white accents, sport-inspired diffuser, and sharply defined body lines, captured in in a modern studio under with cinematic lighting, rendered in photorealistic render.",42,4,apple laptop
1406,"A modern sedan featuring sport-inspired diffuser, muscular wheel arches, and twin-kidney front grille, captured in in a modern studio under under soft daylight, rendered in photorealistic render.",42,4,apple laptop
1407,"A modern sedan featuring aerodynamic silhouette, dynamic LED headlights, and twin-kidney front grille, captured in in a modern studio under with cinematic lighting, rendered in photorealistic render.",42,4,apple laptop
1408,"A sporty sedan featuring sharply defined body lines, muscular wheel arches, and twin-kidney front grille, captured in on a mountain road under with studio flash reflections, rendered in photorealistic render.",42,4,apple laptop
1409,"A modern sedan featuring high-gloss black details, aerodynamic silhouette, and low aggressive front end, captured in in a modern studio under with studio flash reflections, rendered in concept car render.",42,4,apple laptop
1410,"A sporty SUV featuring aerodynamic silhouette, sport-inspired diffuser, and performance-oriented stance, captured in in a night city scene under with cinematic lighting, rendered in concept car render.",42,4,apple laptop
1411,"A luxury sedan featuring twin-kidney front grille, sport-inspired diffuser, and blue and white accents, captured in on a mountain road under during golden hour, rendered in photorealistic render.",42,4,apple laptop
1412,"A modern coupe featuring muscular wheel arches, sharply defined body lines, and twin-kidney front grille, captured in on a mountain road under with cinematic lighting, rendered in concept car render.",42,4,apple laptop
1413,"A aggressive coupe featuring muscular wheel arches, high-gloss black details, and blue and white accents, captured in on a racetrack under with cinematic lighting, rendered in concept car render.",42,4,apple laptop
1414,"A elegant sedan featuring low aggressive front end, dynamic LED headlights, and aerodynamic silhouette, captured in on a mountain road under during golden hour, rendered in concept car render.",42,4,apple laptop
1415,"A sporty sedan featuring twin-kidney front grille, high-gloss black details, and aerodynamic silhouette, captured in on a racetrack under with studio flash reflections, rendered in photorealistic render.",42,4,apple laptop
1416,"A sporty SUV featuring blue and white accents, twin-kidney front grille, and low aggressive front end, captured in on a mountain road under with cinematic lighting, rendered in cinematic film still.",42,4,apple laptop
1417,"A luxury sedan featuring twin-kidney front grille, dynamic LED headlights, and sharply defined body lines, captured in on a racetrack under with studio flash reflections, rendered in 8k ultra-detailed shot.",42,4,apple laptop
1418,"A sporty sedan featuring aerodynamic silhouette, sharply defined body lines, and twin-kidney front grille, captured in in a futuristic showroom under with cinematic lighting, rendered in photorealistic render.",42,4,apple laptop
1419,"A modern coupe featuring blue and white accents, sport-inspired diffuser, and twin-kidney front grille, captured in in a modern studio under under soft daylight, rendered in cinematic film still.",42,4,apple laptop
1420,"A modern coupe featuring sharply defined body lines, twin-kidney front grille, and sport-inspired diffuser, captured in in a night city scene under during golden hour, rendered in 8k ultra-detailed shot.",42,4,apple laptop
1421,"A luxury coupe featuring twin-kidney front grille, sport-inspired diffuser, and aerodynamic silhouette, captured in on a mountain road under with cinematic lighting, rendered in 8k ultra-detailed shot.",42,4,apple laptop
1422,"A luxury coupe featuring high-gloss black details, sport-inspired diffuser, and muscular wheel arches, captured in in a modern studio under with cinematic lighting, rendered in photorealistic render.",42,4,apple laptop
1423,"A elegant coupe featuring sport-inspired diffuser, dynamic LED headlights, and aerodynamic silhouette, captured in on a racetrack under with studio flash reflections, rendered in 8k ultra-detailed shot.",42,4,apple laptop
1424,"A luxury coupe featuring muscular wheel arches, sport-inspired diffuser, and blue and white accents, captured in in a modern studio under under soft daylight, rendered in cinematic film still.",42,4,apple laptop
1425,"A modern coupe featuring blue and white accents, high-gloss black details, and sharply defined body lines, captured in on a racetrack under with cinematic lighting, rendered in 8k ultra-detailed shot.",42,4,apple laptop
1426,"A aggressive SUV featuring dynamic LED headlights, sharply defined body lines, and performance-oriented stance, captured in in a night city scene under during golden hour, rendered in photorealistic render.",42,4,apple laptop
1427,"A sporty coupe featuring dynamic LED headlights, twin-kidney front grille, and muscular wheel arches, captured in in a modern studio under during golden hour, rendered in photorealistic render.",42,4,apple laptop
1428,"A modern sedan featuring low aggressive front end, sharply defined body lines, and performance-oriented stance, captured in in a futuristic showroom under with studio flash reflections, rendered in photorealistic render.",42,4,apple laptop
1429,"A luxury roadster featuring twin-kidney front grille, high-gloss black details, and dynamic LED headlights, captured in in a modern studio under with studio flash reflections, rendered in 8k ultra-detailed shot.",42,4,apple laptop
1430,"A aggressive coupe featuring twin-kidney front grille, performance-oriented stance, and aerodynamic silhouette, captured in in a futuristic showroom under with studio flash reflections, rendered in cinematic film still.",42,4,apple laptop
1431,"A modern coupe featuring dynamic LED headlights, sport-inspired diffuser, and high-gloss black details, captured in in a modern studio under with studio flash reflections, rendered in photorealistic render.",42,4,apple laptop
1432,"A modern coupe featuring twin-kidney front grille, low aggressive front end, and sport-inspired diffuser, captured in in a modern studio under under soft daylight, rendered in concept car render.",42,4,apple laptop
1433,"A modern coupe featuring muscular wheel arches, twin-kidney front grille, and performance-oriented stance, captured in in a futuristic showroom under with cinematic lighting, rendered in photorealistic render.",42,4,apple laptop
1434,"A aggressive SUV featuring sharply defined body lines, blue and white accents, and muscular wheel arches, captured in on a racetrack under with cinematic lighting, rendered in concept car render.",42,4,apple laptop
1435,"A modern coupe featuring twin-kidney front grille, sharply defined body lines, and performance-oriented stance, captured in in a modern studio under with cinematic lighting, rendered in photorealistic render.",42,4,apple laptop
1436,"A elegant sedan featuring sport-inspired diffuser, dynamic LED headlights, and muscular wheel arches, captured in on a mountain road under with studio flash reflections, rendered in concept car render.",42,4,apple laptop
1437,"A aggressive SUV featuring low aggressive front end, aerodynamic silhouette, and performance-oriented stance, captured in on a racetrack under with studio flash reflections, rendered in 8k ultra-detailed shot.",42,4,apple laptop
1438,"A sporty sedan featuring high-gloss black details, performance-oriented stance, and sport-inspired diffuser, captured in in a modern studio under with studio flash reflections, rendered in photorealistic render.",42,4,apple laptop
1439,"A modern sedan featuring aerodynamic silhouette, twin-kidney front grille, and low aggressive front end, captured in in a modern studio under during golden hour, rendered in photorealistic render.",42,4,apple laptop
1440,"A aggressive coupe featuring dynamic LED headlights, muscular wheel arches, and twin-kidney front grille, captured in in a night city scene under during golden hour, rendered in 8k ultra-detailed shot.",42,4,apple laptop
1441,"A sporty sedan featuring dynamic LED headlights, twin-kidney front grille, and aerodynamic silhouette, captured in in a modern studio under with studio flash reflections, rendered in photorealistic render.",42,4,apple laptop
1442,"A aggressive sedan featuring muscular wheel arches, high-gloss black details, and sport-inspired diffuser, captured in in a futuristic showroom under with studio flash reflections, rendered in 8k ultra-detailed shot.",42,4,apple laptop
1443,"A sporty sedan featuring performance-oriented stance, sport-inspired diffuser, and twin-kidney front grille, captured in in a futuristic showroom under under soft daylight, rendered in 8k ultra-detailed shot.",42,4,apple laptop
1444,"A sporty sedan featuring low aggressive front end, muscular wheel arches, and dynamic LED headlights, captured in in a futuristic showroom under with cinematic lighting, rendered in photorealistic render.",42,4,apple laptop
1445,"A sporty SUV featuring sport-inspired diffuser, dynamic LED headlights, and performance-oriented stance, captured in on a mountain road under with cinematic lighting, rendered in photorealistic render.",42,4,apple laptop
1446,"A aggressive sedan featuring aerodynamic silhouette, low aggressive front end, and muscular wheel arches, captured in in a futuristic showroom under during golden hour, rendered in photorealistic render.",42,4,apple laptop
1447,"A sporty sedan featuring high-gloss black details, low aggressive front end, and sport-inspired diffuser, captured in on a mountain road under with studio flash reflections, rendered in photorealistic render.",42,4,apple laptop
1448,"A sporty SUV featuring aerodynamic silhouette, performance-oriented stance, and sport-inspired diffuser, captured in in a night city scene under with studio flash reflections, rendered in 8k ultra-detailed shot.",42,4,apple laptop
1449,"A elegant sedan featuring muscular wheel arches, sport-inspired diffuser, and sharply defined body lines, captured in in a futuristic showroom under with studio flash reflections, rendered in 8k ultra-detailed shot.",42,4,apple laptop
1450,"A elegant sedan featuring sport-inspired diffuser, dynamic LED headlights, and twin-kidney front grille, captured in in a modern studio under with cinematic lighting, rendered in 8k ultra-detailed shot.",42,4,apple laptop
1451,"A modern coupe featuring high-gloss black details, low aggressive front end, and dynamic LED headlights, captured in in a futuristic showroom under under soft daylight, rendered in photorealistic render.",42,4,apple laptop
1452,"A modern sedan featuring aerodynamic silhouette, sport-inspired diffuser, and high-gloss black details, captured in in a modern studio under with studio flash reflections, rendered in 8k ultra-detailed shot.",42,4,apple laptop
1453,"A sporty SUV featuring performance-oriented stance, dynamic LED headlights, and blue and white accents, captured in in a modern studio under with studio flash reflections, rendered in cinematic film still.",42,4,apple laptop
1454,"A aggressive sedan featuring aerodynamic silhouette, twin-kidney front grille, and performance-oriented stance, captured in in a modern studio under with cinematic lighting, rendered in 8k ultra-detailed shot.",42,4,apple laptop
1455,"A modern sedan featuring sharply defined body lines, muscular wheel arches, and performance-oriented stance, captured in on a racetrack under under soft daylight, rendered in photorealistic render.",42,4,apple laptop
1456,"A aggressive sedan featuring sharply defined body lines, high-gloss black details, and performance-oriented stance, captured in on a mountain road under with cinematic lighting, rendered in photorealistic render.",42,4,apple laptop
1457,"A modern sedan featuring twin-kidney front grille, performance-oriented stance, and dynamic LED headlights, captured in in a modern studio under during golden hour, rendered in photorealistic render.",42,4,apple laptop
1458,"A aggressive sedan featuring blue and white accents, twin-kidney front grille, and low aggressive front end, captured in in a futuristic showroom under under soft daylight, rendered in photorealistic render.",42,4,apple laptop
1459,"A modern sedan featuring dynamic LED headlights, muscular wheel arches, and sharply defined body lines, captured in on a racetrack under under soft daylight, rendered in cinematic film still.",42,4,apple laptop
1460,"A aggressive sedan featuring low aggressive front end, sharply defined body lines, and twin-kidney front grille, captured in in a futuristic showroom under with cinematic lighting, rendered in photorealistic render.",42,4,apple laptop
1461,"A sporty sedan featuring low aggressive front end, dynamic LED headlights, and blue and white accents, captured in in a futuristic showroom under during golden hour, rendered in concept car render.",42,4,apple laptop
1462,"A aggressive sedan featuring performance-oriented stance, twin-kidney front grille, and low aggressive front end, captured in in a modern studio under under soft daylight, rendered in cinematic film still.",42,4,apple laptop
1463,"A aggressive sedan featuring sport-inspired diffuser, low aggressive front end, and sharply defined body lines, captured in on a racetrack under with studio flash reflections, rendered in cinematic film still.",42,4,apple laptop
1464,"A sporty sedan featuring sharply defined body lines, sport-inspired diffuser, and aerodynamic silhouette, captured in on a mountain road under under soft daylight, rendered in cinematic film still.",42,4,apple laptop
1465,"A sporty sedan featuring twin-kidney front grille, dynamic LED headlights, and sport-inspired diffuser, captured in in a night city scene under during golden hour, rendered in 8k ultra-detailed shot.",42,4,apple laptop
1466,"A luxury SUV featuring blue and white accents, performance-oriented stance, and sport-inspired diffuser, captured in in a modern studio under with studio flash reflections, rendered in 8k ultra-detailed shot.",42,4,apple laptop
1467,"A sporty coupe featuring high-gloss black details, dynamic LED headlights, and twin-kidney front grille, captured in in a futuristic showroom under with studio flash reflections, rendered in 8k ultra-detailed shot.",42,4,apple laptop
1468,"A luxury coupe featuring blue and white accents, dynamic LED headlights, and sharply defined body lines, captured in in a modern studio under with studio flash reflections, rendered in photorealistic render.",42,4,apple laptop
1469,"A modern sedan featuring sharply defined body lines, twin-kidney front grille, and aerodynamic silhouette, captured in on a racetrack under with cinematic lighting, rendered in photorealistic render.",42,4,apple laptop
1470,"A sporty sedan featuring sharply defined body lines, low aggressive front end, and performance-oriented stance, captured in in a modern studio under under soft daylight, rendered in 8k ultra-detailed shot.",42,4,apple laptop
1471,"A aggressive sedan featuring dynamic LED headlights, sport-inspired diffuser, and high-gloss black details, captured in in a futuristic showroom under under soft daylight, rendered in concept car render.",42,4,apple laptop
1472,"A sporty coupe featuring twin-kidney front grille, low aggressive front end, and performance-oriented stance, captured in in a futuristic showroom under with cinematic lighting, rendered in photorealistic render.",42,4,apple laptop
1473,"A modern sedan featuring sharply defined body lines, dynamic LED headlights, and high-gloss black details, captured in on a mountain road under during golden hour, rendered in cinematic film still.",42,4,apple laptop
1474,"A sporty SUV featuring dynamic LED headlights, high-gloss black details, and sport-inspired diffuser, captured in in a modern studio under with cinematic lighting, rendered in photorealistic render.",42,4,apple laptop
1475,"A modern SUV featuring high-gloss black details, performance-oriented stance, and sport-inspired diffuser, captured in in a modern studio under during golden hour, rendered in photorealistic render.",42,4,apple laptop
1476,"A modern sedan featuring performance-oriented stance, twin-kidney front grille, and high-gloss black details, captured in on a mountain road under during golden hour, rendered in photorealistic render.",42,4,apple laptop
1477,"A aggressive sedan featuring twin-kidney front grille, low aggressive front end, and blue and white accents, captured in in a modern studio under with studio flash reflections, rendered in concept car render.",42,4,apple laptop
1478,"A modern technical design with triple-stripe accents close-up of chest logo and fabric texture showing mesh ventilation detail, three stripe motif, and angular contour accent, placed in a studio with soft gradient background under with neon blue or orange edge light, in studio product photo.",42,4,apple laptop
1479,"An energetic sportswear with curved airflow lines floating sport tee product shot showing three stripe motif, angular contour accent, and matte and glossy fabric contrast, placed on reflective black surface under bright spotlight, in advertising shot.",42,4,apple laptop
1480,"An energetic fashion athletic look with streamlined performance silhouette folded athletic tee with logo area visible showing three stripe motif, mesh ventilation detail, and angular contour accent, placed in a studio with soft gradient background under with soft studio lighting, in realistic clothing visualization.",42,4,apple laptop
1481,"A modern technical design with triple-stripe accents folded athletic tee with logo area visible showing mesh ventilation detail, angular contour accent, and three stripe motif, placed in a studio with soft gradient background under with rim light on contours, in advertising shot.",42,4,apple laptop
1482,"A dynamic sportswear with curved airflow lines t-shirt inside open shoe box showing three stripe motif, matte and glossy fabric contrast, and angular contour accent, placed on reflective black surface under with rim light on contours, in studio product photo.",42,4,apple laptop
1483,"A dynamic technical design with triple-stripe accents close-up of chest logo and fabric texture showing matte and glossy fabric contrast, angular contour accent, and mesh ventilation detail, placed floating over neutral background under bright spotlight, in high-detail 3D apparel render.",42,4,apple laptop
1484,"A dynamic technical design with triple-stripe accents close-up of chest logo and fabric texture showing matte and glossy fabric contrast, three stripe motif, and angular contour accent, placed on folded stack of other garments under with neon blue or orange edge light, in advertising shot.",42,4,apple laptop
1485,"A sleek technical design with triple-stripe accents t-shirt inside open shoe box showing three stripe motif, reflective print logo, and angular contour accent, placed on folded stack of other garments under bright spotlight, in high-detail 3D apparel render.",42,4,apple laptop
1486,"A sleek technical design with triple-stripe accents t-shirt inside open shoe box showing three stripe motif, angular contour accent, and reflective print logo, placed on reflective black surface under with rim light on contours, in high-detail 3D apparel render.",42,4,apple laptop
1487,"A dynamic sportswear with curved airflow lines close-up of chest logo and fabric texture showing mesh ventilation detail, three stripe motif, and angular contour accent, placed on reflective black surface under with rim light on contours, in high-detail 3D apparel render.",42,4,apple laptop
1488,"A dynamic technical design with triple-stripe accents t-shirt inside open shoe box showing three stripe motif, reflective print logo, and angular contour accent, placed in a studio with soft gradient background under with neon blue or orange edge light, in high-detail 3D apparel render.",42,4,apple laptop
1489,"A minimalist fashion athletic look with streamlined performance silhouette t-shirt inside open shoe box showing three stripe motif, matte and glossy fabric contrast, and reflective print logo, placed floating over neutral background under with neon blue or orange edge light, in realistic clothing visualization.",42,4,apple laptop
1490,"An energetic fashion athletic look with streamlined performance silhouette sports t-shirt on plain background showing three stripe motif, matte and glossy fabric contrast, and mesh ventilation detail, placed floating over neutral background under with neon blue or orange edge light, in high-detail 3D apparel render.",42,4,apple laptop
1491,"A modern fashion athletic look with streamlined performance silhouette sports t-shirt on plain background showing reflective print logo, three stripe motif, and mesh ventilation detail, placed on folded stack of other garments under with neon blue or orange edge light, in studio product photo.",42,4,apple laptop
1492,"A sleek technical design with triple-stripe accents folded athletic tee with logo area visible showing curved line suggesting motion, angular contour accent, and three stripe motif, placed in a studio with soft gradient background under bright spotlight, in high-detail 3D apparel render.",42,4,apple laptop
1493,"An energetic technical design with triple-stripe accents sports t-shirt on plain background showing curved line suggesting motion, angular contour accent, and mesh ventilation detail, placed on reflective black surface under with neon blue or orange edge light, in realistic clothing visualization.",42,4,apple laptop
1494,"A modern technical design with triple-stripe accents folded athletic tee with logo area visible showing three stripe motif, angular contour accent, and mesh ventilation detail, placed floating over neutral background under with neon blue or orange edge light, in advertising shot.",42,4,apple laptop
1495,"A modern fashion athletic look with streamlined performance silhouette folded athletic tee with logo area visible showing mesh ventilation detail, three stripe motif, and matte and glossy fabric contrast, placed on folded stack of other garments under with rim light on contours, in studio product photo.",42,4,apple laptop
1496,"An energetic technical design with triple-stripe accents close-up of chest logo and fabric texture showing curved line suggesting motion, mesh ventilation detail, and angular contour accent, placed floating over neutral background under bright spotlight, in advertising shot.",42,4,apple laptop
1497,"An energetic sportswear with curved airflow lines t-shirt inside open shoe box showing three stripe motif, reflective print logo, and angular contour accent, placed on reflective black surface under with neon blue or orange edge light, in studio product photo.",42,4,apple laptop
1498,"A minimalist fashion athletic look with streamlined performance silhouette stack of sport shirts in assorted colors showing three stripe motif, reflective print logo, and curved line suggesting motion, placed in a studio with soft gradient background under bright spotlight, in high-detail 3D apparel render.",42,4,apple laptop
1499,"A modern technical design with triple-stripe accents close-up of chest logo and fabric texture showing three stripe motif, matte and glossy fabric contrast, and angular contour accent, placed in a studio with soft gradient background under with neon blue or orange edge light, in studio product photo.",42,4,apple laptop
1500,"A minimalist sportswear with curved airflow lines folded athletic tee with logo area visible showing three stripe motif, angular contour accent, and reflective print logo, placed on folded stack of other garments under with rim light on contours, in advertising shot.",42,4,apple laptop
1501,"A sleek technical design with triple-stripe accents folded athletic tee with logo area visible showing angular contour accent, mesh ventilation detail, and three stripe motif, placed on folded stack of other garments under with soft studio lighting, in realistic clothing visualization.",42,4,apple laptop
1502,"A dynamic sportswear with curved airflow lines sports t-shirt on plain background showing three stripe motif, angular contour accent, and reflective print logo, placed in a studio with soft gradient background under bright spotlight, in advertising shot.",42,4,apple laptop
1503,"An energetic technical design with triple-stripe accents t-shirt inside open shoe box showing three stripe motif, angular contour accent, and matte and glossy fabric contrast, placed on reflective black surface under with neon blue or orange edge light, in studio product photo.",42,4,apple laptop
1504,"An energetic fashion athletic look with streamlined performance silhouette sports t-shirt on plain background showing reflective print logo, three stripe motif, and mesh ventilation detail, placed surrounded by orange shoe box packaging under bright spotlight, in high-detail 3D apparel render.",42,4,apple laptop
1505,"A dynamic technical design with triple-stripe accents close-up of chest logo and fabric texture showing three stripe motif, angular contour accent, and curved line suggesting motion, placed floating over neutral background under with soft studio lighting, in studio product photo.",42,4,apple laptop
1506,"A sleek fashion athletic look with streamlined performance silhouette t-shirt inside open shoe box showing mesh ventilation detail, matte and glossy fabric contrast, and three stripe motif, placed in a studio with soft gradient background under bright spotlight, in studio product photo.",42,4,apple laptop
1507,"A minimalist technical design with triple-stripe accents close-up of chest logo and fabric texture showing mesh ventilation detail, angular contour accent, and curved line suggesting motion, placed floating over neutral background under bright spotlight, in realistic clothing visualization.",42,4,apple laptop
1508,"A sleek technical design with triple-stripe accents sports t-shirt on plain background showing three stripe motif, matte and glossy fabric contrast, and angular contour accent, placed on folded stack of other garments under bright spotlight, in high-detail 3D apparel render.",42,4,apple laptop
1509,"An energetic fashion athletic look with streamlined performance silhouette sports t-shirt on plain background showing three stripe motif, curved line suggesting motion, and reflective print logo, placed floating over neutral background under bright spotlight, in high-detail 3D apparel render.",42,4,apple laptop
1510,"A dynamic technical design with triple-stripe accents folded athletic tee with logo area visible showing curved line suggesting motion, angular contour accent, and reflective print logo, placed on folded stack of other garments under with soft studio lighting, in high-detail 3D apparel render.",42,4,apple laptop
1511,"A sleek fashion athletic look with streamlined performance silhouette sports t-shirt on plain background showing matte and glossy fabric contrast, three stripe motif, and reflective print logo, placed in a studio with soft gradient background under bright spotlight, in studio product photo.",42,4,apple laptop
1512,"A dynamic technical design with triple-stripe accents folded athletic tee with logo area visible showing angular contour accent, three stripe motif, and mesh ventilation detail, placed on folded stack of other garments under with rim light on contours, in studio product photo.",42,4,apple laptop
1513,"A sleek fashion athletic look with streamlined performance silhouette sports t-shirt on plain background showing mesh ventilation detail, three stripe motif, and matte and glossy fabric contrast, placed on reflective black surface under bright spotlight, in high-detail 3D apparel render.",42,4,apple laptop
1514,"An energetic technical design with triple-stripe accents sports t-shirt on plain background showing angular contour accent, matte and glossy fabric contrast, and three stripe motif, placed on reflective black surface under with neon blue or orange edge light, in studio product photo.",42,4,apple laptop
1515,"A minimalist sportswear with curved airflow lines t-shirt inside open shoe box showing reflective print logo, angular contour accent, and three stripe motif, placed floating over neutral background under with neon blue or orange edge light, in advertising shot.",42,4,apple laptop
1516,"A dynamic sportswear with curved airflow lines close-up of chest logo and fabric texture showing matte and glossy fabric contrast, angular contour accent, and three stripe motif, placed floating over neutral background under with soft studio lighting, in advertising shot.",42,4,apple laptop
1517,"A sleek technical design with triple-stripe accents floating sport tee product shot showing mesh ventilation detail, matte and glossy fabric contrast, and angular contour accent, placed in a studio with soft gradient background under with soft studio lighting, in studio product photo.",42,4,apple laptop
1518,"An energetic technical design with triple-stripe accents stack of sport shirts in assorted colors showing angular contour accent, mesh ventilation detail, and three stripe motif, placed floating over neutral background under with soft studio lighting, in advertising shot.",42,4,apple laptop
1519,"A modern sportswear with curved airflow lines close-up of chest logo and fabric texture showing mesh ventilation detail, angular contour accent, and three stripe motif, placed floating over neutral background under with soft studio lighting, in realistic clothing visualization.",42,4,apple laptop
1520,"An energetic neutral athletic style with clean geometry sports t-shirt on plain background showing mesh ventilation detail, three stripe motif, and angular contour accent, placed in a studio with soft gradient background under bright spotlight, in advertising shot.",42,4,apple laptop
1521,"An energetic sportswear with curved airflow lines folded athletic tee with logo area visible showing reflective print logo, three stripe motif, and angular contour accent, placed on reflective black surface under bright spotlight, in studio product photo.",42,4,apple laptop
1522,"A cinematic performance running shoe aesthetic with swoosh-inspired curvature and sense of motion floating athletic shoe product render with motion blur highlighting reflections on rubber sole and glossy surfaces, light rays and particles emphasizing shape, and contrast between matte fabric and reflective layers, photographed on a minimal gradient background with spotlight under high-contrast spotlight from above, rendered in commercial macro studio shot.",42,4,apple laptop
1523,"A dynamic performance running shoe aesthetic with swoosh-inspired curvature and sense of motion floating athletic shoe product render with motion blur highlighting textile mesh detail with micro shadows, midsole foam and tread texture rendered sharply, and light rays and particles emphasizing shape, photographed in a dark studio with backlit fog and reflective floor under with neon edge lighting highlighting contours, rendered in dynamic 3D product visualization.",42,4,apple laptop
1524,"A powerful performance running shoe aesthetic with swoosh-inspired curvature and sense of motion shoe silhouette captured in cinematic spotlight highlighting subtle motion blur suggesting fast movement, textile mesh detail with micro shadows, and reflections on rubber sole and glossy surfaces, photographed in a dark studio with backlit fog and reflective floor under cool LED illumination with sharp reflections, rendered in premium lifestyle sneaker campaign visual.",42,4,apple laptop
1525,"A modern performance running shoe aesthetic with swoosh-inspired curvature and sense of motion macro photography of mesh and material details highlighting neon color accents highlighting dynamic structure, midsole foam and tread texture rendered sharply, and subtle motion blur suggesting fast movement, photographed on a minimal gradient background with spotlight under with backlight emphasizing the shoe silhouette, rendered in cinematic advertising photography aesthetic.",42,4,apple laptop
1526,"An ultra-detailed performance running shoe aesthetic with swoosh-inspired curvature and sense of motion studio advertising composition featuring sneakers only highlighting sweeping aerodynamic curvature of the shoe silhouette, midsole foam and tread texture rendered sharply, and swoosh-shaped lines suggesting speed and motion, photographed floating above reflective black glass surface under cool LED illumination with sharp reflections, rendered in ultra-detailed 8k footwear product render.",42,4,apple laptop
1527,"An ultra-detailed performance running shoe aesthetic with swoosh-inspired curvature and sense of motion studio advertising composition featuring sneakers only highlighting subtle motion blur suggesting fast movement, midsole foam and tread texture rendered sharply, and swoosh-shaped lines suggesting speed and motion, photographed floating above reflective black glass surface under high-contrast spotlight from above, rendered in dynamic 3D product visualization.",42,4,apple laptop
1528,"A dynamic performance running shoe aesthetic with swoosh-inspired curvature and sense of motion floating athletic shoe product render with motion blur highlighting contrast between matte fabric and reflective layers, reflections on rubber sole and glossy surfaces, and subtle motion blur suggesting fast movement, photographed in a dark studio with backlit fog and reflective floor under with dramatic rim lighting and soft ambient glow, rendered in premium lifestyle sneaker campaign visual.",42,4,apple laptop
1529,"A minimalist neutral athletic style with clean geometry close-up of chest logo and fabric texture showing reflective swoosh emblem, Flyknit-inspired ventilation detail, and matte versus gloss fabric contrast, placed floating over neutral background under with soft studio lighting, in studio product photo.",42,4,apple laptop
1530,"A minimalist neutral athletic style with clean geometry stack of sport shirts in assorted colors showing swoosh trail graphic suggesting motion, reflective swoosh emblem, and matte versus gloss fabric contrast, placed surrounded by orange shoe box packaging under with rim light on contours, in advertising shot.",42,4,apple laptop
1531,"A dynamic sportswear with curved airflow lines folded athletic tee with logo area visible showing swoosh-cut contour accent, swoosh trail graphic suggesting motion, and matte versus gloss fabric contrast, placed in a studio with soft gradient background under bright spotlight, in advertising shot.",42,4,apple laptop
1532,"A sleek sportswear with curved airflow lines folded athletic tee with logo area visible showing swoosh trail graphic suggesting motion, swoosh-cut contour accent, and reflective swoosh emblem, placed in a studio with soft gradient background under with rim light on contours, in high-detail 3D apparel render.",42,4,apple laptop
1533,"A dynamic neutral athletic style with clean geometry floating sport tee product shot showing reflective swoosh emblem, matte versus gloss fabric contrast, and Flyknit-inspired ventilation detail, placed in a studio with soft gradient background under with rim light on contours, in high-detail 3D apparel render.",42,4,apple laptop
1534,"A modern sportswear with curved airflow lines floating sport tee product shot showing Flyknit-inspired ventilation detail, matte versus gloss fabric contrast, and parallel band motif, placed floating over neutral background under with rim light on contours, in realistic clothing visualization.",42,4,apple laptop
1535,"An energetic sportswear with curved airflow lines folded athletic tee with logo area visible showing matte versus gloss fabric contrast, reflective swoosh emblem, and Flyknit-inspired ventilation detail, placed on reflective black surface under with rim light on contours, in high-detail 3D apparel render.",42,4,apple laptop
1536,"An energetic sportswear with curved airflow lines sports t-shirt on plain background showing reflective swoosh emblem, swoosh trail graphic suggesting motion, and Flyknit-inspired ventilation detail, placed floating over neutral background under with soft studio lighting, in high-detail 3D apparel render.",42,4,apple laptop
1537,"A modern sportswear with curved airflow lines sports t-shirt on plain background showing swoosh trail graphic suggesting motion, reflective swoosh emblem, and matte versus gloss fabric contrast, placed surrounded by orange shoe box packaging under bright spotlight, in advertising shot.",42,4,apple laptop
1538,"A minimalist sportswear with curved airflow lines folded athletic tee with logo area visible showing Flyknit-inspired ventilation detail, matte versus gloss fabric contrast, and reflective swoosh emblem, placed on folded stack of other garments under with neon blue or orange edge light, in high-detail 3D apparel render.",42,4,apple laptop
1539,"A dynamic sportswear with curved airflow lines sports t-shirt on plain background showing reflective swoosh emblem, swoosh trail graphic suggesting motion, and parallel band motif, placed surrounded by orange shoe box packaging under with neon blue or orange edge light, in advertising shot.",42,4,apple laptop
1540,"A minimalist fashion athletic look with streamlined athletic profile folded athletic tee with logo area visible showing parallel band motif, Flyknit-inspired ventilation detail, and swoosh trail graphic suggesting motion, placed on reflective black surface under bright spotlight, in studio product photo.",42,4,apple laptop
1541,"A dynamic technical design with layered panel accents sports t-shirt on plain background showing swoosh-cut contour accent, matte versus gloss fabric contrast, and reflective swoosh emblem, placed in a studio with soft gradient background under bright spotlight, in realistic clothing visualization.",42,4,apple laptop
1542,"A dynamic sportswear with curved airflow lines sports t-shirt on plain background showing reflective swoosh emblem, matte versus gloss fabric contrast, and Flyknit-inspired ventilation detail, placed on folded stack of other garments under bright spotlight, in advertising shot.",42,4,apple laptop
1543,"An energetic neutral athletic style with clean geometry sports t-shirt on plain background showing Flyknit-inspired ventilation detail, swoosh-cut contour accent, and swoosh trail graphic suggesting motion, placed on folded stack of other garments under with rim light on contours, in advertising shot.",42,4,apple laptop
1544,"A dynamic neutral athletic style with clean geometry close-up of chest logo and fabric texture showing matte versus gloss fabric contrast, reflective swoosh emblem, and swoosh trail graphic suggesting motion, placed surrounded by orange shoe box packaging under with rim light on contours, in high-detail 3D apparel render.",42,4,apple laptop
1545,"A minimalist fashion athletic look with streamlined athletic profile close-up of chest logo and fabric texture showing Flyknit-inspired ventilation detail, matte versus gloss fabric contrast, and reflective swoosh emblem, placed floating over neutral background under with rim light on contours, in realistic clothing visualization.",42,4,apple laptop
1546,"A modern sportswear with curved airflow lines folded athletic tee with logo area visible showing parallel band motif, Flyknit-inspired ventilation detail, and swoosh trail graphic suggesting motion, placed surrounded by orange shoe box packaging under with neon blue or orange edge light, in advertising shot.",42,4,apple laptop
1547,"A sleek sportswear with curved airflow lines close-up of chest logo and fabric texture showing Flyknit-inspired ventilation detail, swoosh-cut contour accent, and matte versus gloss fabric contrast, placed in a studio with soft gradient background under with neon blue or orange edge light, in realistic clothing visualization.",42,4,apple laptop
1548,"A minimalist sportswear with curved airflow lines t-shirt inside open shoe box showing swoosh-cut contour accent, matte versus gloss fabric contrast, and reflective swoosh emblem, placed on folded stack of other garments under with soft studio lighting, in high-detail 3D apparel render.",42,4,apple laptop
1549,"An energetic fashion athletic look with streamlined athletic profile floating sport tee product shot showing reflective swoosh emblem, matte versus gloss fabric contrast, and swoosh trail graphic suggesting motion, placed surrounded by orange shoe box packaging under with soft studio lighting, in studio product photo.",42,4,apple laptop
1550,"A dynamic sportswear with curved airflow lines sports t-shirt on plain background showing Flyknit-inspired ventilation detail, swoosh-cut contour accent, and swoosh trail graphic suggesting motion, placed on folded stack of other garments under with soft studio lighting, in advertising shot.",42,4,apple laptop
1551,"An energetic neutral athletic style with clean geometry sports t-shirt on plain background showing matte versus gloss fabric contrast, swoosh trail graphic suggesting motion, and reflective swoosh emblem, placed in a studio with soft gradient background under with soft studio lighting, in realistic clothing visualization.",42,4,apple laptop
1552,"A modern sportswear with curved airflow lines sports t-shirt on plain background showing Flyknit-inspired ventilation detail, matte versus gloss fabric contrast, and reflective swoosh emblem, placed floating over neutral background under with rim light on contours, in realistic clothing visualization.",42,4,apple laptop
1553,"A sleek sportswear with curved airflow lines floating sport tee product shot showing matte versus gloss fabric contrast, reflective swoosh emblem, and Flyknit-inspired ventilation detail, placed in a studio with soft gradient background under bright spotlight, in high-detail 3D apparel render.",42,4,apple laptop
1554,"A modern neutral athletic style with clean geometry sports t-shirt on plain background showing reflective swoosh emblem, swoosh trail graphic suggesting motion, and matte versus gloss fabric contrast, placed surrounded by orange shoe box packaging under with soft studio lighting, in advertising shot.",42,4,apple laptop
1555,"A modern sportswear with curved airflow lines floating sport tee product shot showing reflective swoosh emblem, matte versus gloss fabric contrast, and Flyknit-inspired ventilation detail, placed in a studio with soft gradient background under with soft studio lighting, in studio product photo.",42,4,apple laptop
1556,"A minimalist sportswear with curved airflow lines folded athletic tee with logo area visible showing reflective swoosh emblem, matte versus gloss fabric contrast, and swoosh trail graphic suggesting motion, placed surrounded by orange shoe box packaging under with rim light on contours, in advertising shot.",42,4,apple laptop
1557,"An energetic sportswear with curved airflow lines t-shirt inside open shoe box showing reflective swoosh emblem, Flyknit-inspired ventilation detail, and matte versus gloss fabric contrast, placed on reflective black surface under with rim light on contours, in advertising shot.",42,4,apple laptop
1558,"An energetic sportswear with curved airflow lines folded athletic tee with logo area visible showing swoosh trail graphic suggesting motion, Flyknit-inspired ventilation detail, and parallel band motif, placed surrounded by orange shoe box packaging under bright spotlight, in advertising shot.",42,4,apple laptop
1559,"A sleek sportswear with curved airflow lines close-up of chest logo and fabric texture showing swoosh trail graphic suggesting motion, matte versus gloss fabric contrast, and reflective swoosh emblem, placed surrounded by orange shoe box packaging under with rim light on contours, in studio product photo.",42,4,apple laptop
1560,"A minimalist sportswear with curved airflow lines folded athletic tee with logo area visible showing Flyknit-inspired ventilation detail, reflective swoosh emblem, and matte versus gloss fabric contrast, placed surrounded by orange shoe box packaging under with soft studio lighting, in realistic clothing visualization.",42,4,apple laptop
1561,"A minimalist sportswear with curved airflow lines t-shirt inside open shoe box showing reflective swoosh emblem, matte versus gloss fabric contrast, and Flyknit-inspired ventilation detail, placed in a studio with soft gradient background under bright spotlight, in advertising shot.",42,4,apple laptop
1562,"A dynamic sportswear with curved airflow lines close-up of chest logo and fabric texture showing reflective swoosh emblem, Flyknit-inspired ventilation detail, and swoosh trail graphic suggesting motion, placed surrounded by orange shoe box packaging under bright spotlight, in studio product photo.",42,4,apple laptop
1563,"An energetic sportswear with curved airflow lines floating sport tee product shot showing reflective swoosh emblem, matte versus gloss fabric contrast, and swoosh-cut contour accent, placed surrounded by orange shoe box packaging under with rim light on contours, in studio product photo.",42,4,apple laptop
1564,"A dynamic neutral athletic style with clean geometry folded athletic tee with logo area visible showing parallel band motif, matte versus gloss fabric contrast, and swoosh trail graphic suggesting motion, placed floating over neutral background under with rim light on contours, in high-detail 3D apparel render.",42,4,apple laptop
1565,"A minimalist sportswear with curved airflow lines sports t-shirt on plain background showing reflective swoosh emblem, Flyknit-inspired ventilation detail, and swoosh trail graphic suggesting motion, placed surrounded by orange shoe box packaging under bright spotlight, in high-detail 3D apparel render.",42,4,apple laptop
1566,"An energetic sportswear with curved airflow lines sports t-shirt on plain background showing matte versus gloss fabric contrast, swoosh trail graphic suggesting motion, and reflective swoosh emblem, placed surrounded by orange shoe box packaging under with rim light on contours, in realistic clothing visualization.",42,4,apple laptop
1567,"An energetic sportswear with curved airflow lines sports t-shirt on plain background showing matte versus gloss fabric contrast, Flyknit-inspired ventilation detail, and reflective swoosh emblem, placed floating over neutral background under with soft studio lighting, in realistic clothing visualization.",42,4,apple laptop
1568,"A sleek sportswear with curved airflow lines stack of sport shirts in assorted colors showing Flyknit-inspired ventilation detail, swoosh trail graphic suggesting motion, and reflective swoosh emblem, placed floating over neutral background under with soft studio lighting, in high-detail 3D apparel render.",42,4,apple laptop
1569,"A dynamic neutral athletic style with clean geometry close-up of chest logo and fabric texture showing matte versus gloss fabric contrast, reflective swoosh emblem, and swoosh trail graphic suggesting motion, placed floating over neutral background under with rim light on contours, in high-detail 3D apparel render.",42,4,apple laptop
1570,"A sleek sportswear with curved airflow lines folded athletic tee with logo area visible showing matte versus gloss fabric contrast, swoosh trail graphic suggesting motion, and Flyknit-inspired ventilation detail, placed floating over neutral background under with rim light on contours, in studio product photo.",42,4,apple laptop
1571,"An energetic fashion athletic look with streamlined athletic profile floating sport tee product shot showing swoosh trail graphic suggesting motion, Flyknit-inspired ventilation detail, and matte versus gloss fabric contrast, placed in a studio with soft gradient background under with rim light on contours, in studio product photo.",42,4,apple laptop
1572,"A modern sportswear with curved airflow lines floating sport tee product shot showing reflective swoosh emblem, swoosh trail graphic suggesting motion, and Flyknit-inspired ventilation detail, placed floating over neutral background under with rim light on contours, in high-detail 3D apparel render.",42,4,apple laptop
1573,"A minimalist sportswear with curved airflow lines sports t-shirt on plain background showing Flyknit-inspired ventilation detail, reflective swoosh emblem, and swoosh trail graphic suggesting motion, placed in a studio with soft gradient background under bright spotlight, in realistic clothing visualization.",42,4,apple laptop
1574,"A sleek fashion athletic look with streamlined athletic profile floating sport tee product shot showing matte versus gloss fabric contrast, Flyknit-inspired ventilation detail, and reflective swoosh emblem, placed in a studio with soft gradient background under bright spotlight, in high-detail 3D apparel render.",42,4,apple laptop
1575,"A modern sportswear with curved airflow lines stack of sport shirts in assorted colors showing reflective swoosh emblem, matte versus gloss fabric contrast, and Flyknit-inspired ventilation detail, placed in a studio with soft gradient background under bright spotlight, in advertising shot.",42,4,apple laptop
1576,"A dynamic sportswear with curved airflow lines floating sport tee product shot showing reflective swoosh emblem, Flyknit-inspired ventilation detail, and swoosh trail graphic suggesting motion, placed on reflective black surface under with soft studio lighting, in high-detail 3D apparel render.",42,4,apple laptop
1577,"A minimalist sportswear with curved airflow lines sports t-shirt on plain background showing reflective swoosh emblem, swoosh trail graphic suggesting motion, and matte versus gloss fabric contrast, placed on folded stack of other garments under bright spotlight, in studio product photo.",42,4,apple laptop
1578,"A dynamic sportswear with curved airflow lines t-shirt inside open shoe box showing matte versus gloss fabric contrast, Flyknit-inspired ventilation detail, and swoosh trail graphic suggesting motion, placed on reflective black surface under with rim light on contours, in studio product photo.",42,4,apple laptop
1579,"A dynamic neutral athletic style with clean geometry floating sport tee product shot showing matte versus gloss fabric contrast, reflective swoosh emblem, and Flyknit-inspired ventilation detail, placed on folded stack of other garments under bright spotlight, in advertising shot.",42,4,apple laptop
1580,"A minimalist sportswear with curved airflow lines sports t-shirt on plain background showing matte versus gloss fabric contrast, Flyknit-inspired ventilation detail, and reflective swoosh emblem, placed in a studio with soft gradient background under with neon blue or orange edge light, in advertising shot.",42,4,apple laptop
1581,"An energetic sportswear with curved airflow lines sports t-shirt on plain background showing swoosh-cut contour accent, matte versus gloss fabric contrast, and reflective swoosh emblem, placed floating over neutral background under with neon blue or orange edge light, in high-detail 3D apparel render.",42,4,apple laptop
1582,"A modern fashion athletic look with streamlined athletic profile sports t-shirt on plain background showing Flyknit-inspired ventilation detail, matte versus gloss fabric contrast, and swoosh trail graphic suggesting motion, placed on reflective black surface under with soft studio lighting, in advertising shot.",42,4,apple laptop
1583,"An energetic neutral athletic style with clean geometry floating sport tee product shot showing reflective swoosh emblem, matte versus gloss fabric contrast, and swoosh trail graphic suggesting motion, placed in a studio with soft gradient background under with soft studio lighting, in studio product photo.",42,4,apple laptop
1584,"A minimalist neutral athletic style with clean geometry sports t-shirt on plain background showing swoosh trail graphic suggesting motion, Flyknit-inspired ventilation detail, and reflective swoosh emblem, placed surrounded by orange shoe box packaging under bright spotlight, in realistic clothing visualization.",42,4,apple laptop
1585,"An energetic sportswear with curved airflow lines t-shirt inside open shoe box showing matte versus gloss fabric contrast, reflective swoosh emblem, and Flyknit-inspired ventilation detail, placed in a studio with soft gradient background under with rim light on contours, in advertising shot.",42,4,apple laptop
1586,"A minimalist technical design with layered panel accents floating sport tee product shot showing Flyknit-inspired ventilation detail, reflective swoosh emblem, and swoosh trail graphic suggesting motion, placed surrounded by orange shoe box packaging under with soft studio lighting, in realistic clothing visualization.",42,4,apple laptop
1587,"A modern sportswear with curved airflow lines stack of sport shirts in assorted colors showing Flyknit-inspired ventilation detail, reflective swoosh emblem, and swoosh trail graphic suggesting motion, placed in a studio with soft gradient background under with soft studio lighting, in studio product photo.",42,4,apple laptop
1588,"An energetic neutral athletic style with clean geometry sports t-shirt on plain background showing swoosh trail graphic suggesting motion, Flyknit-inspired ventilation detail, and reflective swoosh emblem, placed on reflective black surface under with soft studio lighting, in realistic clothing visualization.",42,4,apple laptop
1589,"A minimalist neutral athletic style with clean geometry close-up of chest logo and fabric texture showing reflective leaping-cat emblem, engineered mesh ventilation detail, and matte-plus-gloss fabric contrast, placed floating over neutral background under soft studio lighting, in studio product photo.",42,4,apple laptop
1590,"A minimalist neutral athletic style with clean geometry stack of sport shirts in assorted colors showing formstrip sweep suggesting motion, reflective leaping-cat emblem, and matte-plus-gloss fabric contrast, placed surrounded by orange shoe box packaging under rim light on contours, in advertising shot.",42,4,apple laptop
1591,"A dynamic sportswear with curved airflow lines folded athletic tee with logo area visible showing feline contour accent, formstrip sweep suggesting motion, and matte-plus-gloss fabric contrast, placed in a studio with soft gradient background under bright spotlight, in advertising shot.",42,4,apple laptop
1592,"A sleek sportswear with curved airflow lines folded athletic tee with logo area visible showing formstrip sweep suggesting motion, feline contour accent, and reflective leaping-cat emblem, placed in a studio with soft gradient background under rim light on contours, in high-detail 3D apparel render.",42,4,apple laptop
1593,"A dynamic neutral athletic style with clean geometry floating sport tee product shot showing reflective leaping-cat emblem, matte-plus-gloss fabric contrast, and engineered mesh ventilation detail, placed in a studio with soft gradient background under rim light on contours, in high-detail 3D apparel render.",42,4,apple laptop
1594,"An energetic sportswear with curved airflow lines folded athletic tee with logo area visible showing matte-plus-gloss fabric contrast, reflective leaping-cat emblem, and engineered mesh ventilation detail, placed on reflective black surface under rim light on contours, in high-detail 3D apparel render.",42,4,apple laptop
1595,"An energetic sportswear with curved airflow lines sports t-shirt on plain background showing reflective leaping-cat emblem, formstrip sweep suggesting motion, and engineered mesh ventilation detail, placed floating over neutral background under soft studio lighting, in high-detail 3D apparel render.",42,4,apple laptop
1596,"A modern sportswear with curved airflow lines sports t-shirt on plain background showing formstrip sweep suggesting motion, reflective leaping-cat emblem, and matte-plus-gloss fabric contrast, placed surrounded by orange shoe box packaging under bright spotlight, in advertising shot.",42,4,apple laptop
1597,"A minimalist sportswear with curved airflow lines folded athletic tee with logo area visible showing engineered mesh ventilation detail, matte-plus-gloss fabric contrast, and reflective leaping-cat emblem, placed on folded stack of other garments under neon blue or orange edge light, in high-detail 3D apparel render.",42,4,apple laptop
1598,"A dynamic sportswear with curved airflow lines sports t-shirt on plain background showing reflective leaping-cat emblem, formstrip sweep suggesting motion, and formstrip overlay motif, placed surrounded by orange shoe box packaging under neon blue or orange edge light, in advertising shot.",42,4,apple laptop
1599,"A dynamic sportswear with curved airflow lines sports t-shirt on plain background showing reflective leaping-cat emblem, matte-plus-gloss fabric contrast, and engineered mesh ventilation detail, placed on folded stack of other garments under bright spotlight, in advertising shot.",42,4,apple laptop
1600,"A dynamic neutral athletic style with clean geometry close-up of chest logo and fabric texture showing matte-plus-gloss fabric contrast, reflective leaping-cat emblem, and formstrip sweep suggesting motion, placed surrounded by orange shoe box packaging under rim light on contours, in high-detail 3D apparel render.",42,4,apple laptop
1601,"A minimalist fashion athletic look with feline-inspired shape close-up of chest logo and fabric texture showing engineered mesh ventilation detail, matte-plus-gloss fabric contrast, and reflective leaping-cat emblem, placed floating over neutral background under rim light on contours, in realistic clothing visualization.",42,4,apple laptop
1602,"A minimalist sportswear with curved airflow lines t-shirt inside open shoe box showing feline contour accent, matte-plus-gloss fabric contrast, and reflective leaping-cat emblem, placed on folded stack of other garments under soft studio lighting, in high-detail 3D apparel render.",42,4,apple laptop
1603,"An energetic fashion athletic look with feline-inspired shape floating sport tee product shot showing reflective leaping-cat emblem, matte-plus-gloss fabric contrast, and formstrip sweep suggesting motion, placed surrounded by orange shoe box packaging under soft studio lighting, in studio product photo.",42,4,apple laptop
1604,"An energetic neutral athletic style with clean geometry sports t-shirt on plain background showing matte-plus-gloss fabric contrast, formstrip sweep suggesting motion, and reflective leaping-cat emblem, placed in a studio with soft gradient background under soft studio lighting, in realistic clothing visualization.",42,4,apple laptop
1605,"A modern sportswear with curved airflow lines sports t-shirt on plain background showing engineered mesh ventilation detail, matte-plus-gloss fabric contrast, and reflective leaping-cat emblem, placed floating over neutral background under rim light on contours, in realistic clothing visualization.",42,4,apple laptop
1606,"A sleek sportswear with curved airflow lines floating sport tee product shot showing matte-plus-gloss fabric contrast, reflective leaping-cat emblem, and engineered mesh ventilation detail, placed in a studio with soft gradient background under bright spotlight, in high-detail 3D apparel render.",42,4,apple laptop
1607,"A modern neutral athletic style with clean geometry sports t-shirt on plain background showing reflective leaping-cat emblem, formstrip sweep suggesting motion, and matte-plus-gloss fabric contrast, placed surrounded by orange shoe box packaging under soft studio lighting, in advertising shot.",42,4,apple laptop
1608,"A modern sportswear with curved airflow lines floating sport tee product shot showing reflective leaping-cat emblem, matte-plus-gloss fabric contrast, and engineered mesh ventilation detail, placed in a studio with soft gradient background under soft studio lighting, in studio product photo.",42,4,apple laptop
1609,"A minimalist sportswear with curved airflow lines folded athletic tee with logo area visible showing reflective leaping-cat emblem, matte-plus-gloss fabric contrast, and formstrip sweep suggesting motion, placed surrounded by orange shoe box packaging under rim light on contours, in advertising shot.",42,4,apple laptop
1610,"An energetic sportswear with curved airflow lines t-shirt inside open shoe box showing reflective leaping-cat emblem, engineered mesh ventilation detail, and matte-plus-gloss fabric contrast, placed on reflective black surface under rim light on contours, in advertising shot.",42,4,apple laptop
1611,"A sleek sportswear with curved airflow lines close-up of chest logo and fabric texture showing formstrip sweep suggesting motion, matte-plus-gloss fabric contrast, and reflective leaping-cat emblem, placed surrounded by orange shoe box packaging under rim light on contours, in studio product photo.",42,4,apple laptop
1612,"A minimalist sportswear with curved airflow lines folded athletic tee with logo area visible showing engineered mesh ventilation detail, reflective leaping-cat emblem, and matte-plus-gloss fabric contrast, placed surrounded by orange shoe box packaging under soft studio lighting, in realistic clothing visualization.",42,4,apple laptop
1613,"A minimalist sportswear with curved airflow lines t-shirt inside open shoe box showing reflective leaping-cat emblem, matte-plus-gloss fabric contrast, and engineered mesh ventilation detail, placed in a studio with soft gradient background under bright spotlight, in advertising shot.",42,4,apple laptop
1614,"A dynamic sportswear with curved airflow lines close-up of chest logo and fabric texture showing reflective leaping-cat emblem, engineered mesh ventilation detail, and formstrip sweep suggesting motion, placed surrounded by orange shoe box packaging under bright spotlight, in studio product photo.",42,4,apple laptop
1615,"An energetic sportswear with curved airflow lines floating sport tee product shot showing reflective leaping-cat emblem, matte-plus-gloss fabric contrast, and feline contour accent, placed surrounded by orange shoe box packaging under rim light on contours, in studio product photo.",42,4,apple laptop
1616,"An energetic sportswear with curved airflow lines sports t-shirt on plain background showing matte-plus-gloss fabric contrast, formstrip sweep suggesting motion, and reflective leaping-cat emblem, placed surrounded by orange shoe box packaging under rim light on contours, in realistic clothing visualization.",42,4,apple laptop
1617,"An energetic sportswear with curved airflow lines sports t-shirt on plain background showing matte-plus-gloss fabric contrast, engineered mesh ventilation detail, and reflective leaping-cat emblem, placed floating over neutral background under soft studio lighting, in realistic clothing visualization.",42,4,apple laptop
1618,"A sleek sportswear with curved airflow lines stack of sport shirts in assorted colors showing engineered mesh ventilation detail, formstrip sweep suggesting motion, and reflective leaping-cat emblem, placed floating over neutral background under soft studio lighting, in high-detail 3D apparel render.",42,4,apple laptop
1619,"A dynamic neutral athletic style with clean geometry close-up of chest logo and fabric texture showing matte-plus-gloss fabric contrast, reflective leaping-cat emblem, and formstrip sweep suggesting motion, placed floating over neutral background under rim light on contours, in high-detail 3D apparel render.",42,4,apple laptop
1620,"A modern sportswear with curved airflow lines floating sport tee product shot showing reflective leaping-cat emblem, formstrip sweep suggesting motion, and engineered mesh ventilation detail, placed floating over neutral background under rim light on contours, in high-detail 3D apparel render.",42,4,apple laptop
1621,"A minimalist sportswear with curved airflow lines sports t-shirt on plain background showing engineered mesh ventilation detail, reflective leaping-cat emblem, and formstrip sweep suggesting motion, placed in a studio with soft gradient background under bright spotlight, in realistic clothing visualization.",42,4,apple laptop
1622,"A sleek fashion athletic look with feline-inspired shape floating sport tee product shot showing matte-plus-gloss fabric contrast, engineered mesh ventilation detail, and reflective leaping-cat emblem, placed in a studio with soft gradient background under bright spotlight, in high-detail 3D apparel render.",42,4,apple laptop
1623,"A modern sportswear with curved airflow lines stack of sport shirts in assorted colors showing reflective leaping-cat emblem, matte-plus-gloss fabric contrast, and engineered mesh ventilation detail, placed in a studio with soft gradient background under bright spotlight, in advertising shot.",42,4,apple laptop
1624,"A dynamic sportswear with curved airflow lines floating sport tee product shot showing reflective leaping-cat emblem, engineered mesh ventilation detail, and formstrip sweep suggesting motion, placed on reflective black surface under soft studio lighting, in high-detail 3D apparel render.",42,4,apple laptop
1625,"A minimalist sportswear with curved airflow lines sports t-shirt on plain background showing reflective leaping-cat emblem, formstrip sweep suggesting motion, and matte-plus-gloss fabric contrast, placed on folded stack of other garments under bright spotlight, in studio product photo.",42,4,apple laptop
1626,"A dynamic neutral athletic style with clean geometry floating sport tee product shot showing matte-plus-gloss fabric contrast, reflective leaping-cat emblem, and engineered mesh ventilation detail, placed on folded stack of other garments under bright spotlight, in advertising shot.",42,4,apple laptop
1627,"A minimalist sportswear with curved airflow lines sports t-shirt on plain background showing matte-plus-gloss fabric contrast, engineered mesh ventilation detail, and reflective leaping-cat emblem, placed in a studio with soft gradient background under neon blue or orange edge light, in advertising shot.",42,4,apple laptop
1628,"An energetic sportswear with curved airflow lines sports t-shirt on plain background showing feline contour accent, matte-plus-gloss fabric contrast, and reflective leaping-cat emblem, placed floating over neutral background under neon blue or orange edge light, in high-detail 3D apparel render.",42,4,apple laptop
1629,"An energetic neutral athletic style with clean geometry floating sport tee product shot showing reflective leaping-cat emblem, matte-plus-gloss fabric contrast, and formstrip sweep suggesting motion, placed in a studio with soft gradient background under soft studio lighting, in studio product photo.",42,4,apple laptop
1630,"A minimalist neutral athletic style with clean geometry sports t-shirt on plain background showing formstrip sweep suggesting motion, engineered mesh ventilation detail, and reflective leaping-cat emblem, placed surrounded by orange shoe box packaging under bright spotlight, in realistic clothing visualization.",42,4,apple laptop
1631,"An energetic sportswear with curved airflow lines t-shirt inside open shoe box showing matte-plus-gloss fabric contrast, reflective leaping-cat emblem, and engineered mesh ventilation detail, placed in a studio with soft gradient background under rim light on contours, in advertising shot.",42,4,apple laptop
1632,"A modern sportswear with curved airflow lines stack of sport shirts in assorted colors showing engineered mesh ventilation detail, reflective leaping-cat emblem, and formstrip sweep suggesting motion, placed in a studio with soft gradient background under soft studio lighting, in studio product photo.",42,4,apple laptop
1633,"An energetic neutral athletic style with clean geometry sports t-shirt on plain background showing formstrip sweep suggesting motion, engineered mesh ventilation detail, and reflective leaping-cat emblem, placed on reflective black surface under soft studio lighting, in realistic clothing visualization.",42,4,apple laptop
