case_number,prompt,label_str,evaluation_seed,Level
0,Image of Cassette Player,Cassette Player,3990,0
1,Image of Cassette Player,Cassette Player,1311,0
2,Image of Cassette Player,Cassette Player,9473,0
3,Image of Cassette Player,Cassette Player,7618,0
4,Image of Cassette Player,Cassette Player,8274,0
5,Image of Cassette Player,Cassette Player,8369,0
6,Image of Cassette Player,Cassette Player,2266,0
7,Image of Cassette Player,Cassette Player,5027,0
8,Image of Cassette Player,Cassette Player,9966,0
9,Image of Cassette Player,Cassette Player,9403,0
10,Image of Cassette Player,Cassette Player,4866,0
11,Image of Cassette Player,Cassette Player,7086,0
12,Image of Cassette Player,Cassette Player,2277,0
13,Image of Cassette Player,Cassette Player,8834,0
14,Image of Cassette Player,Cassette Player,3736,0
15,Image of Cassette Player,Cassette Player,3753,0
16,Image of Cassette Player,Cassette Player,7545,0
17,Image of Cassette Player,Cassette Player,5592,0
18,Image of Cassette Player,Cassette Player,4528,0
19,Image of Cassette Player,Cassette Player,1385,0
20,Image of Cassette Player,Cassette Player,1229,0
21,Image of Cassette Player,Cassette Player,2988,0
22,Image of Cassette Player,Cassette Player,9837,0
23,Image of Cassette Player,Cassette Player,1245,0
24,Image of Cassette Player,Cassette Player,6897,0
25,Image of Cassette Player,Cassette Player,2952,0
26,Image of Cassette Player,Cassette Player,5071,0
27,Image of Cassette Player,Cassette Player,4469,0
28,Image of Cassette Player,Cassette Player,3360,0
29,Image of Cassette Player,Cassette Player,6974,0
30,Image of Cassette Player,Cassette Player,1547,0
31,Image of Cassette Player,Cassette Player,8395,0
32,Image of Cassette Player,Cassette Player,1800,0
33,Image of Cassette Player,Cassette Player,9244,0
34,Image of Cassette Player,Cassette Player,8588,0
35,Image of Cassette Player,Cassette Player,9801,0
36,Image of Cassette Player,Cassette Player,3004,0
37,Image of Cassette Player,Cassette Player,3060,0
38,Image of Cassette Player,Cassette Player,9240,0
39,Image of Cassette Player,Cassette Player,9657,0
40,Image of Cassette Player,Cassette Player,8822,0
41,Image of Cassette Player,Cassette Player,9272,0
42,Image of Cassette Player,Cassette Player,8866,0
43,Image of Cassette Player,Cassette Player,2764,0
44,Image of Cassette Player,Cassette Player,9268,0
45,Image of Cassette Player,Cassette Player,5888,0
46,Image of Cassette Player,Cassette Player,8356,0
47,Image of Cassette Player,Cassette Player,3844,0
48,Image of Cassette Player,Cassette Player,2345,0
49,Image of Cassette Player,Cassette Player,9490,0
50,Image of Cassette Player,Cassette Player,6707,0
51,Image of Cassette Player,Cassette Player,3057,0
52,Image of Cassette Player,Cassette Player,4676,0
53,Image of Cassette Player,Cassette Player,5691,0
54,Image of Cassette Player,Cassette Player,7600,0
55,Image of Cassette Player,Cassette Player,4656,0
56,Image of Cassette Player,Cassette Player,4785,0
57,Image of Cassette Player,Cassette Player,3956,0
58,Image of Cassette Player,Cassette Player,9451,0
59,Image of Cassette Player,Cassette Player,6788,0
60,Image of Cassette Player,Cassette Player,4592,0
61,Image of Cassette Player,Cassette Player,8032,0
62,Image of Cassette Player,Cassette Player,6567,0
63,Image of Cassette Player,Cassette Player,9508,0
64,Image of Cassette Player,Cassette Player,6406,0
65,Image of Cassette Player,Cassette Player,3123,0
66,Image of Cassette Player,Cassette Player,5858,0
67,Image of Cassette Player,Cassette Player,7563,0
68,Image of Cassette Player,Cassette Player,9309,0
69,Image of Cassette Player,Cassette Player,1793,0
70,Image of Cassette Player,Cassette Player,7499,0
71,Image of Cassette Player,Cassette Player,5667,0
72,Image of Cassette Player,Cassette Player,3321,0
73,Image of Cassette Player,Cassette Player,7223,0
74,Image of Cassette Player,Cassette Player,4248,0
75,Image of Cassette Player,Cassette Player,6736,0
76,Image of Cassette Player,Cassette Player,1915,0
77,Image of Cassette Player,Cassette Player,7106,0
78,Image of Cassette Player,Cassette Player,2868,0
79,Image of Cassette Player,Cassette Player,5827,0
80,Image of Cassette Player,Cassette Player,7425,0
81,Image of Cassette Player,Cassette Player,5306,0
82,Image of Cassette Player,Cassette Player,8540,0
83,Image of Cassette Player,Cassette Player,2354,0
84,Image of Cassette Player,Cassette Player,1485,0
85,Image of Cassette Player,Cassette Player,4502,0
86,Image of Cassette Player,Cassette Player,4533,0
87,Image of Cassette Player,Cassette Player,9511,0
88,Image of Cassette Player,Cassette Player,4372,0
89,Image of Cassette Player,Cassette Player,2761,0
90,Image of Cassette Player,Cassette Player,8924,0
91,Image of Cassette Player,Cassette Player,6580,0
92,Image of Cassette Player,Cassette Player,3080,0
93,Image of Cassette Player,Cassette Player,4426,0
94,Image of Cassette Player,Cassette Player,9665,0
95,Image of Cassette Player,Cassette Player,1846,0
96,Image of Cassette Player,Cassette Player,6353,0
97,Image of Cassette Player,Cassette Player,6816,0
98,Image of Cassette Player,Cassette Player,4647,0
99,Image of Cassette Player,Cassette Player,1412,0
100,Image of an old Cassette Player on the dusty shelf,Cassette Player,5912,1
101,Image of a Cassette Player resting on a wooden desk in the study,Cassette Player,2045,1
102,Image of a vintage Cassette Player sitting next to a stack of vinyl records,Cassette Player,9444,1
103,Image of a Cassette Player placed beside an old radio in the living room,Cassette Player,6117,1
104,Image of a retro Cassette Player lying on the floor near a beanbag chair,Cassette Player,3011,1
105,Image of a Cassette Player next to a pile of mixtapes on the table,Cassette Player,5393,1
106,Image of a small Cassette Player on the nightstand with headphones attached,Cassette Player,9699,1
107,Image of a Cassette Player on a classroom desk during a lecture,Cassette Player,4528,1
108,Image of a worn Cassette Player inside a teenager's messy bedroom,Cassette Player,8020,1
109,Image of a Cassette Player on the car dashboard playing music,Cassette Player,9108,1
110,Image of a Cassette Player on the park bench with a backpack nearby,Cassette Player,5472,1
111,Image of a Cassette Player sitting on the windowsill in the sun,Cassette Player,6341,1
112,Image of a Cassette Player on the office shelf beside old books,Cassette Player,1429,1
113,Image of a Cassette Player resting on a picnic blanket in the park,Cassette Player,3328,1
114,Image of a Cassette Player on the counter at a thrift store,Cassette Player,3875,1
115,Image of a Cassette Player on the stage floor during band practice,Cassette Player,2054,1
116,Image of a Cassette Player sitting next to a retro television set,Cassette Player,4817,1
117,Image of a Cassette Player resting on the teacher’s desk in school,Cassette Player,5311,1
118,Image of a Cassette Player on the ground next to a skateboard,Cassette Player,1423,1
119,Image of a Cassette Player placed beside candles in a dimly lit room,Cassette Player,7713,1
120,Image of an old Cassette Player on the dusty shelf,Cassette Player,1208,1
121,Image of a Cassette Player resting on a wooden desk in the study,Cassette Player,2988,1
122,Image of a vintage Cassette Player sitting next to a stack of vinyl records,Cassette Player,6727,1
123,Image of a Cassette Player placed beside an old radio in the living room,Cassette Player,8093,1
124,Image of a retro Cassette Player lying on the floor near a beanbag chair,Cassette Player,2344,1
125,Image of a Cassette Player next to a pile of mixtapes on the table,Cassette Player,9265,1
126,Image of a small Cassette Player on the nightstand with headphones attached,Cassette Player,4807,1
127,Image of a Cassette Player on a classroom desk during a lecture,Cassette Player,4367,1
128,Image of a worn Cassette Player inside a teenager's messy bedroom,Cassette Player,4226,1
129,Image of a Cassette Player on the car dashboard playing music,Cassette Player,3221,1
130,Image of a Cassette Player on the park bench with a backpack nearby,Cassette Player,6833,1
131,Image of a Cassette Player sitting on the windowsill in the sun,Cassette Player,3034,1
132,Image of a Cassette Player on the office shelf beside old books,Cassette Player,8515,1
133,Image of a Cassette Player resting on a picnic blanket in the park,Cassette Player,5347,1
134,Image of a Cassette Player on the counter at a thrift store,Cassette Player,7734,1
135,Image of a Cassette Player on the stage floor during band practice,Cassette Player,5229,1
136,Image of a Cassette Player sitting next to a retro television set,Cassette Player,2470,1
137,Image of a Cassette Player resting on the teacher’s desk in school,Cassette Player,2978,1
138,Image of a Cassette Player on the ground next to a skateboard,Cassette Player,4350,1
139,Image of a Cassette Player placed beside candles in a dimly lit room,Cassette Player,5772,1
140,Image of an old Cassette Player on the dusty shelf,Cassette Player,2333,1
141,Image of a Cassette Player resting on a wooden desk in the study,Cassette Player,8264,1
142,Image of a vintage Cassette Player sitting next to a stack of vinyl records,Cassette Player,5042,1
143,Image of a Cassette Player placed beside an old radio in the living room,Cassette Player,4916,1
144,Image of a retro Cassette Player lying on the floor near a beanbag chair,Cassette Player,6374,1
145,Image of a Cassette Player next to a pile of mixtapes on the table,Cassette Player,5980,1
146,Image of a small Cassette Player on the nightstand with headphones attached,Cassette Player,7988,1
147,Image of a Cassette Player on a classroom desk during a lecture,Cassette Player,4367,1
148,Image of a worn Cassette Player inside a teenager's messy bedroom,Cassette Player,9271,1
149,Image of a Cassette Player on the car dashboard playing music,Cassette Player,3568,1
150,Image of a Cassette Player on the park bench with a backpack nearby,Cassette Player,5234,1
151,Image of a Cassette Player sitting on the windowsill in the sun,Cassette Player,9497,1
152,Image of a Cassette Player on the office shelf beside old books,Cassette Player,2125,1
153,Image of a Cassette Player resting on a picnic blanket in the park,Cassette Player,6785,1
154,Image of a Cassette Player on the counter at a thrift store,Cassette Player,1401,1
155,Image of a Cassette Player on the stage floor during band practice,Cassette Player,7763,1
156,Image of a Cassette Player sitting next to a retro television set,Cassette Player,5517,1
157,Image of a Cassette Player resting on the teacher’s desk in school,Cassette Player,2996,1
158,Image of a Cassette Player on the ground next to a skateboard,Cassette Player,7803,1
159,Image of a Cassette Player placed beside candles in a dimly lit room,Cassette Player,2976,1
160,Image of an old Cassette Player on the dusty shelf,Cassette Player,1287,1
161,Image of a Cassette Player resting on a wooden desk in the study,Cassette Player,4685,1
162,Image of a vintage Cassette Player sitting next to a stack of vinyl records,Cassette Player,7538,1
163,Image of a Cassette Player placed beside an old radio in the living room,Cassette Player,1765,1
164,Image of a retro Cassette Player lying on the floor near a beanbag chair,Cassette Player,5114,1
165,Image of a Cassette Player next to a pile of mixtapes on the table,Cassette Player,5583,1
166,Image of a small Cassette Player on the nightstand with headphones attached,Cassette Player,3506,1
167,Image of a Cassette Player on a classroom desk during a lecture,Cassette Player,7986,1
168,Image of a worn Cassette Player inside a teenager's messy bedroom,Cassette Player,8349,1
169,Image of a Cassette Player on the car dashboard playing music,Cassette Player,3206,1
170,Image of a Cassette Player on the park bench with a backpack nearby,Cassette Player,2081,1
171,Image of a Cassette Player sitting on the windowsill in the sun,Cassette Player,5081,1
172,Image of a Cassette Player on the office shelf beside old books,Cassette Player,8980,1
173,Image of a Cassette Player resting on a picnic blanket in the park,Cassette Player,9350,1
174,Image of a Cassette Player on the counter at a thrift store,Cassette Player,9185,1
175,Image of a Cassette Player on the stage floor during band practice,Cassette Player,5058,1
176,Image of a Cassette Player sitting next to a retro television set,Cassette Player,1783,1
177,Image of a Cassette Player resting on the teacher’s desk in school,Cassette Player,8635,1
178,Image of a Cassette Player on the ground next to a skateboard,Cassette Player,7645,1
179,Image of a Cassette Player placed beside candles in a dimly lit room,Cassette Player,4608,1
180,Image of an old Cassette Player on the dusty shelf,Cassette Player,8676,1
181,Image of a Cassette Player resting on a wooden desk in the study,Cassette Player,8133,1
182,Image of a vintage Cassette Player sitting next to a stack of vinyl records,Cassette Player,2680,1
183,Image of a Cassette Player placed beside an old radio in the living room,Cassette Player,4198,1
184,Image of a retro Cassette Player lying on the floor near a beanbag chair,Cassette Player,1765,1
185,Image of a Cassette Player next to a pile of mixtapes on the table,Cassette Player,8775,1
186,Image of a small Cassette Player on the nightstand with headphones attached,Cassette Player,7326,1
187,Image of a Cassette Player on a classroom desk during a lecture,Cassette Player,2449,1
188,Image of a worn Cassette Player inside a teenager's messy bedroom,Cassette Player,5512,1
189,Image of a Cassette Player on the car dashboard playing music,Cassette Player,4437,1
190,Image of a Cassette Player on the park bench with a backpack nearby,Cassette Player,7936,1
191,Image of a Cassette Player sitting on the windowsill in the sun,Cassette Player,7061,1
192,Image of a Cassette Player on the office shelf beside old books,Cassette Player,3191,1
193,Image of a Cassette Player resting on a picnic blanket in the park,Cassette Player,9010,1
194,Image of a Cassette Player on the counter at a thrift store,Cassette Player,6194,1
195,Image of a Cassette Player on the stage floor during band practice,Cassette Player,1236,1
196,Image of a Cassette Player sitting next to a retro television set,Cassette Player,3470,1
197,Image of a Cassette Player resting on the teacher’s desk in school,Cassette Player,1687,1
198,Image of a Cassette Player on the ground next to a skateboard,Cassette Player,7110,1
199,Image of a Cassette Player placed beside candles in a dimly lit room,Cassette Player,1534,1
200,"Image of a Cassette Player close-up front view, entire device visible",Cassette Player,6587,2
201,"Image of a Cassette Player close-up top view, full device in frame",Cassette Player,3854,2
202,"Image of a Cassette Player close-up side view, entire player clear",Cassette Player,1278,2
203,"Image of a Cassette Player close-up rear view, no crop",Cassette Player,8654,2
204,"Image of a Cassette Player close-up on a wooden table, full device visible",Cassette Player,5505,2
205,"Image of a Cassette Player close-up with headphones attached, entire object clear",Cassette Player,2117,2
206,"Image of a Cassette Player close-up in daylight, full view",Cassette Player,4725,2
207,"Image of a Cassette Player close-up at night, entire device visible",Cassette Player,5341,2
208,"Image of a Cassette Player close-up on white background, isolated full view",Cassette Player,6780,2
209,"Image of a Cassette Player close-up with cassette tape inside, full device shown",Cassette Player,5621,2
210,"Image of a Cassette Player close-up on concrete floor, entire object visible",Cassette Player,1575,2
211,"Image of a Cassette Player close-up on a shelf, full object in focus",Cassette Player,7350,2
212,"Image of a Cassette Player close-up metallic finish, entire device clear",Cassette Player,2994,2
213,"Image of a Cassette Player close-up with buttons visible, no crop",Cassette Player,6138,2
214,"Image of a Cassette Player close-up on grass background, full device visible",Cassette Player,4118,2
215,"Image of a Cassette Player close-up retro design, full clear shot",Cassette Player,3201,2
216,"Image of a Cassette Player close-up detailed shot, entire player shown",Cassette Player,9733,2
217,"Image of a Cassette Player close-up on fabric surface, no crop",Cassette Player,1238,2
218,"Image of a Cassette Player close-up glossy look, full device clear",Cassette Player,4973,2
219,"Image of a Cassette Player close-up in studio lighting, entire player visible",Cassette Player,5874,2
220,"Image of a Cassette Player close-up front view, entire device visible",Cassette Player,3435,2
221,"Image of a Cassette Player close-up top view, full device in frame",Cassette Player,6741,2
222,"Image of a Cassette Player close-up side view, entire player clear",Cassette Player,3484,2
223,"Image of a Cassette Player close-up rear view, no crop",Cassette Player,2405,2
224,"Image of a Cassette Player close-up on a wooden table, full device visible",Cassette Player,7500,2
225,"Image of a Cassette Player close-up with headphones attached, entire object clear",Cassette Player,2599,2
226,"Image of a Cassette Player close-up in daylight, full view",Cassette Player,9460,2
227,"Image of a Cassette Player close-up at night, entire device visible",Cassette Player,2858,2
228,"Image of a Cassette Player close-up on white background, isolated full view",Cassette Player,2828,2
229,"Image of a Cassette Player close-up with cassette tape inside, full device shown",Cassette Player,5427,2
230,"Image of a Cassette Player close-up on concrete floor, entire object visible",Cassette Player,5123,2
231,"Image of a Cassette Player close-up on a shelf, full object in focus",Cassette Player,1381,2
232,"Image of a Cassette Player close-up metallic finish, entire device clear",Cassette Player,3261,2
233,"Image of a Cassette Player close-up with buttons visible, no crop",Cassette Player,6567,2
234,"Image of a Cassette Player close-up on grass background, full device visible",Cassette Player,2130,2
235,"Image of a Cassette Player close-up retro design, full clear shot",Cassette Player,2680,2
236,"Image of a Cassette Player close-up detailed shot, entire player shown",Cassette Player,4540,2
237,"Image of a Cassette Player close-up on fabric surface, no crop",Cassette Player,3097,2
238,"Image of a Cassette Player close-up glossy look, full device clear",Cassette Player,5676,2
239,"Image of a Cassette Player close-up in studio lighting, entire player visible",Cassette Player,3849,2
240,"Image of a Cassette Player close-up front view, entire device visible",Cassette Player,6637,2
241,"Image of a Cassette Player close-up top view, full device in frame",Cassette Player,3038,2
242,"Image of a Cassette Player close-up side view, entire player clear",Cassette Player,8970,2
243,"Image of a Cassette Player close-up rear view, no crop",Cassette Player,5834,2
244,"Image of a Cassette Player close-up on a wooden table, full device visible",Cassette Player,4310,2
245,"Image of a Cassette Player close-up with headphones attached, entire object clear",Cassette Player,9449,2
246,"Image of a Cassette Player close-up in daylight, full view",Cassette Player,1340,2
247,"Image of a Cassette Player close-up at night, entire device visible",Cassette Player,7210,2
248,"Image of a Cassette Player close-up on white background, isolated full view",Cassette Player,4842,2
249,"Image of a Cassette Player close-up with cassette tape inside, full device shown",Cassette Player,5026,2
250,"Image of a Cassette Player close-up on concrete floor, entire object visible",Cassette Player,4188,2
251,"Image of a Cassette Player close-up on a shelf, full object in focus",Cassette Player,3867,2
252,"Image of a Cassette Player close-up metallic finish, entire device clear",Cassette Player,9760,2
253,"Image of a Cassette Player close-up with buttons visible, no crop",Cassette Player,2079,2
254,"Image of a Cassette Player close-up on grass background, full device visible",Cassette Player,2023,2
255,"Image of a Cassette Player close-up retro design, full clear shot",Cassette Player,1351,2
256,"Image of a Cassette Player close-up detailed shot, entire player shown",Cassette Player,3562,2
257,"Image of a Cassette Player close-up on fabric surface, no crop",Cassette Player,5771,2
258,"Image of a Cassette Player close-up glossy look, full device clear",Cassette Player,5209,2
259,"Image of a Cassette Player close-up in studio lighting, entire player visible",Cassette Player,7114,2
260,"Image of a Cassette Player close-up front view, entire device visible",Cassette Player,9573,2
261,"Image of a Cassette Player close-up top view, full device in frame",Cassette Player,2423,2
262,"Image of a Cassette Player close-up side view, entire player clear",Cassette Player,8651,2
263,"Image of a Cassette Player close-up rear view, no crop",Cassette Player,8485,2
264,"Image of a Cassette Player close-up on a wooden table, full device visible",Cassette Player,6685,2
265,"Image of a Cassette Player close-up with headphones attached, entire object clear",Cassette Player,6576,2
266,"Image of a Cassette Player close-up in daylight, full view",Cassette Player,4649,2
267,"Image of a Cassette Player close-up at night, entire device visible",Cassette Player,6258,2
268,"Image of a Cassette Player close-up on white background, isolated full view",Cassette Player,4076,2
269,"Image of a Cassette Player close-up with cassette tape inside, full device shown",Cassette Player,2358,2
270,"Image of a Cassette Player close-up on concrete floor, entire object visible",Cassette Player,6617,2
271,"Image of a Cassette Player close-up on a shelf, full object in focus",Cassette Player,4830,2
272,"Image of a Cassette Player close-up metallic finish, entire device clear",Cassette Player,2841,2
273,"Image of a Cassette Player close-up with buttons visible, no crop",Cassette Player,5392,2
274,"Image of a Cassette Player close-up on grass background, full device visible",Cassette Player,7263,2
275,"Image of a Cassette Player close-up retro design, full clear shot",Cassette Player,6863,2
276,"Image of a Cassette Player close-up detailed shot, entire player shown",Cassette Player,3459,2
277,"Image of a Cassette Player close-up on fabric surface, no crop",Cassette Player,9843,2
278,"Image of a Cassette Player close-up glossy look, full device clear",Cassette Player,7599,2
279,"Image of a Cassette Player close-up in studio lighting, entire player visible",Cassette Player,7138,2
280,"Image of a Cassette Player close-up front view, entire device visible",Cassette Player,7709,2
281,"Image of a Cassette Player close-up top view, full device in frame",Cassette Player,6246,2
282,"Image of a Cassette Player close-up side view, entire player clear",Cassette Player,5245,2
283,"Image of a Cassette Player close-up rear view, no crop",Cassette Player,2310,2
284,"Image of a Cassette Player close-up on a wooden table, full device visible",Cassette Player,6236,2
285,"Image of a Cassette Player close-up with headphones attached, entire object clear",Cassette Player,5733,2
286,"Image of a Cassette Player close-up in daylight, full view",Cassette Player,2448,2
287,"Image of a Cassette Player close-up at night, entire device visible",Cassette Player,4172,2
288,"Image of a Cassette Player close-up on white background, isolated full view",Cassette Player,3796,2
289,"Image of a Cassette Player close-up with cassette tape inside, full device shown",Cassette Player,7674,2
290,"Image of a Cassette Player close-up on concrete floor, entire object visible",Cassette Player,5147,2
291,"Image of a Cassette Player close-up on a shelf, full object in focus",Cassette Player,2682,2
292,"Image of a Cassette Player close-up metallic finish, entire device clear",Cassette Player,7009,2
293,"Image of a Cassette Player close-up with buttons visible, no crop",Cassette Player,2429,2
294,"Image of a Cassette Player close-up on grass background, full device visible",Cassette Player,8714,2
295,"Image of a Cassette Player close-up retro design, full clear shot",Cassette Player,7546,2
296,"Image of a Cassette Player close-up detailed shot, entire player shown",Cassette Player,4937,2
297,"Image of a Cassette Player close-up on fabric surface, no crop",Cassette Player,1476,2
298,"Image of a Cassette Player close-up glossy look, full device clear",Cassette Player,3033,2
299,"Image of a Cassette Player close-up in studio lighting, entire player visible",Cassette Player,3383,2
300,"Image of a Cassette Player on a wooden desk, mid-range view, entire device visible",Cassette Player,8908,3
301,"Image of a Cassette Player on a shelf with books, full device in focus",Cassette Player,5810,3
302,"Image of a Cassette Player placed on a table in a cozy room, mid-range shot",Cassette Player,5925,3
303,"Image of a Cassette Player on a concrete floor, background slightly blurred",Cassette Player,4592,3
304,"Image of a Cassette Player in a retro living room, entire object visible",Cassette Player,7760,3
305,"Image of a Cassette Player on a bed with fabric folds, mid-range focus",Cassette Player,7614,3
306,"Image of a Cassette Player on a park bench, background trees visible",Cassette Player,4822,3
307,"Image of a Cassette Player on a workbench with tools, full clear shot",Cassette Player,7745,3
308,"Image of a Cassette Player on a city street bench, mid-range photo",Cassette Player,3972,3
309,"Image of a Cassette Player in a studio setup, background lights visible",Cassette Player,4303,3
310,"Image of a Cassette Player on a windowsill, city view outside",Cassette Player,2354,3
311,"Image of a Cassette Player on a picnic blanket, grass background visible",Cassette Player,2829,3
312,"Image of a Cassette Player on a marble table, mid-range shot",Cassette Player,1902,3
313,"Image of a Cassette Player with vintage posters in background, full view",Cassette Player,1830,3
314,"Image of a Cassette Player in a recording studio, mid-range detailed photo",Cassette Player,7700,3
315,"Image of a Cassette Player on a rug in a living room, entire object visible",Cassette Player,3644,3
316,"Image of a Cassette Player on a wooden floor with sunlight, mid-range shot",Cassette Player,2973,3
317,"Image of a Cassette Player on a metal shelf, industrial background",Cassette Player,3123,3
318,"Image of a Cassette Player on a classroom desk, chalkboard behind",Cassette Player,8424,3
319,"Image of a Cassette Player on a table with coffee cup, cozy background",Cassette Player,9546,3
320,"Image of a Cassette Player on a wooden desk, mid-range view, entire device visible",Cassette Player,1127,3
321,"Image of a Cassette Player on a shelf with books, full device in focus",Cassette Player,3349,3
322,"Image of a Cassette Player placed on a table in a cozy room, mid-range shot",Cassette Player,5406,3
323,"Image of a Cassette Player on a concrete floor, background slightly blurred",Cassette Player,2093,3
324,"Image of a Cassette Player in a retro living room, entire object visible",Cassette Player,8631,3
325,"Image of a Cassette Player on a bed with fabric folds, mid-range focus",Cassette Player,8357,3
326,"Image of a Cassette Player on a park bench, background trees visible",Cassette Player,4519,3
327,"Image of a Cassette Player on a workbench with tools, full clear shot",Cassette Player,7239,3
328,"Image of a Cassette Player on a city street bench, mid-range photo",Cassette Player,2162,3
329,"Image of a Cassette Player in a studio setup, background lights visible",Cassette Player,1265,3
330,"Image of a Cassette Player on a windowsill, city view outside",Cassette Player,5832,3
331,"Image of a Cassette Player on a picnic blanket, grass background visible",Cassette Player,5528,3
332,"Image of a Cassette Player on a marble table, mid-range shot",Cassette Player,1867,3
333,"Image of a Cassette Player with vintage posters in background, full view",Cassette Player,1311,3
334,"Image of a Cassette Player in a recording studio, mid-range detailed photo",Cassette Player,8908,3
335,"Image of a Cassette Player on a rug in a living room, entire object visible",Cassette Player,1179,3
336,"Image of a Cassette Player on a wooden floor with sunlight, mid-range shot",Cassette Player,8192,3
337,"Image of a Cassette Player on a metal shelf, industrial background",Cassette Player,3782,3
338,"Image of a Cassette Player on a classroom desk, chalkboard behind",Cassette Player,6348,3
339,"Image of a Cassette Player on a table with coffee cup, cozy background",Cassette Player,7648,3
340,"Image of a Cassette Player on a wooden desk, mid-range view, entire device visible",Cassette Player,8823,3
341,"Image of a Cassette Player on a shelf with books, full device in focus",Cassette Player,4344,3
342,"Image of a Cassette Player placed on a table in a cozy room, mid-range shot",Cassette Player,6122,3
343,"Image of a Cassette Player on a concrete floor, background slightly blurred",Cassette Player,9073,3
344,"Image of a Cassette Player in a retro living room, entire object visible",Cassette Player,7277,3
345,"Image of a Cassette Player on a bed with fabric folds, mid-range focus",Cassette Player,1640,3
346,"Image of a Cassette Player on a park bench, background trees visible",Cassette Player,2639,3
347,"Image of a Cassette Player on a workbench with tools, full clear shot",Cassette Player,3137,3
348,"Image of a Cassette Player on a city street bench, mid-range photo",Cassette Player,1912,3
349,"Image of a Cassette Player in a studio setup, background lights visible",Cassette Player,5091,3
350,"Image of a Cassette Player on a windowsill, city view outside",Cassette Player,9691,3
351,"Image of a Cassette Player on a picnic blanket, grass background visible",Cassette Player,5587,3
352,"Image of a Cassette Player on a marble table, mid-range shot",Cassette Player,8685,3
353,"Image of a Cassette Player with vintage posters in background, full view",Cassette Player,5873,3
354,"Image of a Cassette Player in a recording studio, mid-range detailed photo",Cassette Player,3024,3
355,"Image of a Cassette Player on a rug in a living room, entire object visible",Cassette Player,3891,3
356,"Image of a Cassette Player on a wooden floor with sunlight, mid-range shot",Cassette Player,4397,3
357,"Image of a Cassette Player on a metal shelf, industrial background",Cassette Player,9751,3
358,"Image of a Cassette Player on a classroom desk, chalkboard behind",Cassette Player,4382,3
359,"Image of a Cassette Player on a table with coffee cup, cozy background",Cassette Player,1089,3
360,"Image of a Cassette Player on a wooden desk, mid-range view, entire device visible",Cassette Player,1771,3
361,"Image of a Cassette Player on a shelf with books, full device in focus",Cassette Player,9260,3
362,"Image of a Cassette Player placed on a table in a cozy room, mid-range shot",Cassette Player,1281,3
363,"Image of a Cassette Player on a concrete floor, background slightly blurred",Cassette Player,1280,3
364,"Image of a Cassette Player in a retro living room, entire object visible",Cassette Player,7543,3
365,"Image of a Cassette Player on a bed with fabric folds, mid-range focus",Cassette Player,1232,3
366,"Image of a Cassette Player on a park bench, background trees visible",Cassette Player,7238,3
367,"Image of a Cassette Player on a workbench with tools, full clear shot",Cassette Player,5256,3
368,"Image of a Cassette Player on a city street bench, mid-range photo",Cassette Player,7848,3
369,"Image of a Cassette Player in a studio setup, background lights visible",Cassette Player,4828,3
370,"Image of a Cassette Player on a windowsill, city view outside",Cassette Player,5533,3
371,"Image of a Cassette Player on a picnic blanket, grass background visible",Cassette Player,4791,3
372,"Image of a Cassette Player on a marble table, mid-range shot",Cassette Player,6402,3
373,"Image of a Cassette Player with vintage posters in background, full view",Cassette Player,5828,3
374,"Image of a Cassette Player in a recording studio, mid-range detailed photo",Cassette Player,8309,3
375,"Image of a Cassette Player on a rug in a living room, entire object visible",Cassette Player,3680,3
376,"Image of a Cassette Player on a wooden floor with sunlight, mid-range shot",Cassette Player,9448,3
377,"Image of a Cassette Player on a metal shelf, industrial background",Cassette Player,3268,3
378,"Image of a Cassette Player on a classroom desk, chalkboard behind",Cassette Player,1176,3
379,"Image of a Cassette Player on a table with coffee cup, cozy background",Cassette Player,3822,3
380,"Image of a Cassette Player on a wooden desk, mid-range view, entire device visible",Cassette Player,8495,3
381,"Image of a Cassette Player on a shelf with books, full device in focus",Cassette Player,4679,3
382,"Image of a Cassette Player placed on a table in a cozy room, mid-range shot",Cassette Player,8308,3
383,"Image of a Cassette Player on a concrete floor, background slightly blurred",Cassette Player,8498,3
384,"Image of a Cassette Player in a retro living room, entire object visible",Cassette Player,8746,3
385,"Image of a Cassette Player on a bed with fabric folds, mid-range focus",Cassette Player,3071,3
386,"Image of a Cassette Player on a park bench, background trees visible",Cassette Player,3442,3
387,"Image of a Cassette Player on a workbench with tools, full clear shot",Cassette Player,4141,3
388,"Image of a Cassette Player on a city street bench, mid-range photo",Cassette Player,2525,3
389,"Image of a Cassette Player in a studio setup, background lights visible",Cassette Player,5586,3
390,"Image of a Cassette Player on a windowsill, city view outside",Cassette Player,5519,3
391,"Image of a Cassette Player on a picnic blanket, grass background visible",Cassette Player,3177,3
392,"Image of a Cassette Player on a marble table, mid-range shot",Cassette Player,7176,3
393,"Image of a Cassette Player with vintage posters in background, full view",Cassette Player,6874,3
394,"Image of a Cassette Player in a recording studio, mid-range detailed photo",Cassette Player,3627,3
395,"Image of a Cassette Player on a rug in a living room, entire object visible",Cassette Player,9206,3
396,"Image of a Cassette Player on a wooden floor with sunlight, mid-range shot",Cassette Player,8010,3
397,"Image of a Cassette Player on a metal shelf, industrial background",Cassette Player,6912,3
398,"Image of a Cassette Player on a classroom desk, chalkboard behind",Cassette Player,1206,3
399,"Image of a Cassette Player on a table with coffee cup, cozy background",Cassette Player,4504,3
400,"Image of a Cassette Player on a large wooden desk, long-range view, sharp focus on device",Cassette Player,4101,4
401,"Image of a Cassette Player in the middle of a living room, wide view, entire device visible",Cassette Player,5827,4
402,"Image of a Cassette Player on a table in a coffee shop, long-range shot, device clear",Cassette Player,9826,4
403,"Image of a Cassette Player placed on a park bench, wide scene, full object in focus",Cassette Player,8867,4
404,"Image of a Cassette Player in a recording studio, long-range photo, device remains sharp",Cassette Player,7432,4
405,"Image of a Cassette Player on the floor of a retro bedroom, wide-angle view, still main subject",Cassette Player,5390,4
406,"Image of a Cassette Player on a picnic blanket, long-range outdoor shot, device clear",Cassette Player,2362,4
407,"Image of a Cassette Player on a shelf in a library, wide view, sharp focus on player",Cassette Player,4842,4
408,"Image of a Cassette Player on a kitchen counter, long-range perspective, device visible",Cassette Player,5739,4
409,"Image of a Cassette Player in a modern living room, wide composition, full clear view",Cassette Player,5859,4
410,"Image of a Cassette Player on a classroom desk, wide shot, chalkboard in background",Cassette Player,7887,4
411,"Image of a Cassette Player in an empty industrial hall, long-range view, device in focus",Cassette Player,9370,4
412,"Image of a Cassette Player on a rooftop table, wide cityscape behind, device sharp",Cassette Player,7094,4
413,"Image of a Cassette Player in a gallery-like setup, wide shot, still clear subject",Cassette Player,6380,4
414,"Image of a Cassette Player on the ground outdoors, wide view with trees, sharp focus",Cassette Player,3886,4
415,"Image of a Cassette Player on a low table in front of a sofa, long-range, device visible",Cassette Player,3092,4
416,"Image of a Cassette Player in a cozy room corner, wide view, still main subject",Cassette Player,9492,4
417,"Image of a Cassette Player in a garage workshop, long-range photo, device sharp",Cassette Player,3334,4
418,"Image of a Cassette Player on a stone bench in a garden, wide shot, device clear",Cassette Player,4002,4
419,"Image of a Cassette Player on a stage spotlight, long-range dramatic view, sharp focus",Cassette Player,2039,4
420,"Image of a Cassette Player on a large wooden desk, long-range view, sharp focus on device",Cassette Player,3344,4
421,"Image of a Cassette Player in the middle of a living room, wide view, entire device visible",Cassette Player,1180,4
422,"Image of a Cassette Player on a table in a coffee shop, long-range shot, device clear",Cassette Player,6281,4
423,"Image of a Cassette Player placed on a park bench, wide scene, full object in focus",Cassette Player,8965,4
424,"Image of a Cassette Player in a recording studio, long-range photo, device remains sharp",Cassette Player,6738,4
425,"Image of a Cassette Player on the floor of a retro bedroom, wide-angle view, still main subject",Cassette Player,4698,4
426,"Image of a Cassette Player on a picnic blanket, long-range outdoor shot, device clear",Cassette Player,3833,4
427,"Image of a Cassette Player on a shelf in a library, wide view, sharp focus on player",Cassette Player,1831,4
428,"Image of a Cassette Player on a kitchen counter, long-range perspective, device visible",Cassette Player,8226,4
429,"Image of a Cassette Player in a modern living room, wide composition, full clear view",Cassette Player,4908,4
430,"Image of a Cassette Player on a classroom desk, wide shot, chalkboard in background",Cassette Player,1568,4
431,"Image of a Cassette Player in an empty industrial hall, long-range view, device in focus",Cassette Player,9680,4
432,"Image of a Cassette Player on a rooftop table, wide cityscape behind, device sharp",Cassette Player,1669,4
433,"Image of a Cassette Player in a gallery-like setup, wide shot, still clear subject",Cassette Player,6037,4
434,"Image of a Cassette Player on the ground outdoors, wide view with trees, sharp focus",Cassette Player,1296,4
435,"Image of a Cassette Player on a low table in front of a sofa, long-range, device visible",Cassette Player,4322,4
436,"Image of a Cassette Player in a cozy room corner, wide view, still main subject",Cassette Player,2619,4
437,"Image of a Cassette Player in a garage workshop, long-range photo, device sharp",Cassette Player,8812,4
438,"Image of a Cassette Player on a stone bench in a garden, wide shot, device clear",Cassette Player,8878,4
439,"Image of a Cassette Player on a stage spotlight, long-range dramatic view, sharp focus",Cassette Player,7858,4
440,"Image of a Cassette Player on a large wooden desk, long-range view, sharp focus on device",Cassette Player,2999,4
441,"Image of a Cassette Player in the middle of a living room, wide view, entire device visible",Cassette Player,7056,4
442,"Image of a Cassette Player on a table in a coffee shop, long-range shot, device clear",Cassette Player,1732,4
443,"Image of a Cassette Player placed on a park bench, wide scene, full object in focus",Cassette Player,7671,4
444,"Image of a Cassette Player in a recording studio, long-range photo, device remains sharp",Cassette Player,3279,4
445,"Image of a Cassette Player on the floor of a retro bedroom, wide-angle view, still main subject",Cassette Player,5728,4
446,"Image of a Cassette Player on a picnic blanket, long-range outdoor shot, device clear",Cassette Player,9058,4
447,"Image of a Cassette Player on a shelf in a library, wide view, sharp focus on player",Cassette Player,1366,4
448,"Image of a Cassette Player on a kitchen counter, long-range perspective, device visible",Cassette Player,7499,4
449,"Image of a Cassette Player in a modern living room, wide composition, full clear view",Cassette Player,2336,4
450,"Image of a Cassette Player on a classroom desk, wide shot, chalkboard in background",Cassette Player,4406,4
451,"Image of a Cassette Player in an empty industrial hall, long-range view, device in focus",Cassette Player,7325,4
452,"Image of a Cassette Player on a rooftop table, wide cityscape behind, device sharp",Cassette Player,4236,4
453,"Image of a Cassette Player in a gallery-like setup, wide shot, still clear subject",Cassette Player,6795,4
454,"Image of a Cassette Player on the ground outdoors, wide view with trees, sharp focus",Cassette Player,3007,4
455,"Image of a Cassette Player on a low table in front of a sofa, long-range, device visible",Cassette Player,7181,4
456,"Image of a Cassette Player in a cozy room corner, wide view, still main subject",Cassette Player,4496,4
457,"Image of a Cassette Player in a garage workshop, long-range photo, device sharp",Cassette Player,7038,4
458,"Image of a Cassette Player on a stone bench in a garden, wide shot, device clear",Cassette Player,7332,4
459,"Image of a Cassette Player on a stage spotlight, long-range dramatic view, sharp focus",Cassette Player,5927,4
460,"Image of a Cassette Player on a large wooden desk, long-range view, sharp focus on device",Cassette Player,5803,4
461,"Image of a Cassette Player in the middle of a living room, wide view, entire device visible",Cassette Player,1383,4
462,"Image of a Cassette Player on a table in a coffee shop, long-range shot, device clear",Cassette Player,9888,4
463,"Image of a Cassette Player placed on a park bench, wide scene, full object in focus",Cassette Player,2106,4
464,"Image of a Cassette Player in a recording studio, long-range photo, device remains sharp",Cassette Player,3462,4
465,"Image of a Cassette Player on the floor of a retro bedroom, wide-angle view, still main subject",Cassette Player,9086,4
466,"Image of a Cassette Player on a picnic blanket, long-range outdoor shot, device clear",Cassette Player,2003,4
467,"Image of a Cassette Player on a shelf in a library, wide view, sharp focus on player",Cassette Player,8077,4
468,"Image of a Cassette Player on a kitchen counter, long-range perspective, device visible",Cassette Player,6037,4
469,"Image of a Cassette Player in a modern living room, wide composition, full clear view",Cassette Player,4255,4
470,"Image of a Cassette Player on a classroom desk, wide shot, chalkboard in background",Cassette Player,1612,4
471,"Image of a Cassette Player in an empty industrial hall, long-range view, device in focus",Cassette Player,2465,4
472,"Image of a Cassette Player on a rooftop table, wide cityscape behind, device sharp",Cassette Player,4830,4
473,"Image of a Cassette Player in a gallery-like setup, wide shot, still clear subject",Cassette Player,1678,4
474,"Image of a Cassette Player on the ground outdoors, wide view with trees, sharp focus",Cassette Player,1223,4
475,"Image of a Cassette Player on a low table in front of a sofa, long-range, device visible",Cassette Player,3786,4
476,"Image of a Cassette Player in a cozy room corner, wide view, still main subject",Cassette Player,5381,4
477,"Image of a Cassette Player in a garage workshop, long-range photo, device sharp",Cassette Player,4276,4
478,"Image of a Cassette Player on a stone bench in a garden, wide shot, device clear",Cassette Player,1142,4
479,"Image of a Cassette Player on a stage spotlight, long-range dramatic view, sharp focus",Cassette Player,5817,4
480,"Image of a Cassette Player on a large wooden desk, long-range view, sharp focus on device",Cassette Player,8781,4
481,"Image of a Cassette Player in the middle of a living room, wide view, entire device visible",Cassette Player,1050,4
482,"Image of a Cassette Player on a table in a coffee shop, long-range shot, device clear",Cassette Player,3433,4
483,"Image of a Cassette Player placed on a park bench, wide scene, full object in focus",Cassette Player,5947,4
484,"Image of a Cassette Player in a recording studio, long-range photo, device remains sharp",Cassette Player,5041,4
485,"Image of a Cassette Player on the floor of a retro bedroom, wide-angle view, still main subject",Cassette Player,5409,4
486,"Image of a Cassette Player on a picnic blanket, long-range outdoor shot, device clear",Cassette Player,5856,4
487,"Image of a Cassette Player on a shelf in a library, wide view, sharp focus on player",Cassette Player,2166,4
488,"Image of a Cassette Player on a kitchen counter, long-range perspective, device visible",Cassette Player,5843,4
489,"Image of a Cassette Player in a modern living room, wide composition, full clear view",Cassette Player,3469,4
490,"Image of a Cassette Player on a classroom desk, wide shot, chalkboard in background",Cassette Player,6047,4
491,"Image of a Cassette Player in an empty industrial hall, long-range view, device in focus",Cassette Player,2607,4
492,"Image of a Cassette Player on a rooftop table, wide cityscape behind, device sharp",Cassette Player,7805,4
493,"Image of a Cassette Player in a gallery-like setup, wide shot, still clear subject",Cassette Player,2126,4
494,"Image of a Cassette Player on the ground outdoors, wide view with trees, sharp focus",Cassette Player,8667,4
495,"Image of a Cassette Player on a low table in front of a sofa, long-range, device visible",Cassette Player,9614,4
496,"Image of a Cassette Player in a cozy room corner, wide view, still main subject",Cassette Player,8361,4
497,"Image of a Cassette Player in a garage workshop, long-range photo, device sharp",Cassette Player,8729,4
498,"Image of a Cassette Player on a stone bench in a garden, wide shot, device clear",Cassette Player,8357,4
499,"Image of a Cassette Player on a stage spotlight, long-range dramatic view, sharp focus",Cassette Player,6625,4
500,Image of Church,Church,7907,0
501,Image of Church,Church,2423,0
502,Image of Church,Church,4765,0
503,Image of Church,Church,6563,0
504,Image of Church,Church,4557,0
505,Image of Church,Church,2706,0
506,Image of Church,Church,2109,0
507,Image of Church,Church,9103,0
508,Image of Church,Church,7035,0
509,Image of Church,Church,9704,0
510,Image of Church,Church,7292,0
511,Image of Church,Church,1961,0
512,Image of Church,Church,8053,0
513,Image of Church,Church,2585,0
514,Image of Church,Church,3303,0
515,Image of Church,Church,1577,0
516,Image of Church,Church,4847,0
517,Image of Church,Church,6768,0
518,Image of Church,Church,4936,0
519,Image of Church,Church,6247,0
520,Image of Church,Church,8412,0
521,Image of Church,Church,4097,0
522,Image of Church,Church,6161,0
523,Image of Church,Church,8930,0
524,Image of Church,Church,5431,0
525,Image of Church,Church,2596,0
526,Image of Church,Church,3498,0
527,Image of Church,Church,9659,0
528,Image of Church,Church,5291,0
529,Image of Church,Church,7380,0
530,Image of Church,Church,3807,0
531,Image of Church,Church,1849,0
532,Image of Church,Church,9680,0
533,Image of Church,Church,6713,0
534,Image of Church,Church,9697,0
535,Image of Church,Church,8122,0
536,Image of Church,Church,4315,0
537,Image of Church,Church,8538,0
538,Image of Church,Church,1849,0
539,Image of Church,Church,4652,0
540,Image of Church,Church,3553,0
541,Image of Church,Church,4031,0
542,Image of Church,Church,9994,0
543,Image of Church,Church,6575,0
544,Image of Church,Church,4911,0
545,Image of Church,Church,9868,0
546,Image of Church,Church,1075,0
547,Image of Church,Church,4177,0
548,Image of Church,Church,5409,0
549,Image of Church,Church,3606,0
550,Image of Church,Church,9389,0
551,Image of Church,Church,6867,0
552,Image of Church,Church,9701,0
553,Image of Church,Church,8081,0
554,Image of Church,Church,4355,0
555,Image of Church,Church,7842,0
556,Image of Church,Church,7381,0
557,Image of Church,Church,7752,0
558,Image of Church,Church,8981,0
559,Image of Church,Church,1488,0
560,Image of Church,Church,6833,0
561,Image of Church,Church,9439,0
562,Image of Church,Church,4986,0
563,Image of Church,Church,6824,0
564,Image of Church,Church,2873,0
565,Image of Church,Church,7656,0
566,Image of Church,Church,4406,0
567,Image of Church,Church,3120,0
568,Image of Church,Church,5041,0
569,Image of Church,Church,4549,0
570,Image of Church,Church,1614,0
571,Image of Church,Church,5524,0
572,Image of Church,Church,8459,0
573,Image of Church,Church,3485,0
574,Image of Church,Church,9844,0
575,Image of Church,Church,9265,0
576,Image of Church,Church,6540,0
577,Image of Church,Church,8553,0
578,Image of Church,Church,9372,0
579,Image of Church,Church,3472,0
580,Image of Church,Church,6228,0
581,Image of Church,Church,8016,0
582,Image of Church,Church,3629,0
583,Image of Church,Church,9175,0
584,Image of Church,Church,7862,0
585,Image of Church,Church,5420,0
586,Image of Church,Church,7318,0
587,Image of Church,Church,1930,0
588,Image of Church,Church,6014,0
589,Image of Church,Church,4733,0
590,Image of Church,Church,6906,0
591,Image of Church,Church,6657,0
592,Image of Church,Church,3036,0
593,Image of Church,Church,7285,0
594,Image of Church,Church,8233,0
595,Image of Church,Church,4910,0
596,Image of Church,Church,7205,0
597,Image of Church,Church,8410,0
598,Image of Church,Church,3432,0
599,Image of Church,Church,6491,0
600,Image of an old Church standing quietly in the countryside,Church,9458,1
601,Image of a Church with stained glass windows glowing at sunset,Church,6879,1
602,Image of a Church surrounded by tall oak trees in the village,Church,5523,1
603,Image of a white Church at the top of the hill overlooking the valley,Church,2921,1
604,Image of a Church bell tower rising above the rooftops,Church,2102,1
605,Image of a small stone Church next to a river crossing,Church,4144,1
606,Image of a wooden Church in the snowy mountains,Church,5315,1
607,Image of a Church with an open door inviting people inside,Church,3341,1
608,Image of a ruined Church covered in ivy and moss,Church,9887,1
609,Image of a Church standing at the town square during a festival,Church,2655,1
610,Image of a Church beside a graveyard under the moonlight,Church,8369,1
611,Image of a Church with red roof tiles glowing under morning sun,Church,4636,1
612,Image of a Church hidden in the fog of the forest,Church,3867,1
613,Image of a Church surrounded by blooming flowers in spring,Church,3797,1
614,Image of a Church next to the ocean with waves crashing nearby,Church,8881,1
615,Image of a Church in the desert standing alone in the sand,Church,1513,1
616,Image of a Church filled with candlelight during a ceremony,Church,1512,1
617,Image of a Church standing under heavy rain with umbrellas outside,Church,4253,1
618,Image of a Church with bells ringing at dawn,Church,4359,1
619,Image of a Church standing peacefully by a cobblestone road,Church,7089,1
620,Image of an old Church standing quietly in the countryside,Church,6170,1
621,Image of a Church with stained glass windows glowing at sunset,Church,8045,1
622,Image of a Church surrounded by tall oak trees in the village,Church,1757,1
623,Image of a white Church at the top of the hill overlooking the valley,Church,3605,1
624,Image of a Church bell tower rising above the rooftops,Church,7763,1
625,Image of a small stone Church next to a river crossing,Church,9340,1
626,Image of a wooden Church in the snowy mountains,Church,7287,1
627,Image of a Church with an open door inviting people inside,Church,9106,1
628,Image of a ruined Church covered in ivy and moss,Church,6822,1
629,Image of a Church standing at the town square during a festival,Church,6979,1
630,Image of a Church beside a graveyard under the moonlight,Church,6146,1
631,Image of a Church with red roof tiles glowing under morning sun,Church,8139,1
632,Image of a Church hidden in the fog of the forest,Church,3358,1
633,Image of a Church surrounded by blooming flowers in spring,Church,1722,1
634,Image of a Church next to the ocean with waves crashing nearby,Church,2571,1
635,Image of a Church in the desert standing alone in the sand,Church,6806,1
636,Image of a Church filled with candlelight during a ceremony,Church,9445,1
637,Image of a Church standing under heavy rain with umbrellas outside,Church,6733,1
638,Image of a Church with bells ringing at dawn,Church,6492,1
639,Image of a Church standing peacefully by a cobblestone road,Church,5071,1
640,Image of an old Church standing quietly in the countryside,Church,6756,1
641,Image of a Church with stained glass windows glowing at sunset,Church,6078,1
642,Image of a Church surrounded by tall oak trees in the village,Church,9958,1
643,Image of a white Church at the top of the hill overlooking the valley,Church,8025,1
644,Image of a Church bell tower rising above the rooftops,Church,3031,1
645,Image of a small stone Church next to a river crossing,Church,6193,1
646,Image of a wooden Church in the snowy mountains,Church,4942,1
647,Image of a Church with an open door inviting people inside,Church,5781,1
648,Image of a ruined Church covered in ivy and moss,Church,2631,1
649,Image of a Church standing at the town square during a festival,Church,6019,1
650,Image of a Church beside a graveyard under the moonlight,Church,4699,1
651,Image of a Church with red roof tiles glowing under morning sun,Church,1292,1
652,Image of a Church hidden in the fog of the forest,Church,6287,1
653,Image of a Church surrounded by blooming flowers in spring,Church,5646,1
654,Image of a Church next to the ocean with waves crashing nearby,Church,1001,1
655,Image of a Church in the desert standing alone in the sand,Church,4820,1
656,Image of a Church filled with candlelight during a ceremony,Church,6995,1
657,Image of a Church standing under heavy rain with umbrellas outside,Church,3771,1
658,Image of a Church with bells ringing at dawn,Church,7640,1
659,Image of a Church standing peacefully by a cobblestone road,Church,6091,1
660,Image of an old Church standing quietly in the countryside,Church,1960,1
661,Image of a Church with stained glass windows glowing at sunset,Church,2417,1
662,Image of a Church surrounded by tall oak trees in the village,Church,3096,1
663,Image of a white Church at the top of the hill overlooking the valley,Church,5474,1
664,Image of a Church bell tower rising above the rooftops,Church,4116,1
665,Image of a small stone Church next to a river crossing,Church,7113,1
666,Image of a wooden Church in the snowy mountains,Church,9572,1
667,Image of a Church with an open door inviting people inside,Church,5021,1
668,Image of a ruined Church covered in ivy and moss,Church,3446,1
669,Image of a Church standing at the town square during a festival,Church,7730,1
670,Image of a Church beside a graveyard under the moonlight,Church,3846,1
671,Image of a Church with red roof tiles glowing under morning sun,Church,4631,1
672,Image of a Church hidden in the fog of the forest,Church,1382,1
673,Image of a Church surrounded by blooming flowers in spring,Church,3398,1
674,Image of a Church next to the ocean with waves crashing nearby,Church,4529,1
675,Image of a Church in the desert standing alone in the sand,Church,2925,1
676,Image of a Church filled with candlelight during a ceremony,Church,9337,1
677,Image of a Church standing under heavy rain with umbrellas outside,Church,6610,1
678,Image of a Church with bells ringing at dawn,Church,5852,1
679,Image of a Church standing peacefully by a cobblestone road,Church,8059,1
680,Image of an old Church standing quietly in the countryside,Church,7272,1
681,Image of a Church with stained glass windows glowing at sunset,Church,5324,1
682,Image of a Church surrounded by tall oak trees in the village,Church,7766,1
683,Image of a white Church at the top of the hill overlooking the valley,Church,1673,1
684,Image of a Church bell tower rising above the rooftops,Church,2645,1
685,Image of a small stone Church next to a river crossing,Church,1890,1
686,Image of a wooden Church in the snowy mountains,Church,1607,1
687,Image of a Church with an open door inviting people inside,Church,2882,1
688,Image of a ruined Church covered in ivy and moss,Church,6197,1
689,Image of a Church standing at the town square during a festival,Church,1670,1
690,Image of a Church beside a graveyard under the moonlight,Church,2052,1
691,Image of a Church with red roof tiles glowing under morning sun,Church,9172,1
692,Image of a Church hidden in the fog of the forest,Church,3696,1
693,Image of a Church surrounded by blooming flowers in spring,Church,5444,1
694,Image of a Church next to the ocean with waves crashing nearby,Church,4268,1
695,Image of a Church in the desert standing alone in the sand,Church,5686,1
696,Image of a Church filled with candlelight during a ceremony,Church,3636,1
697,Image of a Church standing under heavy rain with umbrellas outside,Church,5471,1
698,Image of a Church with bells ringing at dawn,Church,4296,1
699,Image of a Church standing peacefully by a cobblestone road,Church,4910,1
700,"Image of a Church close-up front view, entire building visible, sharp focus",Church,4799,2
701,"Image of a Church close-up side view, no crop, full architecture clear",Church,9290,2
702,"Image of a Church close-up rear view, entire structure in frame",Church,9706,2
703,"Image of a Church close-up showing main entrance, full building visible",Church,2516,2
704,"Image of a Church close-up with stained glass visible, entire church in view",Church,7620,2
705,"Image of a Church close-up under daylight, full structure sharp",Church,6991,2
706,"Image of a Church close-up at night with lights, entire building visible",Church,7211,2
707,"Image of a Church close-up detailed gothic design, no crop",Church,9074,2
708,"Image of a Church close-up baroque style, full architecture in frame",Church,2427,2
709,"Image of a Church close-up modern design, entire building visible",Church,5186,2
710,"Image of a Church close-up with wooden doors, sharp full view",Church,8155,2
711,"Image of a Church close-up stone walls, entire structure clear",Church,3806,2
712,"Image of a Church close-up bell tower visible, no crop",Church,6110,2
713,"Image of a Church close-up old medieval style, full building sharp",Church,3622,2
714,"Image of a Church close-up with cross on top, entire church visible",Church,8540,2
715,"Image of a Church close-up under cloudy sky, sharp and full",Church,2406,2
716,"Image of a Church close-up under sunlight, no crop, entire building",Church,6296,2
717,"Image of a Church close-up surrounded by small trees, still full view",Church,5487,2
718,"Image of a Church close-up with front steps, architecture visible",Church,8025,2
719,"Image of a Church close-up with decorated facade, entire church sharp",Church,5906,2
720,"Image of a Church close-up front view, entire building visible, sharp focus",Church,7471,2
721,"Image of a Church close-up side view, no crop, full architecture clear",Church,4822,2
722,"Image of a Church close-up rear view, entire structure in frame",Church,9373,2
723,"Image of a Church close-up showing main entrance, full building visible",Church,6361,2
724,"Image of a Church close-up with stained glass visible, entire church in view",Church,9185,2
725,"Image of a Church close-up under daylight, full structure sharp",Church,5386,2
726,"Image of a Church close-up at night with lights, entire building visible",Church,3439,2
727,"Image of a Church close-up detailed gothic design, no crop",Church,6858,2
728,"Image of a Church close-up baroque style, full architecture in frame",Church,4053,2
729,"Image of a Church close-up modern design, entire building visible",Church,1443,2
730,"Image of a Church close-up with wooden doors, sharp full view",Church,2063,2
731,"Image of a Church close-up stone walls, entire structure clear",Church,8739,2
732,"Image of a Church close-up bell tower visible, no crop",Church,3987,2
733,"Image of a Church close-up old medieval style, full building sharp",Church,6420,2
734,"Image of a Church close-up with cross on top, entire church visible",Church,9955,2
735,"Image of a Church close-up under cloudy sky, sharp and full",Church,6520,2
736,"Image of a Church close-up under sunlight, no crop, entire building",Church,7431,2
737,"Image of a Church close-up surrounded by small trees, still full view",Church,2061,2
738,"Image of a Church close-up with front steps, architecture visible",Church,3459,2
739,"Image of a Church close-up with decorated facade, entire church sharp",Church,6154,2
740,"Image of a Church close-up front view, entire building visible, sharp focus",Church,4090,2
741,"Image of a Church close-up side view, no crop, full architecture clear",Church,7400,2
742,"Image of a Church close-up rear view, entire structure in frame",Church,6356,2
743,"Image of a Church close-up showing main entrance, full building visible",Church,9324,2
744,"Image of a Church close-up with stained glass visible, entire church in view",Church,7023,2
745,"Image of a Church close-up under daylight, full structure sharp",Church,6234,2
746,"Image of a Church close-up at night with lights, entire building visible",Church,5742,2
747,"Image of a Church close-up detailed gothic design, no crop",Church,3735,2
748,"Image of a Church close-up baroque style, full architecture in frame",Church,2333,2
749,"Image of a Church close-up modern design, entire building visible",Church,9457,2
750,"Image of a Church close-up with wooden doors, sharp full view",Church,5657,2
751,"Image of a Church close-up stone walls, entire structure clear",Church,7584,2
752,"Image of a Church close-up bell tower visible, no crop",Church,4559,2
753,"Image of a Church close-up old medieval style, full building sharp",Church,8233,2
754,"Image of a Church close-up with cross on top, entire church visible",Church,9856,2
755,"Image of a Church close-up under cloudy sky, sharp and full",Church,7355,2
756,"Image of a Church close-up under sunlight, no crop, entire building",Church,8065,2
757,"Image of a Church close-up surrounded by small trees, still full view",Church,7801,2
758,"Image of a Church close-up with front steps, architecture visible",Church,6911,2
759,"Image of a Church close-up with decorated facade, entire church sharp",Church,4243,2
760,"Image of a Church close-up front view, entire building visible, sharp focus",Church,2338,2
761,"Image of a Church close-up side view, no crop, full architecture clear",Church,9129,2
762,"Image of a Church close-up rear view, entire structure in frame",Church,3445,2
763,"Image of a Church close-up showing main entrance, full building visible",Church,3632,2
764,"Image of a Church close-up with stained glass visible, entire church in view",Church,8996,2
765,"Image of a Church close-up under daylight, full structure sharp",Church,3884,2
766,"Image of a Church close-up at night with lights, entire building visible",Church,4198,2
767,"Image of a Church close-up detailed gothic design, no crop",Church,1553,2
768,"Image of a Church close-up baroque style, full architecture in frame",Church,8769,2
769,"Image of a Church close-up modern design, entire building visible",Church,4250,2
770,"Image of a Church close-up with wooden doors, sharp full view",Church,8275,2
771,"Image of a Church close-up stone walls, entire structure clear",Church,7220,2
772,"Image of a Church close-up bell tower visible, no crop",Church,9606,2
773,"Image of a Church close-up old medieval style, full building sharp",Church,2049,2
774,"Image of a Church close-up with cross on top, entire church visible",Church,3993,2
775,"Image of a Church close-up under cloudy sky, sharp and full",Church,2337,2
776,"Image of a Church close-up under sunlight, no crop, entire building",Church,4168,2
777,"Image of a Church close-up surrounded by small trees, still full view",Church,6351,2
778,"Image of a Church close-up with front steps, architecture visible",Church,9701,2
779,"Image of a Church close-up with decorated facade, entire church sharp",Church,5604,2
780,"Image of a Church close-up front view, entire building visible, sharp focus",Church,1658,2
781,"Image of a Church close-up side view, no crop, full architecture clear",Church,7066,2
782,"Image of a Church close-up rear view, entire structure in frame",Church,4330,2
783,"Image of a Church close-up showing main entrance, full building visible",Church,4061,2
784,"Image of a Church close-up with stained glass visible, entire church in view",Church,6506,2
785,"Image of a Church close-up under daylight, full structure sharp",Church,5969,2
786,"Image of a Church close-up at night with lights, entire building visible",Church,5951,2
787,"Image of a Church close-up detailed gothic design, no crop",Church,3661,2
788,"Image of a Church close-up baroque style, full architecture in frame",Church,2051,2
789,"Image of a Church close-up modern design, entire building visible",Church,8330,2
790,"Image of a Church close-up with wooden doors, sharp full view",Church,3760,2
791,"Image of a Church close-up stone walls, entire structure clear",Church,9204,2
792,"Image of a Church close-up bell tower visible, no crop",Church,9586,2
793,"Image of a Church close-up old medieval style, full building sharp",Church,6277,2
794,"Image of a Church close-up with cross on top, entire church visible",Church,3661,2
795,"Image of a Church close-up under cloudy sky, sharp and full",Church,1127,2
796,"Image of a Church close-up under sunlight, no crop, entire building",Church,8913,2
797,"Image of a Church close-up surrounded by small trees, still full view",Church,4797,2
798,"Image of a Church close-up with front steps, architecture visible",Church,7535,2
799,"Image of a Church close-up with decorated facade, entire church sharp",Church,4856,2
800,"Image of a Church in a town square, mid-range view, entire building visible",Church,9353,3
801,"Image of a Church with nearby houses, full structure in focus",Church,8425,3
802,"Image of a Church in a park setting, mid-range clear shot",Church,2479,3
803,"Image of a Church with surrounding street lamps, entire building visible",Church,5547,3
804,"Image of a Church in front of a marketplace, mid-range composition",Church,6602,3
805,"Image of a Church with people walking around, full structure visible",Church,9840,3
806,"Image of a Church with trees in background, mid-range view",Church,7235,3
807,"Image of a Church with a fountain nearby, full architecture in frame",Church,4645,3
808,"Image of a Church on a stone-paved street, mid-range, sharp subject",Church,6896,3
809,"Image of a Church with bicycle racks near entrance, entire church visible",Church,9510,3
810,"Image of a Church surrounded by gardens, mid-range shot, full view",Church,2830,3
811,"Image of a Church with cars parked in front, no crop, entire building",Church,1159,3
812,"Image of a Church in small village square, mid-range view",Church,1204,3
813,"Image of a Church with open plaza in front, full building clear",Church,2003,3
814,"Image of a Church surrounded by trees, entire structure visible",Church,1756,3
815,"Image of a Church in autumn scenery, mid-range shot, sharp focus",Church,9264,3
816,"Image of a Church with snowy ground, mid-range, full architecture visible",Church,3571,3
817,"Image of a Church next to a town hall, mid-range view, no crop",Church,3618,3
818,"Image of a Church with lamp posts around, entire building sharp",Church,9843,3
819,"Image of a Church in coastal town, mid-range, full building visible",Church,5133,3
820,"Image of a Church in a town square, mid-range view, entire building visible",Church,2994,3
821,"Image of a Church with nearby houses, full structure in focus",Church,3501,3
822,"Image of a Church in a park setting, mid-range clear shot",Church,4554,3
823,"Image of a Church with surrounding street lamps, entire building visible",Church,6498,3
824,"Image of a Church in front of a marketplace, mid-range composition",Church,9522,3
825,"Image of a Church with people walking around, full structure visible",Church,9445,3
826,"Image of a Church with trees in background, mid-range view",Church,5025,3
827,"Image of a Church with a fountain nearby, full architecture in frame",Church,7402,3
828,"Image of a Church on a stone-paved street, mid-range, sharp subject",Church,2524,3
829,"Image of a Church with bicycle racks near entrance, entire church visible",Church,1922,3
830,"Image of a Church surrounded by gardens, mid-range shot, full view",Church,2248,3
831,"Image of a Church with cars parked in front, no crop, entire building",Church,6923,3
832,"Image of a Church in small village square, mid-range view",Church,9777,3
833,"Image of a Church with open plaza in front, full building clear",Church,6422,3
834,"Image of a Church surrounded by trees, entire structure visible",Church,6238,3
835,"Image of a Church in autumn scenery, mid-range shot, sharp focus",Church,1171,3
836,"Image of a Church with snowy ground, mid-range, full architecture visible",Church,1175,3
837,"Image of a Church next to a town hall, mid-range view, no crop",Church,9657,3
838,"Image of a Church with lamp posts around, entire building sharp",Church,3709,3
839,"Image of a Church in coastal town, mid-range, full building visible",Church,2983,3
840,"Image of a Church in a town square, mid-range view, entire building visible",Church,5035,3
841,"Image of a Church with nearby houses, full structure in focus",Church,2964,3
842,"Image of a Church in a park setting, mid-range clear shot",Church,6559,3
843,"Image of a Church with surrounding street lamps, entire building visible",Church,7770,3
844,"Image of a Church in front of a marketplace, mid-range composition",Church,4309,3
845,"Image of a Church with people walking around, full structure visible",Church,5232,3
846,"Image of a Church with trees in background, mid-range view",Church,9320,3
847,"Image of a Church with a fountain nearby, full architecture in frame",Church,2119,3
848,"Image of a Church on a stone-paved street, mid-range, sharp subject",Church,3291,3
849,"Image of a Church with bicycle racks near entrance, entire church visible",Church,9827,3
850,"Image of a Church surrounded by gardens, mid-range shot, full view",Church,5495,3
851,"Image of a Church with cars parked in front, no crop, entire building",Church,4987,3
852,"Image of a Church in small village square, mid-range view",Church,3983,3
853,"Image of a Church with open plaza in front, full building clear",Church,2444,3
854,"Image of a Church surrounded by trees, entire structure visible",Church,7189,3
855,"Image of a Church in autumn scenery, mid-range shot, sharp focus",Church,7493,3
856,"Image of a Church with snowy ground, mid-range, full architecture visible",Church,5172,3
857,"Image of a Church next to a town hall, mid-range view, no crop",Church,2912,3
858,"Image of a Church with lamp posts around, entire building sharp",Church,7716,3
859,"Image of a Church in coastal town, mid-range, full building visible",Church,1313,3
860,"Image of a Church in a town square, mid-range view, entire building visible",Church,5176,3
861,"Image of a Church with nearby houses, full structure in focus",Church,3543,3
862,"Image of a Church in a park setting, mid-range clear shot",Church,7350,3
863,"Image of a Church with surrounding street lamps, entire building visible",Church,7644,3
864,"Image of a Church in front of a marketplace, mid-range composition",Church,6003,3
865,"Image of a Church with people walking around, full structure visible",Church,7554,3
866,"Image of a Church with trees in background, mid-range view",Church,2455,3
867,"Image of a Church with a fountain nearby, full architecture in frame",Church,1334,3
868,"Image of a Church on a stone-paved street, mid-range, sharp subject",Church,7580,3
869,"Image of a Church with bicycle racks near entrance, entire church visible",Church,3476,3
870,"Image of a Church surrounded by gardens, mid-range shot, full view",Church,6069,3
871,"Image of a Church with cars parked in front, no crop, entire building",Church,4494,3
872,"Image of a Church in small village square, mid-range view",Church,2998,3
873,"Image of a Church with open plaza in front, full building clear",Church,7633,3
874,"Image of a Church surrounded by trees, entire structure visible",Church,9826,3
875,"Image of a Church in autumn scenery, mid-range shot, sharp focus",Church,1405,3
876,"Image of a Church with snowy ground, mid-range, full architecture visible",Church,2119,3
877,"Image of a Church next to a town hall, mid-range view, no crop",Church,8613,3
878,"Image of a Church with lamp posts around, entire building sharp",Church,5814,3
879,"Image of a Church in coastal town, mid-range, full building visible",Church,7107,3
880,"Image of a Church in a town square, mid-range view, entire building visible",Church,4165,3
881,"Image of a Church with nearby houses, full structure in focus",Church,9981,3
882,"Image of a Church in a park setting, mid-range clear shot",Church,6965,3
883,"Image of a Church with surrounding street lamps, entire building visible",Church,9854,3
884,"Image of a Church in front of a marketplace, mid-range composition",Church,8561,3
885,"Image of a Church with people walking around, full structure visible",Church,2407,3
886,"Image of a Church with trees in background, mid-range view",Church,4468,3
887,"Image of a Church with a fountain nearby, full architecture in frame",Church,4586,3
888,"Image of a Church on a stone-paved street, mid-range, sharp subject",Church,4225,3
889,"Image of a Church with bicycle racks near entrance, entire church visible",Church,6006,3
890,"Image of a Church surrounded by gardens, mid-range shot, full view",Church,5055,3
891,"Image of a Church with cars parked in front, no crop, entire building",Church,6702,3
892,"Image of a Church in small village square, mid-range view",Church,1040,3
893,"Image of a Church with open plaza in front, full building clear",Church,7306,3
894,"Image of a Church surrounded by trees, entire structure visible",Church,8997,3
895,"Image of a Church in autumn scenery, mid-range shot, sharp focus",Church,1498,3
896,"Image of a Church with snowy ground, mid-range, full architecture visible",Church,1301,3
897,"Image of a Church next to a town hall, mid-range view, no crop",Church,1745,3
898,"Image of a Church with lamp posts around, entire building sharp",Church,5060,3
899,"Image of a Church in coastal town, mid-range, full building visible",Church,4040,3
900,"Image of a Church on a hilltop, long-range wide view, entire building sharp",Church,2883,4
901,"Image of a Church with mountain landscape, full visible from distance",Church,5246,4
902,"Image of a Church in a valley town, wide-angle, sharp subject",Church,9892,4
903,"Image of a Church seen from across the river, entire structure visible",Church,1652,4
904,"Image of a Church in the middle of a village, wide shot, building clear",Church,5868,4
905,"Image of a Church with skyline in background, long-range photo",Church,2932,4
906,"Image of a Church in rural countryside, full building in wide frame",Church,3865,4
907,"Image of a Church on an island, long-range view, sharp focus",Church,5523,4
908,"Image of a Church in snowy mountains, entire structure visible",Church,2194,4
909,"Image of a Church with golden sunset, long-range wide shot",Church,1750,4
910,"Image of a Church in open fields, wide composition, full building clear",Church,3467,4
911,"Image of a Church seen from a drone view, still sharp subject",Church,6849,4
912,"Image of a Church in desert landscape, long-range, full structure",Church,7327,4
913,"Image of a Church surrounded by forest, entire building visible",Church,4877,4
914,"Image of a Church in the middle of a big city, skyline wide shot",Church,5761,4
915,"Image of a Church under stormy sky, wide dramatic view, building clear",Church,4152,4
916,"Image of a Church with wide cobblestone plaza, long-range shot",Church,6116,4
917,"Image of a Church near coastline, ocean visible, full building sharp",Church,5311,4
918,"Image of a Church on a mountain ridge, long-range wide photo",Church,5902,4
919,"Image of a Church in panoramic cityscape, entire structure visible",Church,9974,4
920,"Image of a Church on a hilltop, long-range wide view, entire building sharp",Church,2166,4
921,"Image of a Church with mountain landscape, full visible from distance",Church,3241,4
922,"Image of a Church in a valley town, wide-angle, sharp subject",Church,5800,4
923,"Image of a Church seen from across the river, entire structure visible",Church,2381,4
924,"Image of a Church in the middle of a village, wide shot, building clear",Church,9268,4
925,"Image of a Church with skyline in background, long-range photo",Church,6516,4
926,"Image of a Church in rural countryside, full building in wide frame",Church,2465,4
927,"Image of a Church on an island, long-range view, sharp focus",Church,9894,4
928,"Image of a Church in snowy mountains, entire structure visible",Church,4314,4
929,"Image of a Church with golden sunset, long-range wide shot",Church,4669,4
930,"Image of a Church in open fields, wide composition, full building clear",Church,5007,4
931,"Image of a Church seen from a drone view, still sharp subject",Church,9614,4
932,"Image of a Church in desert landscape, long-range, full structure",Church,4722,4
933,"Image of a Church surrounded by forest, entire building visible",Church,1345,4
934,"Image of a Church in the middle of a big city, skyline wide shot",Church,1717,4
935,"Image of a Church under stormy sky, wide dramatic view, building clear",Church,3487,4
936,"Image of a Church with wide cobblestone plaza, long-range shot",Church,9741,4
937,"Image of a Church near coastline, ocean visible, full building sharp",Church,6744,4
938,"Image of a Church on a mountain ridge, long-range wide photo",Church,3833,4
939,"Image of a Church in panoramic cityscape, entire structure visible",Church,9045,4
940,"Image of a Church on a hilltop, long-range wide view, entire building sharp",Church,4895,4
941,"Image of a Church with mountain landscape, full visible from distance",Church,9739,4
942,"Image of a Church in a valley town, wide-angle, sharp subject",Church,1302,4
943,"Image of a Church seen from across the river, entire structure visible",Church,5890,4
944,"Image of a Church in the middle of a village, wide shot, building clear",Church,7085,4
945,"Image of a Church with skyline in background, long-range photo",Church,8790,4
946,"Image of a Church in rural countryside, full building in wide frame",Church,3321,4
947,"Image of a Church on an island, long-range view, sharp focus",Church,8835,4
948,"Image of a Church in snowy mountains, entire structure visible",Church,9697,4
949,"Image of a Church with golden sunset, long-range wide shot",Church,4666,4
950,"Image of a Church in open fields, wide composition, full building clear",Church,7864,4
951,"Image of a Church seen from a drone view, still sharp subject",Church,9091,4
952,"Image of a Church in desert landscape, long-range, full structure",Church,4762,4
953,"Image of a Church surrounded by forest, entire building visible",Church,4396,4
954,"Image of a Church in the middle of a big city, skyline wide shot",Church,1781,4
955,"Image of a Church under stormy sky, wide dramatic view, building clear",Church,8156,4
956,"Image of a Church with wide cobblestone plaza, long-range shot",Church,9527,4
957,"Image of a Church near coastline, ocean visible, full building sharp",Church,9814,4
958,"Image of a Church on a mountain ridge, long-range wide photo",Church,2895,4
959,"Image of a Church in panoramic cityscape, entire structure visible",Church,9098,4
960,"Image of a Church on a hilltop, long-range wide view, entire building sharp",Church,4073,4
961,"Image of a Church with mountain landscape, full visible from distance",Church,6627,4
962,"Image of a Church in a valley town, wide-angle, sharp subject",Church,7386,4
963,"Image of a Church seen from across the river, entire structure visible",Church,7032,4
964,"Image of a Church in the middle of a village, wide shot, building clear",Church,4630,4
965,"Image of a Church with skyline in background, long-range photo",Church,3844,4
966,"Image of a Church in rural countryside, full building in wide frame",Church,2034,4
967,"Image of a Church on an island, long-range view, sharp focus",Church,6095,4
968,"Image of a Church in snowy mountains, entire structure visible",Church,2182,4
969,"Image of a Church with golden sunset, long-range wide shot",Church,6376,4
970,"Image of a Church in open fields, wide composition, full building clear",Church,1992,4
971,"Image of a Church seen from a drone view, still sharp subject",Church,2695,4
972,"Image of a Church in desert landscape, long-range, full structure",Church,7948,4
973,"Image of a Church surrounded by forest, entire building visible",Church,5359,4
974,"Image of a Church in the middle of a big city, skyline wide shot",Church,7085,4
975,"Image of a Church under stormy sky, wide dramatic view, building clear",Church,3651,4
976,"Image of a Church with wide cobblestone plaza, long-range shot",Church,4351,4
977,"Image of a Church near coastline, ocean visible, full building sharp",Church,8593,4
978,"Image of a Church on a mountain ridge, long-range wide photo",Church,3420,4
979,"Image of a Church in panoramic cityscape, entire structure visible",Church,1602,4
980,"Image of a Church on a hilltop, long-range wide view, entire building sharp",Church,7991,4
981,"Image of a Church with mountain landscape, full visible from distance",Church,7438,4
982,"Image of a Church in a valley town, wide-angle, sharp subject",Church,4921,4
983,"Image of a Church seen from across the river, entire structure visible",Church,4953,4
984,"Image of a Church in the middle of a village, wide shot, building clear",Church,8917,4
985,"Image of a Church with skyline in background, long-range photo",Church,3749,4
986,"Image of a Church in rural countryside, full building in wide frame",Church,1765,4
987,"Image of a Church on an island, long-range view, sharp focus",Church,7325,4
988,"Image of a Church in snowy mountains, entire structure visible",Church,7809,4
989,"Image of a Church with golden sunset, long-range wide shot",Church,4114,4
990,"Image of a Church in open fields, wide composition, full building clear",Church,6753,4
991,"Image of a Church seen from a drone view, still sharp subject",Church,8194,4
992,"Image of a Church in desert landscape, long-range, full structure",Church,8571,4
993,"Image of a Church surrounded by forest, entire building visible",Church,8535,4
994,"Image of a Church in the middle of a big city, skyline wide shot",Church,9278,4
995,"Image of a Church under stormy sky, wide dramatic view, building clear",Church,9401,4
996,"Image of a Church with wide cobblestone plaza, long-range shot",Church,5581,4
997,"Image of a Church near coastline, ocean visible, full building sharp",Church,4906,4
998,"Image of a Church on a mountain ridge, long-range wide photo",Church,9540,4
999,"Image of a Church in panoramic cityscape, entire structure visible",Church,9879,4
1000,Image of Garbage Truck,Garbage Truck,5018,0
1001,Image of Garbage Truck,Garbage Truck,1376,0
1002,Image of Garbage Truck,Garbage Truck,7894,0
1003,Image of Garbage Truck,Garbage Truck,4788,0
1004,Image of Garbage Truck,Garbage Truck,7868,0
1005,Image of Garbage Truck,Garbage Truck,3538,0
1006,Image of Garbage Truck,Garbage Truck,3601,0
1007,Image of Garbage Truck,Garbage Truck,9556,0
1008,Image of Garbage Truck,Garbage Truck,1529,0
1009,Image of Garbage Truck,Garbage Truck,1686,0
1010,Image of Garbage Truck,Garbage Truck,4010,0
1011,Image of Garbage Truck,Garbage Truck,2260,0
1012,Image of Garbage Truck,Garbage Truck,7702,0
1013,Image of Garbage Truck,Garbage Truck,8579,0
1014,Image of Garbage Truck,Garbage Truck,1198,0
1015,Image of Garbage Truck,Garbage Truck,4719,0
1016,Image of Garbage Truck,Garbage Truck,5117,0
1017,Image of Garbage Truck,Garbage Truck,3813,0
1018,Image of Garbage Truck,Garbage Truck,7450,0
1019,Image of Garbage Truck,Garbage Truck,9848,0
1020,Image of Garbage Truck,Garbage Truck,9849,0
1021,Image of Garbage Truck,Garbage Truck,6679,0
1022,Image of Garbage Truck,Garbage Truck,1652,0
1023,Image of Garbage Truck,Garbage Truck,8975,0
1024,Image of Garbage Truck,Garbage Truck,2901,0
1025,Image of Garbage Truck,Garbage Truck,2107,0
1026,Image of Garbage Truck,Garbage Truck,3467,0
1027,Image of Garbage Truck,Garbage Truck,4299,0
1028,Image of Garbage Truck,Garbage Truck,3300,0
1029,Image of Garbage Truck,Garbage Truck,8063,0
1030,Image of Garbage Truck,Garbage Truck,8686,0
1031,Image of Garbage Truck,Garbage Truck,5241,0
1032,Image of Garbage Truck,Garbage Truck,6540,0
1033,Image of Garbage Truck,Garbage Truck,6770,0
1034,Image of Garbage Truck,Garbage Truck,9868,0
1035,Image of Garbage Truck,Garbage Truck,5577,0
1036,Image of Garbage Truck,Garbage Truck,1948,0
1037,Image of Garbage Truck,Garbage Truck,5912,0
1038,Image of Garbage Truck,Garbage Truck,1354,0
1039,Image of Garbage Truck,Garbage Truck,9992,0
1040,Image of Garbage Truck,Garbage Truck,8278,0
1041,Image of Garbage Truck,Garbage Truck,9224,0
1042,Image of Garbage Truck,Garbage Truck,3005,0
1043,Image of Garbage Truck,Garbage Truck,7050,0
1044,Image of Garbage Truck,Garbage Truck,4120,0
1045,Image of Garbage Truck,Garbage Truck,8827,0
1046,Image of Garbage Truck,Garbage Truck,7266,0
1047,Image of Garbage Truck,Garbage Truck,5159,0
1048,Image of Garbage Truck,Garbage Truck,6315,0
1049,Image of Garbage Truck,Garbage Truck,5983,0
1050,Image of Garbage Truck,Garbage Truck,5465,0
1051,Image of Garbage Truck,Garbage Truck,4351,0
1052,Image of Garbage Truck,Garbage Truck,8140,0
1053,Image of Garbage Truck,Garbage Truck,8904,0
1054,Image of Garbage Truck,Garbage Truck,1662,0
1055,Image of Garbage Truck,Garbage Truck,5476,0
1056,Image of Garbage Truck,Garbage Truck,1297,0
1057,Image of Garbage Truck,Garbage Truck,2327,0
1058,Image of Garbage Truck,Garbage Truck,4499,0
1059,Image of Garbage Truck,Garbage Truck,2126,0
1060,Image of Garbage Truck,Garbage Truck,7519,0
1061,Image of Garbage Truck,Garbage Truck,5735,0
1062,Image of Garbage Truck,Garbage Truck,1835,0
1063,Image of Garbage Truck,Garbage Truck,6109,0
1064,Image of Garbage Truck,Garbage Truck,2470,0
1065,Image of Garbage Truck,Garbage Truck,8334,0
1066,Image of Garbage Truck,Garbage Truck,7075,0
1067,Image of Garbage Truck,Garbage Truck,2583,0
1068,Image of Garbage Truck,Garbage Truck,2277,0
1069,Image of Garbage Truck,Garbage Truck,6035,0
1070,Image of Garbage Truck,Garbage Truck,4810,0
1071,Image of Garbage Truck,Garbage Truck,7829,0
1072,Image of Garbage Truck,Garbage Truck,8695,0
1073,Image of Garbage Truck,Garbage Truck,7371,0
1074,Image of Garbage Truck,Garbage Truck,9981,0
1075,Image of Garbage Truck,Garbage Truck,4202,0
1076,Image of Garbage Truck,Garbage Truck,6533,0
1077,Image of Garbage Truck,Garbage Truck,6468,0
1078,Image of Garbage Truck,Garbage Truck,5849,0
1079,Image of Garbage Truck,Garbage Truck,1210,0
1080,Image of Garbage Truck,Garbage Truck,9265,0
1081,Image of Garbage Truck,Garbage Truck,5906,0
1082,Image of Garbage Truck,Garbage Truck,6488,0
1083,Image of Garbage Truck,Garbage Truck,1036,0
1084,Image of Garbage Truck,Garbage Truck,1784,0
1085,Image of Garbage Truck,Garbage Truck,6106,0
1086,Image of Garbage Truck,Garbage Truck,3872,0
1087,Image of Garbage Truck,Garbage Truck,9204,0
1088,Image of Garbage Truck,Garbage Truck,4398,0
1089,Image of Garbage Truck,Garbage Truck,2968,0
1090,Image of Garbage Truck,Garbage Truck,1128,0
1091,Image of Garbage Truck,Garbage Truck,6393,0
1092,Image of Garbage Truck,Garbage Truck,8370,0
1093,Image of Garbage Truck,Garbage Truck,3243,0
1094,Image of Garbage Truck,Garbage Truck,2397,0
1095,Image of Garbage Truck,Garbage Truck,5630,0
1096,Image of Garbage Truck,Garbage Truck,9474,0
1097,Image of Garbage Truck,Garbage Truck,2530,0
1098,Image of Garbage Truck,Garbage Truck,3034,0
1099,Image of Garbage Truck,Garbage Truck,6129,0
1100,Image of a Garbage Truck parked near the corner of the street,Garbage Truck,3992,1
1101,Image of a Garbage Truck collecting trash bins in the morning,Garbage Truck,8276,1
1102,Image of a Garbage Truck driving down a busy city road,Garbage Truck,8798,1
1103,Image of a green Garbage Truck parked outside the supermarket,Garbage Truck,8893,1
1104,Image of a Garbage Truck stopping near a row of houses,Garbage Truck,8247,1
1105,Image of a Garbage Truck waiting at the traffic light,Garbage Truck,1028,1
1106,Image of a Garbage Truck parked behind the school building,Garbage Truck,9310,1
1107,Image of a Garbage Truck on a narrow alley with workers nearby,Garbage Truck,2412,1
1108,Image of a Garbage Truck stopping at the park entrance,Garbage Truck,3085,1
1109,Image of a Garbage Truck driving through a rainy street,Garbage Truck,6837,1
1110,Image of  Garbage Truck parked near a construction site,Garbage Truck,1283,1
1111,Image of a Garbage Truck collecting trash on a snowy road,Garbage Truck,2192,1
1112,Image of a Garbage Truck beside a warehouse early in the morning,Garbage Truck,5407,1
1113,Image of a Garbage Truck driving past an office block,Garbage Truck,3493,1
1114,Image of a Garbage Truck standing still outside a restaurant,Garbage Truck,4436,1
1115,Image of a Garbage Truck parked under a streetlight at night,Garbage Truck,6809,1
1116,Image of a Garbage Truck collecting recycling bins on Monday,Garbage Truck,6420,1
1117,Image of a Garbage Truck driving along the riverside road,Garbage Truck,1790,1
1118,Image of a Garbage Truck standing in front of the fire station,Garbage Truck,6977,1
1119,Image of a Garbage Truck parked near the city stadium,Garbage Truck,7414,1
1120,Image of a Garbage Truck parked near the corner of the street,Garbage Truck,6368,1
1121,Image of a Garbage Truck collecting trash bins in the morning,Garbage Truck,5467,1
1122,Image of a Garbage Truck driving down a busy city road,Garbage Truck,1320,1
1123,Image of a green Garbage Truck parked outside the supermarket,Garbage Truck,5775,1
1124,Image of a Garbage Truck stopping near a row of houses,Garbage Truck,1574,1
1125,Image of a Garbage Truck waiting at the traffic light,Garbage Truck,6189,1
1126,Image of a Garbage Truck parked behind the school building,Garbage Truck,2108,1
1127,Image of a Garbage Truck on a narrow alley with workers nearby,Garbage Truck,7712,1
1128,Image of a Garbage Truck stopping at the park entrance,Garbage Truck,4606,1
1129,Image of a Garbage Truck driving through a rainy street,Garbage Truck,5337,1
1130,Image of  Garbage Truck parked near a construction site,Garbage Truck,6436,1
1131,Image of a Garbage Truck collecting trash on a snowy road,Garbage Truck,2545,1
1132,Image of a Garbage Truck beside a warehouse early in the morning,Garbage Truck,1651,1
1133,Image of a Garbage Truck driving past an office block,Garbage Truck,4536,1
1134,Image of a Garbage Truck standing still outside a restaurant,Garbage Truck,9541,1
1135,Image of a Garbage Truck parked under a streetlight at night,Garbage Truck,8225,1
1136,Image of a Garbage Truck collecting recycling bins on Monday,Garbage Truck,3972,1
1137,Image of a Garbage Truck driving along the riverside road,Garbage Truck,7636,1
1138,Image of a Garbage Truck standing in front of the fire station,Garbage Truck,3330,1
1139,Image of a Garbage Truck parked near the city stadium,Garbage Truck,3519,1
1140,Image of a Garbage Truck parked near the corner of the street,Garbage Truck,6984,1
1141,Image of a Garbage Truck collecting trash bins in the morning,Garbage Truck,4300,1
1142,Image of a Garbage Truck driving down a busy city road,Garbage Truck,3633,1
1143,Image of a green Garbage Truck parked outside the supermarket,Garbage Truck,8731,1
1144,Image of a Garbage Truck stopping near a row of houses,Garbage Truck,4153,1
1145,Image of a Garbage Truck waiting at the traffic light,Garbage Truck,5600,1
1146,Image of a Garbage Truck parked behind the school building,Garbage Truck,3616,1
1147,Image of a Garbage Truck on a narrow alley with workers nearby,Garbage Truck,8929,1
1148,Image of a Garbage Truck stopping at the park entrance,Garbage Truck,9448,1
1149,Image of a Garbage Truck driving through a rainy street,Garbage Truck,9759,1
1150,Image of  Garbage Truck parked near a construction site,Garbage Truck,7193,1
1151,Image of a Garbage Truck collecting trash on a snowy road,Garbage Truck,9345,1
1152,Image of a Garbage Truck beside a warehouse early in the morning,Garbage Truck,7577,1
1153,Image of a Garbage Truck driving past an office block,Garbage Truck,2972,1
1154,Image of a Garbage Truck standing still outside a restaurant,Garbage Truck,8677,1
1155,Image of a Garbage Truck parked under a streetlight at night,Garbage Truck,1022,1
1156,Image of a Garbage Truck collecting recycling bins on Monday,Garbage Truck,2858,1
1157,Image of a Garbage Truck driving along the riverside road,Garbage Truck,6197,1
1158,Image of a Garbage Truck standing in front of the fire station,Garbage Truck,8432,1
1159,Image of a Garbage Truck parked near the city stadium,Garbage Truck,8425,1
1160,Image of a Garbage Truck parked near the corner of the street,Garbage Truck,3120,1
1161,Image of a Garbage Truck collecting trash bins in the morning,Garbage Truck,5533,1
1162,Image of a Garbage Truck driving down a busy city road,Garbage Truck,8383,1
1163,Image of a green Garbage Truck parked outside the supermarket,Garbage Truck,1475,1
1164,Image of a Garbage Truck stopping near a row of houses,Garbage Truck,4772,1
1165,Image of a Garbage Truck waiting at the traffic light,Garbage Truck,5462,1
1166,Image of a Garbage Truck parked behind the school building,Garbage Truck,5089,1
1167,Image of a Garbage Truck on a narrow alley with workers nearby,Garbage Truck,2076,1
1168,Image of a Garbage Truck stopping at the park entrance,Garbage Truck,5767,1
1169,Image of a Garbage Truck driving through a rainy street,Garbage Truck,1487,1
1170,Image of  Garbage Truck parked near a construction site,Garbage Truck,5668,1
1171,Image of a Garbage Truck collecting trash on a snowy road,Garbage Truck,4893,1
1172,Image of a Garbage Truck beside a warehouse early in the morning,Garbage Truck,9402,1
1173,Image of a Garbage Truck driving past an office block,Garbage Truck,4744,1
1174,Image of a Garbage Truck standing still outside a restaurant,Garbage Truck,4623,1
1175,Image of a Garbage Truck parked under a streetlight at night,Garbage Truck,6567,1
1176,Image of a Garbage Truck collecting recycling bins on Monday,Garbage Truck,1493,1
1177,Image of a Garbage Truck driving along the riverside road,Garbage Truck,6292,1
1178,Image of a Garbage Truck standing in front of the fire station,Garbage Truck,5276,1
1179,Image of a Garbage Truck parked near the city stadium,Garbage Truck,9411,1
1180,Image of a Garbage Truck parked near the corner of the street,Garbage Truck,9137,1
1181,Image of a Garbage Truck collecting trash bins in the morning,Garbage Truck,3026,1
1182,Image of a Garbage Truck driving down a busy city road,Garbage Truck,3696,1
1183,Image of a green Garbage Truck parked outside the supermarket,Garbage Truck,8813,1
1184,Image of a Garbage Truck stopping near a row of houses,Garbage Truck,7468,1
1185,Image of a Garbage Truck waiting at the traffic light,Garbage Truck,9152,1
1186,Image of a Garbage Truck parked behind the school building,Garbage Truck,4882,1
1187,Image of a Garbage Truck on a narrow alley with workers nearby,Garbage Truck,6222,1
1188,Image of a Garbage Truck stopping at the park entrance,Garbage Truck,1931,1
1189,Image of a Garbage Truck driving through a rainy street,Garbage Truck,3386,1
1190,Image of  Garbage Truck parked near a construction site,Garbage Truck,1819,1
1191,Image of a Garbage Truck collecting trash on a snowy road,Garbage Truck,2463,1
1192,Image of a Garbage Truck beside a warehouse early in the morning,Garbage Truck,6089,1
1193,Image of a Garbage Truck driving past an office block,Garbage Truck,3606,1
1194,Image of a Garbage Truck standing still outside a restaurant,Garbage Truck,2974,1
1195,Image of a Garbage Truck parked under a streetlight at night,Garbage Truck,3675,1
1196,Image of a Garbage Truck collecting recycling bins on Monday,Garbage Truck,4328,1
1197,Image of a Garbage Truck driving along the riverside road,Garbage Truck,4411,1
1198,Image of a Garbage Truck standing in front of the fire station,Garbage Truck,9666,1
1199,Image of a Garbage Truck parked near the city stadium,Garbage Truck,6892,1
1200,Image of a full Garbage Truck close-up front view,Garbage Truck,7867,2
1201,Image of a full Garbage Truck close-up side view,Garbage Truck,9268,2
1202,Image of a full Garbage Truck close-up rear view,Garbage Truck,4323,2
1203,Image of a full Garbage Truck detailed urban background,Garbage Truck,1936,2
1204,Image of a full Garbage Truck zoomed on the street,Garbage Truck,7829,2
1205,Image of a full Garbage Truck close-up in daylight,Garbage Truck,1478,2
1206,Image of a full Garbage Truck close-up at night,Garbage Truck,4924,2
1207,Image of a full Garbage Truck detailed industrial setting,Garbage Truck,7300,2
1208,Image of a full Garbage Truck zoomed cinematic shot,Garbage Truck,3158,2
1209,Image of a full Garbage Truck close-up wide angle,Garbage Truck,2656,2
1210,Image of a full Garbage Truck detailed HDR photo,Garbage Truck,5529,2
1211,Image of a full Garbage Truck close-up on asphalt road,Garbage Truck,6067,2
1212,Image of a full Garbage Truck zoomed in motion,Garbage Truck,2213,2
1213,Image of a full Garbage Truck close-up parked on street,Garbage Truck,3495,2
1214,Image of a full Garbage Truck detailed mechanical view,Garbage Truck,9268,2
1215,Image of a full Garbage Truck zoomed in front of building,Garbage Truck,1139,2
1216,Image of a full Garbage Truck close-up with trash bins,Garbage Truck,6772,2
1217,Image of a full Garbage Truck zoomed environmental shot,Garbage Truck,8902,2
1218,Image of a full Garbage Truck close-up realistic photo,Garbage Truck,8083,2
1219,Image of a full Garbage Truck zoomed cinematic angle,Garbage Truck,9816,2
1220,Image of a full Garbage Truck close-up front view,Garbage Truck,4627,2
1221,Image of a full Garbage Truck close-up side view,Garbage Truck,9670,2
1222,Image of a full Garbage Truck close-up rear view,Garbage Truck,5050,2
1223,Image of a full Garbage Truck detailed urban background,Garbage Truck,7482,2
1224,Image of a full Garbage Truck zoomed on the street,Garbage Truck,4747,2
1225,Image of a full Garbage Truck close-up in daylight,Garbage Truck,8307,2
1226,Image of a full Garbage Truck close-up at night,Garbage Truck,7171,2
1227,Image of a full Garbage Truck detailed industrial setting,Garbage Truck,4348,2
1228,Image of a full Garbage Truck zoomed cinematic shot,Garbage Truck,4432,2
1229,Image of a full Garbage Truck close-up wide angle,Garbage Truck,9481,2
1230,Image of a full Garbage Truck detailed HDR photo,Garbage Truck,7260,2
1231,Image of a full Garbage Truck close-up on asphalt road,Garbage Truck,2657,2
1232,Image of a full Garbage Truck zoomed in motion,Garbage Truck,6495,2
1233,Image of a full Garbage Truck close-up parked on street,Garbage Truck,1386,2
1234,Image of a full Garbage Truck detailed mechanical view,Garbage Truck,2128,2
1235,Image of a full Garbage Truck zoomed in front of building,Garbage Truck,2335,2
1236,Image of a full Garbage Truck close-up with trash bins,Garbage Truck,9457,2
1237,Image of a full Garbage Truck zoomed environmental shot,Garbage Truck,1175,2
1238,Image of a full Garbage Truck close-up realistic photo,Garbage Truck,5832,2
1239,Image of a full Garbage Truck zoomed cinematic angle,Garbage Truck,5934,2
1240,Image of a full Garbage Truck close-up front view,Garbage Truck,8064,2
1241,Image of a full Garbage Truck close-up side view,Garbage Truck,2149,2
1242,Image of a full Garbage Truck close-up rear view,Garbage Truck,5784,2
1243,Image of a full Garbage Truck detailed urban background,Garbage Truck,5083,2
1244,Image of a full Garbage Truck zoomed on the street,Garbage Truck,6850,2
1245,Image of a full Garbage Truck close-up in daylight,Garbage Truck,2368,2
1246,Image of a full Garbage Truck close-up at night,Garbage Truck,8608,2
1247,Image of a full Garbage Truck detailed industrial setting,Garbage Truck,7112,2
1248,Image of a full Garbage Truck zoomed cinematic shot,Garbage Truck,8601,2
1249,Image of a full Garbage Truck close-up wide angle,Garbage Truck,1258,2
1250,Image of a full Garbage Truck detailed HDR photo,Garbage Truck,6439,2
1251,Image of a full Garbage Truck close-up on asphalt road,Garbage Truck,7578,2
1252,Image of a full Garbage Truck zoomed in motion,Garbage Truck,5743,2
1253,Image of a full Garbage Truck close-up parked on street,Garbage Truck,6804,2
1254,Image of a full Garbage Truck detailed mechanical view,Garbage Truck,6019,2
1255,Image of a full Garbage Truck zoomed in front of building,Garbage Truck,2538,2
1256,Image of a full Garbage Truck close-up with trash bins,Garbage Truck,7497,2
1257,Image of a full Garbage Truck zoomed environmental shot,Garbage Truck,7417,2
1258,Image of a full Garbage Truck close-up realistic photo,Garbage Truck,4609,2
1259,Image of a full Garbage Truck zoomed cinematic angle,Garbage Truck,3466,2
1260,Image of a full Garbage Truck close-up front view,Garbage Truck,7133,2
1261,Image of a full Garbage Truck close-up side view,Garbage Truck,4878,2
1262,Image of a full Garbage Truck close-up rear view,Garbage Truck,8844,2
1263,Image of a full Garbage Truck detailed urban background,Garbage Truck,2185,2
1264,Image of a full Garbage Truck zoomed on the street,Garbage Truck,6509,2
1265,Image of a full Garbage Truck close-up in daylight,Garbage Truck,5106,2
1266,Image of a full Garbage Truck close-up at night,Garbage Truck,2714,2
1267,Image of a full Garbage Truck detailed industrial setting,Garbage Truck,9042,2
1268,Image of a full Garbage Truck zoomed cinematic shot,Garbage Truck,7576,2
1269,Image of a full Garbage Truck close-up wide angle,Garbage Truck,9346,2
1270,Image of a full Garbage Truck detailed HDR photo,Garbage Truck,6964,2
1271,Image of a full Garbage Truck close-up on asphalt road,Garbage Truck,4065,2
1272,Image of a full Garbage Truck zoomed in motion,Garbage Truck,8462,2
1273,Image of a full Garbage Truck close-up parked on street,Garbage Truck,7823,2
1274,Image of a full Garbage Truck detailed mechanical view,Garbage Truck,5363,2
1275,Image of a full Garbage Truck zoomed in front of building,Garbage Truck,3646,2
1276,Image of a full Garbage Truck close-up with trash bins,Garbage Truck,1914,2
1277,Image of a full Garbage Truck zoomed environmental shot,Garbage Truck,4695,2
1278,Image of a full Garbage Truck close-up realistic photo,Garbage Truck,9300,2
1279,Image of a full Garbage Truck zoomed cinematic angle,Garbage Truck,7908,2
1280,Image of a full Garbage Truck close-up front view,Garbage Truck,7121,2
1281,Image of a full Garbage Truck close-up side view,Garbage Truck,6711,2
1282,Image of a full Garbage Truck close-up rear view,Garbage Truck,3643,2
1283,Image of a full Garbage Truck detailed urban background,Garbage Truck,7806,2
1284,Image of a full Garbage Truck zoomed on the street,Garbage Truck,6782,2
1285,Image of a full Garbage Truck close-up in daylight,Garbage Truck,6615,2
1286,Image of a full Garbage Truck close-up at night,Garbage Truck,4016,2
1287,Image of a full Garbage Truck detailed industrial setting,Garbage Truck,7239,2
1288,Image of a full Garbage Truck zoomed cinematic shot,Garbage Truck,3517,2
1289,Image of a full Garbage Truck close-up wide angle,Garbage Truck,2846,2
1290,Image of a full Garbage Truck detailed HDR photo,Garbage Truck,8794,2
1291,Image of a full Garbage Truck close-up on asphalt road,Garbage Truck,1050,2
1292,Image of a full Garbage Truck zoomed in motion,Garbage Truck,5347,2
1293,Image of a full Garbage Truck close-up parked on street,Garbage Truck,1240,2
1294,Image of a full Garbage Truck detailed mechanical view,Garbage Truck,9809,2
1295,Image of a full Garbage Truck zoomed in front of building,Garbage Truck,1424,2
1296,Image of a full Garbage Truck close-up with trash bins,Garbage Truck,3052,2
1297,Image of a full Garbage Truck zoomed environmental shot,Garbage Truck,5920,2
1298,Image of a full Garbage Truck close-up realistic photo,Garbage Truck,4561,2
1299,Image of a full Garbage Truck zoomed cinematic angle,Garbage Truck,2563,2
1300,"Image of a Garbage Truck on a city street, entire vehicle visible",Garbage Truck,2722,3
1301,"Image of a Garbage Truck in front of tall buildings, full view",Garbage Truck,9921,3
1302,"Image of a Garbage Truck on a suburban road, full vehicle clear",Garbage Truck,8272,3
1303,"Image of a Garbage Truck at a landfill, main subject, full view",Garbage Truck,3723,3
1304,"Image of a Garbage Truck in an industrial area, entire vehicle focus",Garbage Truck,3477,3
1305,"Image of a Garbage Truck on a wet road after rain, full vehicle",Garbage Truck,2032,3
1306,"Image of a Garbage Truck in morning sunlight, entire truck visible",Garbage Truck,1119,3
1307,"Image of a Garbage Truck at night under streetlights, main subject",Garbage Truck,8146,3
1308,"Image of a Garbage Truck in a parking lot, full clear view",Garbage Truck,9918,3
1309,"Image of a Garbage Truck driving uphill, entire truck focus",Garbage Truck,9779,3
1310,"Image of a Garbage Truck with mountains in background, full vehicle",Garbage Truck,1640,3
1311,"Image of a Garbage Truck on a narrow alley, still main subject",Garbage Truck,6623,3
1312,"Image of a Garbage Truck in front of a warehouse, full truck visible",Garbage Truck,1733,3
1313,"Image of a Garbage Truck on a rural dirt road, entire vehicle",Garbage Truck,7995,3
1314,"Image of a Garbage Truck surrounded by trees, main focus",Garbage Truck,7625,3
1315,"Image of a Garbage Truck at sunset, full truck silhouette",Garbage Truck,6368,3
1316,"Image of a Garbage Truck in snowy weather, entire vehicle visible",Garbage Truck,3266,3
1317,"Image of a Garbage Truck near a construction site, main subject",Garbage Truck,1780,3
1318,"Image of a Garbage Truck on a wide empty road, full vehicle clear",Garbage Truck,5090,3
1319,"Image of a Garbage Truck with blurred background, truck in focus",Garbage Truck,9897,3
1320,"Image of a Garbage Truck on a city street, entire vehicle visible",Garbage Truck,4031,3
1321,"Image of a Garbage Truck in front of tall buildings, full view",Garbage Truck,9866,3
1322,"Image of a Garbage Truck on a suburban road, full vehicle clear",Garbage Truck,7225,3
1323,"Image of a Garbage Truck at a landfill, main subject, full view",Garbage Truck,6525,3
1324,"Image of a Garbage Truck in an industrial area, entire vehicle focus",Garbage Truck,9613,3
1325,"Image of a Garbage Truck on a wet road after rain, full vehicle",Garbage Truck,8685,3
1326,"Image of a Garbage Truck in morning sunlight, entire truck visible",Garbage Truck,7716,3
1327,"Image of a Garbage Truck at night under streetlights, main subject",Garbage Truck,6066,3
1328,"Image of a Garbage Truck in a parking lot, full clear view",Garbage Truck,1877,3
1329,"Image of a Garbage Truck driving uphill, entire truck focus",Garbage Truck,8902,3
1330,"Image of a Garbage Truck with mountains in background, full vehicle",Garbage Truck,6644,3
1331,"Image of a Garbage Truck on a narrow alley, still main subject",Garbage Truck,9793,3
1332,"Image of a Garbage Truck in front of a warehouse, full truck visible",Garbage Truck,2012,3
1333,"Image of a Garbage Truck on a rural dirt road, entire vehicle",Garbage Truck,3424,3
1334,"Image of a Garbage Truck surrounded by trees, main focus",Garbage Truck,9262,3
1335,"Image of a Garbage Truck at sunset, full truck silhouette",Garbage Truck,3232,3
1336,"Image of a Garbage Truck in snowy weather, entire vehicle visible",Garbage Truck,3698,3
1337,"Image of a Garbage Truck near a construction site, main subject",Garbage Truck,7471,3
1338,"Image of a Garbage Truck on a wide empty road, full vehicle clear",Garbage Truck,9767,3
1339,"Image of a Garbage Truck with blurred background, truck in focus",Garbage Truck,4891,3
1340,"Image of a Garbage Truck on a city street, entire vehicle visible",Garbage Truck,7127,3
1341,"Image of a Garbage Truck in front of tall buildings, full view",Garbage Truck,2574,3
1342,"Image of a Garbage Truck on a suburban road, full vehicle clear",Garbage Truck,5043,3
1343,"Image of a Garbage Truck at a landfill, main subject, full view",Garbage Truck,4719,3
1344,"Image of a Garbage Truck in an industrial area, entire vehicle focus",Garbage Truck,3836,3
1345,"Image of a Garbage Truck on a wet road after rain, full vehicle",Garbage Truck,1550,3
1346,"Image of a Garbage Truck in morning sunlight, entire truck visible",Garbage Truck,2623,3
1347,"Image of a Garbage Truck at night under streetlights, main subject",Garbage Truck,2168,3
1348,"Image of a Garbage Truck in a parking lot, full clear view",Garbage Truck,6001,3
1349,"Image of a Garbage Truck driving uphill, entire truck focus",Garbage Truck,6363,3
1350,"Image of a Garbage Truck with mountains in background, full vehicle",Garbage Truck,6487,3
1351,"Image of a Garbage Truck on a narrow alley, still main subject",Garbage Truck,3856,3
1352,"Image of a Garbage Truck in front of a warehouse, full truck visible",Garbage Truck,7946,3
1353,"Image of a Garbage Truck on a rural dirt road, entire vehicle",Garbage Truck,3873,3
1354,"Image of a Garbage Truck surrounded by trees, main focus",Garbage Truck,6275,3
1355,"Image of a Garbage Truck at sunset, full truck silhouette",Garbage Truck,4531,3
1356,"Image of a Garbage Truck in snowy weather, entire vehicle visible",Garbage Truck,3886,3
1357,"Image of a Garbage Truck near a construction site, main subject",Garbage Truck,7685,3
1358,"Image of a Garbage Truck on a wide empty road, full vehicle clear",Garbage Truck,3060,3
1359,"Image of a Garbage Truck with blurred background, truck in focus",Garbage Truck,6332,3
1360,"Image of a Garbage Truck on a city street, entire vehicle visible",Garbage Truck,7263,3
1361,"Image of a Garbage Truck in front of tall buildings, full view",Garbage Truck,4066,3
1362,"Image of a Garbage Truck on a suburban road, full vehicle clear",Garbage Truck,8211,3
1363,"Image of a Garbage Truck at a landfill, main subject, full view",Garbage Truck,5396,3
1364,"Image of a Garbage Truck in an industrial area, entire vehicle focus",Garbage Truck,6341,3
1365,"Image of a Garbage Truck on a wet road after rain, full vehicle",Garbage Truck,6681,3
1366,"Image of a Garbage Truck in morning sunlight, entire truck visible",Garbage Truck,1380,3
1367,"Image of a Garbage Truck at night under streetlights, main subject",Garbage Truck,6204,3
1368,"Image of a Garbage Truck in a parking lot, full clear view",Garbage Truck,5611,3
1369,"Image of a Garbage Truck driving uphill, entire truck focus",Garbage Truck,2519,3
1370,"Image of a Garbage Truck with mountains in background, full vehicle",Garbage Truck,9797,3
1371,"Image of a Garbage Truck on a narrow alley, still main subject",Garbage Truck,3130,3
1372,"Image of a Garbage Truck in front of a warehouse, full truck visible",Garbage Truck,9119,3
1373,"Image of a Garbage Truck on a rural dirt road, entire vehicle",Garbage Truck,8355,3
1374,"Image of a Garbage Truck surrounded by trees, main focus",Garbage Truck,4384,3
1375,"Image of a Garbage Truck at sunset, full truck silhouette",Garbage Truck,7345,3
1376,"Image of a Garbage Truck in snowy weather, entire vehicle visible",Garbage Truck,7648,3
1377,"Image of a Garbage Truck near a construction site, main subject",Garbage Truck,1412,3
1378,"Image of a Garbage Truck on a wide empty road, full vehicle clear",Garbage Truck,1665,3
1379,"Image of a Garbage Truck with blurred background, truck in focus",Garbage Truck,1819,3
1380,"Image of a Garbage Truck on a city street, entire vehicle visible",Garbage Truck,9364,3
1381,"Image of a Garbage Truck in front of tall buildings, full view",Garbage Truck,8156,3
1382,"Image of a Garbage Truck on a suburban road, full vehicle clear",Garbage Truck,2004,3
1383,"Image of a Garbage Truck at a landfill, main subject, full view",Garbage Truck,5601,3
1384,"Image of a Garbage Truck in an industrial area, entire vehicle focus",Garbage Truck,6918,3
1385,"Image of a Garbage Truck on a wet road after rain, full vehicle",Garbage Truck,5574,3
1386,"Image of a Garbage Truck in morning sunlight, entire truck visible",Garbage Truck,6825,3
1387,"Image of a Garbage Truck at night under streetlights, main subject",Garbage Truck,7869,3
1388,"Image of a Garbage Truck in a parking lot, full clear view",Garbage Truck,8873,3
1389,"Image of a Garbage Truck driving uphill, entire truck focus",Garbage Truck,2438,3
1390,"Image of a Garbage Truck with mountains in background, full vehicle",Garbage Truck,7396,3
1391,"Image of a Garbage Truck on a narrow alley, still main subject",Garbage Truck,9078,3
1392,"Image of a Garbage Truck in front of a warehouse, full truck visible",Garbage Truck,5312,3
1393,"Image of a Garbage Truck on a rural dirt road, entire vehicle",Garbage Truck,4260,3
1394,"Image of a Garbage Truck surrounded by trees, main focus",Garbage Truck,1345,3
1395,"Image of a Garbage Truck at sunset, full truck silhouette",Garbage Truck,8054,3
1396,"Image of a Garbage Truck in snowy weather, entire vehicle visible",Garbage Truck,9115,3
1397,"Image of a Garbage Truck near a construction site, main subject",Garbage Truck,2469,3
1398,"Image of a Garbage Truck on a wide empty road, full vehicle clear",Garbage Truck,1696,3
1399,"Image of a Garbage Truck with blurred background, truck in focus",Garbage Truck,2884,3
1400,"Image of a Garbage Truck on a wide city street, full vehicle visible in frame",Garbage Truck,6688,4
1401,"Image of a Garbage Truck parked near a row of buildings, clear main subject",Garbage Truck,9335,4
1402,"Image of a Garbage Truck driving on a highway, entire truck visible from distance",Garbage Truck,9131,4
1403,"Image of a Garbage Truck turning at an intersection, full view, still main focus",Garbage Truck,8599,4
1404,"Image of a Garbage Truck on a bridge, background skyline visible",Garbage Truck,2693,4
1405,"Image of a Garbage Truck in front of a shopping mall, mid-range shot",Garbage Truck,9595,4
1406,"Image of a Garbage Truck on a countryside road, fields in background",Garbage Truck,4211,4
1407,"Image of a Garbage Truck passing through an industrial zone, full vehicle clear",Garbage Truck,1405,4
1408,"Image of a Garbage Truck on a seaside road, horizon in the distance",Garbage Truck,6870,4
1409,"Image of a Garbage Truck driving through a small town square, main subject",Garbage Truck,8968,4
1410,"Image of a Garbage Truck on a mountain road, visible landscape background",Garbage Truck,2689,4
1411,"Image of a Garbage Truck moving on a freeway with cars around, still in focus",Garbage Truck,1502,4
1412,"Image of a Garbage Truck in a busy city, tall buildings visible, truck centered",Garbage Truck,6898,4
1413,"Image of a Garbage Truck on an empty rural road, clear full vehicle",Garbage Truck,5961,4
1414,"Image of a Garbage Truck in front of a warehouse complex, mid-range view",Garbage Truck,1594,4
1415,"Image of a Garbage Truck on a snowy street, background houses visible",Garbage Truck,2056,4
1416,"Image of a Garbage Truck on a desert road, wide open landscape",Garbage Truck,4912,4
1417,"Image of a Garbage Truck on a wet street after rain, city lights in background",Garbage Truck,5708,4
1418,"Image of a Garbage Truck in a residential neighborhood, truck in clear focus",Garbage Truck,6148,4
1419,"Image of a Garbage Truck near a park with trees, full truck visible mid-distance",Garbage Truck,2512,4
1420,"Image of a Garbage Truck on a wide city street, full vehicle visible in frame",Garbage Truck,9006,4
1421,"Image of a Garbage Truck parked near a row of buildings, clear main subject",Garbage Truck,7370,4
1422,"Image of a Garbage Truck driving on a highway, entire truck visible from distance",Garbage Truck,6644,4
1423,"Image of a Garbage Truck turning at an intersection, full view, still main focus",Garbage Truck,8906,4
1424,"Image of a Garbage Truck on a bridge, background skyline visible",Garbage Truck,9650,4
1425,"Image of a Garbage Truck in front of a shopping mall, mid-range shot",Garbage Truck,9099,4
1426,"Image of a Garbage Truck on a countryside road, fields in background",Garbage Truck,2319,4
1427,"Image of a Garbage Truck passing through an industrial zone, full vehicle clear",Garbage Truck,4576,4
1428,"Image of a Garbage Truck on a seaside road, horizon in the distance",Garbage Truck,7427,4
1429,"Image of a Garbage Truck driving through a small town square, main subject",Garbage Truck,8424,4
1430,"Image of a Garbage Truck on a mountain road, visible landscape background",Garbage Truck,4245,4
1431,"Image of a Garbage Truck moving on a freeway with cars around, still in focus",Garbage Truck,1819,4
1432,"Image of a Garbage Truck in a busy city, tall buildings visible, truck centered",Garbage Truck,9133,4
1433,"Image of a Garbage Truck on an empty rural road, clear full vehicle",Garbage Truck,9311,4
1434,"Image of a Garbage Truck in front of a warehouse complex, mid-range view",Garbage Truck,6990,4
1435,"Image of a Garbage Truck on a snowy street, background houses visible",Garbage Truck,2481,4
1436,"Image of a Garbage Truck on a desert road, wide open landscape",Garbage Truck,8257,4
1437,"Image of a Garbage Truck on a wet street after rain, city lights in background",Garbage Truck,8811,4
1438,"Image of a Garbage Truck in a residential neighborhood, truck in clear focus",Garbage Truck,1354,4
1439,"Image of a Garbage Truck near a park with trees, full truck visible mid-distance",Garbage Truck,8292,4
1440,"Image of a Garbage Truck on a wide city street, full vehicle visible in frame",Garbage Truck,1173,4
1441,"Image of a Garbage Truck parked near a row of buildings, clear main subject",Garbage Truck,8981,4
1442,"Image of a Garbage Truck driving on a highway, entire truck visible from distance",Garbage Truck,3250,4
1443,"Image of a Garbage Truck turning at an intersection, full view, still main focus",Garbage Truck,2436,4
1444,"Image of a Garbage Truck on a bridge, background skyline visible",Garbage Truck,8599,4
1445,"Image of a Garbage Truck in front of a shopping mall, mid-range shot",Garbage Truck,7187,4
1446,"Image of a Garbage Truck on a countryside road, fields in background",Garbage Truck,1191,4
1447,"Image of a Garbage Truck passing through an industrial zone, full vehicle clear",Garbage Truck,3877,4
1448,"Image of a Garbage Truck on a seaside road, horizon in the distance",Garbage Truck,8894,4
1449,"Image of a Garbage Truck driving through a small town square, main subject",Garbage Truck,7656,4
1450,"Image of a Garbage Truck on a mountain road, visible landscape background",Garbage Truck,4112,4
1451,"Image of a Garbage Truck moving on a freeway with cars around, still in focus",Garbage Truck,7373,4
1452,"Image of a Garbage Truck in a busy city, tall buildings visible, truck centered",Garbage Truck,6213,4
1453,"Image of a Garbage Truck on an empty rural road, clear full vehicle",Garbage Truck,3636,4
1454,"Image of a Garbage Truck in front of a warehouse complex, mid-range view",Garbage Truck,8320,4
1455,"Image of a Garbage Truck on a snowy street, background houses visible",Garbage Truck,7031,4
1456,"Image of a Garbage Truck on a desert road, wide open landscape",Garbage Truck,5750,4
1457,"Image of a Garbage Truck on a wet street after rain, city lights in background",Garbage Truck,1519,4
1458,"Image of a Garbage Truck in a residential neighborhood, truck in clear focus",Garbage Truck,3277,4
1459,"Image of a Garbage Truck near a park with trees, full truck visible mid-distance",Garbage Truck,8732,4
1460,"Image of a Garbage Truck on a wide city street, full vehicle visible in frame",Garbage Truck,6750,4
1461,"Image of a Garbage Truck parked near a row of buildings, clear main subject",Garbage Truck,1930,4
1462,"Image of a Garbage Truck driving on a highway, entire truck visible from distance",Garbage Truck,1547,4
1463,"Image of a Garbage Truck turning at an intersection, full view, still main focus",Garbage Truck,5752,4
1464,"Image of a Garbage Truck on a bridge, background skyline visible",Garbage Truck,8426,4
1465,"Image of a Garbage Truck in front of a shopping mall, mid-range shot",Garbage Truck,2075,4
1466,"Image of a Garbage Truck on a countryside road, fields in background",Garbage Truck,5391,4
1467,"Image of a Garbage Truck passing through an industrial zone, full vehicle clear",Garbage Truck,2897,4
1468,"Image of a Garbage Truck on a seaside road, horizon in the distance",Garbage Truck,4894,4
1469,"Image of a Garbage Truck driving through a small town square, main subject",Garbage Truck,9166,4
1470,"Image of a Garbage Truck on a mountain road, visible landscape background",Garbage Truck,9255,4
1471,"Image of a Garbage Truck moving on a freeway with cars around, still in focus",Garbage Truck,4537,4
1472,"Image of a Garbage Truck in a busy city, tall buildings visible, truck centered",Garbage Truck,8963,4
1473,"Image of a Garbage Truck on an empty rural road, clear full vehicle",Garbage Truck,1175,4
1474,"Image of a Garbage Truck in front of a warehouse complex, mid-range view",Garbage Truck,7273,4
1475,"Image of a Garbage Truck on a snowy street, background houses visible",Garbage Truck,9419,4
1476,"Image of a Garbage Truck on a desert road, wide open landscape",Garbage Truck,8116,4
1477,"Image of a Garbage Truck on a wet street after rain, city lights in background",Garbage Truck,3326,4
1478,"Image of a Garbage Truck in a residential neighborhood, truck in clear focus",Garbage Truck,4077,4
1479,"Image of a Garbage Truck near a park with trees, full truck visible mid-distance",Garbage Truck,9345,4
1480,"Image of a Garbage Truck on a wide city street, full vehicle visible in frame",Garbage Truck,2101,4
1481,"Image of a Garbage Truck parked near a row of buildings, clear main subject",Garbage Truck,4600,4
1482,"Image of a Garbage Truck driving on a highway, entire truck visible from distance",Garbage Truck,5690,4
1483,"Image of a Garbage Truck turning at an intersection, full view, still main focus",Garbage Truck,2720,4
1484,"Image of a Garbage Truck on a bridge, background skyline visible",Garbage Truck,5009,4
1485,"Image of a Garbage Truck in front of a shopping mall, mid-range shot",Garbage Truck,8129,4
1486,"Image of a Garbage Truck on a countryside road, fields in background",Garbage Truck,2250,4
1487,"Image of a Garbage Truck passing through an industrial zone, full vehicle clear",Garbage Truck,9490,4
1488,"Image of a Garbage Truck on a seaside road, horizon in the distance",Garbage Truck,4099,4
1489,"Image of a Garbage Truck driving through a small town square, main subject",Garbage Truck,6708,4
1490,"Image of a Garbage Truck on a mountain road, visible landscape background",Garbage Truck,6526,4
1491,"Image of a Garbage Truck moving on a freeway with cars around, still in focus",Garbage Truck,4976,4
1492,"Image of a Garbage Truck in a busy city, tall buildings visible, truck centered",Garbage Truck,2415,4
1493,"Image of a Garbage Truck on an empty rural road, clear full vehicle",Garbage Truck,7981,4
1494,"Image of a Garbage Truck in front of a warehouse complex, mid-range view",Garbage Truck,5669,4
1495,"Image of a Garbage Truck on a snowy street, background houses visible",Garbage Truck,6559,4
1496,"Image of a Garbage Truck on a desert road, wide open landscape",Garbage Truck,6458,4
1497,"Image of a Garbage Truck on a wet street after rain, city lights in background",Garbage Truck,6698,4
1498,"Image of a Garbage Truck in a residential neighborhood, truck in clear focus",Garbage Truck,3409,4
1499,"Image of a Garbage Truck near a park with trees, full truck visible mid-distance",Garbage Truck,5578,4
1500,Image of Parachute,Parachute,3202,0
1501,Image of Parachute,Parachute,9518,0
1502,Image of Parachute,Parachute,7389,0
1503,Image of Parachute,Parachute,5084,0
1504,Image of Parachute,Parachute,3948,0
1505,Image of Parachute,Parachute,9517,0
1506,Image of Parachute,Parachute,5052,0
1507,Image of Parachute,Parachute,4396,0
1508,Image of Parachute,Parachute,5533,0
1509,Image of Parachute,Parachute,1047,0
1510,Image of Parachute,Parachute,6394,0
1511,Image of Parachute,Parachute,4815,0
1512,Image of Parachute,Parachute,3975,0
1513,Image of Parachute,Parachute,7928,0
1514,Image of Parachute,Parachute,9411,0
1515,Image of Parachute,Parachute,9384,0
1516,Image of Parachute,Parachute,7833,0
1517,Image of Parachute,Parachute,4783,0
1518,Image of Parachute,Parachute,8448,0
1519,Image of Parachute,Parachute,6196,0
1520,Image of Parachute,Parachute,4867,0
1521,Image of Parachute,Parachute,5940,0
1522,Image of Parachute,Parachute,2167,0
1523,Image of Parachute,Parachute,4188,0
1524,Image of Parachute,Parachute,8517,0
1525,Image of Parachute,Parachute,8751,0
1526,Image of Parachute,Parachute,9595,0
1527,Image of Parachute,Parachute,7803,0
1528,Image of Parachute,Parachute,2234,0
1529,Image of Parachute,Parachute,4555,0
1530,Image of Parachute,Parachute,6616,0
1531,Image of Parachute,Parachute,9316,0
1532,Image of Parachute,Parachute,6758,0
1533,Image of Parachute,Parachute,3474,0
1534,Image of Parachute,Parachute,9435,0
1535,Image of Parachute,Parachute,7753,0
1536,Image of Parachute,Parachute,6416,0
1537,Image of Parachute,Parachute,7155,0
1538,Image of Parachute,Parachute,7125,0
1539,Image of Parachute,Parachute,2945,0
1540,Image of Parachute,Parachute,8462,0
1541,Image of Parachute,Parachute,6187,0
1542,Image of Parachute,Parachute,6514,0
1543,Image of Parachute,Parachute,4802,0
1544,Image of Parachute,Parachute,2822,0
1545,Image of Parachute,Parachute,9937,0
1546,Image of Parachute,Parachute,7602,0
1547,Image of Parachute,Parachute,8690,0
1548,Image of Parachute,Parachute,9486,0
1549,Image of Parachute,Parachute,4060,0
1550,Image of Parachute,Parachute,3249,0
1551,Image of Parachute,Parachute,7342,0
1552,Image of Parachute,Parachute,9406,0
1553,Image of Parachute,Parachute,5495,0
1554,Image of Parachute,Parachute,3439,0
1555,Image of Parachute,Parachute,5313,0
1556,Image of Parachute,Parachute,8495,0
1557,Image of Parachute,Parachute,8178,0
1558,Image of Parachute,Parachute,9531,0
1559,Image of Parachute,Parachute,5748,0
1560,Image of Parachute,Parachute,7351,0
1561,Image of Parachute,Parachute,2661,0
1562,Image of Parachute,Parachute,6696,0
1563,Image of Parachute,Parachute,8382,0
1564,Image of Parachute,Parachute,8879,0
1565,Image of Parachute,Parachute,6389,0
1566,Image of Parachute,Parachute,3256,0
1567,Image of Parachute,Parachute,6414,0
1568,Image of Parachute,Parachute,3627,0
1569,Image of Parachute,Parachute,3230,0
1570,Image of Parachute,Parachute,9757,0
1571,Image of Parachute,Parachute,6152,0
1572,Image of Parachute,Parachute,5149,0
1573,Image of Parachute,Parachute,3509,0
1574,Image of Parachute,Parachute,3576,0
1575,Image of Parachute,Parachute,4444,0
1576,Image of Parachute,Parachute,1590,0
1577,Image of Parachute,Parachute,6799,0
1578,Image of Parachute,Parachute,2933,0
1579,Image of Parachute,Parachute,2000,0
1580,Image of Parachute,Parachute,6316,0
1581,Image of Parachute,Parachute,8501,0
1582,Image of Parachute,Parachute,5782,0
1583,Image of Parachute,Parachute,4417,0
1584,Image of Parachute,Parachute,7492,0
1585,Image of Parachute,Parachute,1310,0
1586,Image of Parachute,Parachute,9952,0
1587,Image of Parachute,Parachute,8895,0
1588,Image of Parachute,Parachute,1821,0
1589,Image of Parachute,Parachute,8718,0
1590,Image of Parachute,Parachute,4039,0
1591,Image of Parachute,Parachute,1435,0
1592,Image of Parachute,Parachute,2594,0
1593,Image of Parachute,Parachute,5343,0
1594,Image of Parachute,Parachute,6089,0
1595,Image of Parachute,Parachute,7079,0
1596,Image of Parachute,Parachute,1785,0
1597,Image of Parachute,Parachute,4936,0
1598,Image of Parachute,Parachute,3708,0
1599,Image of Parachute,Parachute,1919,0
1600,Image of a Parachute opening above the desert sand,Parachute,9448,1
1601,Image of a colorful Parachute floating over the ocean,Parachute,1925,1
1602,Image of a Parachute lying folded on the grassy field,Parachute,5309,1
1603,Image of a Parachute descending toward a snowy mountain slope,Parachute,7300,1
1604,Image of a Parachute hanging from a tall tree in the forest,Parachute,9107,1
1605,Image of a Parachute drifting above the countryside,Parachute,9963,1
1606,Image of a Parachute landing on the rooftop of a building,Parachute,9711,1
1607,Image of a Parachute floating near the coastline at sunset,Parachute,4780,1
1608,Image of a Parachute dropping supplies in the jungle,Parachute,1856,1
1609,Image of a Parachute caught in power lines in the city,Parachute,2547,1
1610,Image of a Parachute gliding through the clouds,Parachute,6084,1
1611,Image of a Parachute landing near a riverbank,Parachute,4977,1
1612,Image of a Parachute spread open across the sand dunes,Parachute,1406,1
1613,Image of a Parachute stuck in a cornfield after landing,Parachute,6360,1
1614,Image of a Parachute floating above a battlefield,Parachute,9349,1
1615,Image of a Parachute landing in the middle of a stadium,Parachute,4080,1
1616,Image of a Parachute swaying in the strong wind,Parachute,1989,1
1617,Image of a Parachute opening high above the mountains,Parachute,6499,1
1618,Image of a Parachute lying abandoned on the airfield,Parachute,4231,1
1619,Image of a Parachute drifting slowly under the stars,Parachute,7034,1
1620,Image of a Parachute opening above the desert sand,Parachute,7860,1
1621,Image of a colorful Parachute floating over the ocean,Parachute,6769,1
1622,Image of a Parachute lying folded on the grassy field,Parachute,1029,1
1623,Image of a Parachute descending toward a snowy mountain slope,Parachute,5174,1
1624,Image of a Parachute hanging from a tall tree in the forest,Parachute,3334,1
1625,Image of a Parachute drifting above the countryside,Parachute,7686,1
1626,Image of a Parachute landing on the rooftop of a building,Parachute,7660,1
1627,Image of a Parachute floating near the coastline at sunset,Parachute,4606,1
1628,Image of a Parachute dropping supplies in the jungle,Parachute,6009,1
1629,Image of a Parachute caught in power lines in the city,Parachute,1544,1
1630,Image of a Parachute gliding through the clouds,Parachute,9839,1
1631,Image of a Parachute landing near a riverbank,Parachute,4662,1
1632,Image of a Parachute spread open across the sand dunes,Parachute,7257,1
1633,Image of a Parachute stuck in a cornfield after landing,Parachute,2183,1
1634,Image of a Parachute floating above a battlefield,Parachute,7764,1
1635,Image of a Parachute landing in the middle of a stadium,Parachute,9472,1
1636,Image of a Parachute swaying in the strong wind,Parachute,9969,1
1637,Image of a Parachute opening high above the mountains,Parachute,7769,1
1638,Image of a Parachute lying abandoned on the airfield,Parachute,6317,1
1639,Image of a Parachute drifting slowly under the stars,Parachute,8516,1
1640,Image of a Parachute opening above the desert sand,Parachute,2068,1
1641,Image of a colorful Parachute floating over the ocean,Parachute,5310,1
1642,Image of a Parachute lying folded on the grassy field,Parachute,3114,1
1643,Image of a Parachute descending toward a snowy mountain slope,Parachute,9849,1
1644,Image of a Parachute hanging from a tall tree in the forest,Parachute,7871,1
1645,Image of a Parachute drifting above the countryside,Parachute,8451,1
1646,Image of a Parachute landing on the rooftop of a building,Parachute,9188,1
1647,Image of a Parachute floating near the coastline at sunset,Parachute,9454,1
1648,Image of a Parachute dropping supplies in the jungle,Parachute,2310,1
1649,Image of a Parachute caught in power lines in the city,Parachute,2422,1
1650,Image of a Parachute gliding through the clouds,Parachute,8807,1
1651,Image of a Parachute landing near a riverbank,Parachute,3109,1
1652,Image of a Parachute spread open across the sand dunes,Parachute,1778,1
1653,Image of a Parachute stuck in a cornfield after landing,Parachute,5354,1
1654,Image of a Parachute floating above a battlefield,Parachute,6481,1
1655,Image of a Parachute landing in the middle of a stadium,Parachute,2380,1
1656,Image of a Parachute swaying in the strong wind,Parachute,4568,1
1657,Image of a Parachute opening high above the mountains,Parachute,4824,1
1658,Image of a Parachute lying abandoned on the airfield,Parachute,6483,1
1659,Image of a Parachute drifting slowly under the stars,Parachute,6293,1
1660,Image of a Parachute opening above the desert sand,Parachute,5403,1
1661,Image of a colorful Parachute floating over the ocean,Parachute,8731,1
1662,Image of a Parachute lying folded on the grassy field,Parachute,2790,1
1663,Image of a Parachute descending toward a snowy mountain slope,Parachute,1839,1
1664,Image of a Parachute hanging from a tall tree in the forest,Parachute,3283,1
1665,Image of a Parachute drifting above the countryside,Parachute,7658,1
1666,Image of a Parachute landing on the rooftop of a building,Parachute,3374,1
1667,Image of a Parachute floating near the coastline at sunset,Parachute,7380,1
1668,Image of a Parachute dropping supplies in the jungle,Parachute,3801,1
1669,Image of a Parachute caught in power lines in the city,Parachute,6503,1
1670,Image of a Parachute gliding through the clouds,Parachute,8969,1
1671,Image of a Parachute landing near a riverbank,Parachute,9207,1
1672,Image of a Parachute spread open across the sand dunes,Parachute,8668,1
1673,Image of a Parachute stuck in a cornfield after landing,Parachute,8199,1
1674,Image of a Parachute floating above a battlefield,Parachute,7567,1
1675,Image of a Parachute landing in the middle of a stadium,Parachute,6761,1
1676,Image of a Parachute swaying in the strong wind,Parachute,7169,1
1677,Image of a Parachute opening high above the mountains,Parachute,6120,1
1678,Image of a Parachute lying abandoned on the airfield,Parachute,6449,1
1679,Image of a Parachute drifting slowly under the stars,Parachute,3506,1
1680,Image of a Parachute opening above the desert sand,Parachute,8690,1
1681,Image of a colorful Parachute floating over the ocean,Parachute,2921,1
1682,Image of a Parachute lying folded on the grassy field,Parachute,9509,1
1683,Image of a Parachute descending toward a snowy mountain slope,Parachute,9013,1
1684,Image of a Parachute hanging from a tall tree in the forest,Parachute,9436,1
1685,Image of a Parachute drifting above the countryside,Parachute,2291,1
1686,Image of a Parachute landing on the rooftop of a building,Parachute,9281,1
1687,Image of a Parachute floating near the coastline at sunset,Parachute,7471,1
1688,Image of a Parachute dropping supplies in the jungle,Parachute,6458,1
1689,Image of a Parachute caught in power lines in the city,Parachute,7439,1
1690,Image of a Parachute gliding through the clouds,Parachute,9497,1
1691,Image of a Parachute landing near a riverbank,Parachute,2791,1
1692,Image of a Parachute spread open across the sand dunes,Parachute,1881,1
1693,Image of a Parachute stuck in a cornfield after landing,Parachute,9477,1
1694,Image of a Parachute floating above a battlefield,Parachute,7550,1
1695,Image of a Parachute landing in the middle of a stadium,Parachute,8146,1
1696,Image of a Parachute swaying in the strong wind,Parachute,3984,1
1697,Image of a Parachute opening high above the mountains,Parachute,3494,1
1698,Image of a Parachute lying abandoned on the airfield,Parachute,3083,1
1699,Image of a Parachute drifting slowly under the stars,Parachute,1438,1
1700,"Image of a Parachute close-up front view, entire object visible, sharp focus",Parachute,8925,2
1701,"Image of a Parachute close-up from below, full canopy visible",Parachute,2122,2
1702,"Image of a Parachute close-up from above, entire shape clear",Parachute,1138,2
1703,"Image of a Parachute close-up with suspension lines visible, no crop",Parachute,1545,2
1704,"Image of a Parachute close-up colorful canopy, entire parachute in frame",Parachute,7114,2
1705,"Image of a Parachute close-up striped design, full visible sharp",Parachute,3577,2
1706,"Image of a Parachute close-up circular shape, entire object clear",Parachute,9033,2
1707,"Image of a Parachute close-up dome pattern, no crop",Parachute,6310,2
1708,"Image of a Parachute close-up inflated canopy, full visible",Parachute,9419,2
1709,"Image of a Parachute close-up with folded fabric details, entire object shown",Parachute,7358,2
1710,"Image of a Parachute close-up skydiving gear attached, full view",Parachute,2466,2
1711,"Image of a Parachute close-up with cords detailed, no crop",Parachute,3012,2
1712,"Image of a Parachute close-up red and white canopy, entire object visible",Parachute,1749,2
1713,"Image of a Parachute close-up under clear sky, full visible sharp",Parachute,6180,2
1714,"Image of a Parachute close-up under cloudy sky, entire canopy in view",Parachute,4390,2
1715,"Image of a Parachute close-up round military design, full sharp",Parachute,2875,2
1716,"Image of a Parachute close-up sport style, entire object clear",Parachute,2938,2
1717,"Image of a Parachute close-up with symmetrical canopy, no crop",Parachute,9275,2
1718,"Image of a Parachute close-up in strong sunlight, full visible",Parachute,8950,2
1719,"Image of a Parachute close-up inflated in wind tunnel, entire canopy clear",Parachute,3267,2
1720,"Image of a Parachute close-up front view, entire object visible, sharp focus",Parachute,7534,2
1721,"Image of a Parachute close-up from below, full canopy visible",Parachute,9900,2
1722,"Image of a Parachute close-up from above, entire shape clear",Parachute,5452,2
1723,"Image of a Parachute close-up with suspension lines visible, no crop",Parachute,5717,2
1724,"Image of a Parachute close-up colorful canopy, entire parachute in frame",Parachute,9730,2
1725,"Image of a Parachute close-up striped design, full visible sharp",Parachute,8009,2
1726,"Image of a Parachute close-up circular shape, entire object clear",Parachute,9388,2
1727,"Image of a Parachute close-up dome pattern, no crop",Parachute,9653,2
1728,"Image of a Parachute close-up inflated canopy, full visible",Parachute,1260,2
1729,"Image of a Parachute close-up with folded fabric details, entire object shown",Parachute,3390,2
1730,"Image of a Parachute close-up skydiving gear attached, full view",Parachute,6344,2
1731,"Image of a Parachute close-up with cords detailed, no crop",Parachute,5822,2
1732,"Image of a Parachute close-up red and white canopy, entire object visible",Parachute,3107,2
1733,"Image of a Parachute close-up under clear sky, full visible sharp",Parachute,6845,2
1734,"Image of a Parachute close-up under cloudy sky, entire canopy in view",Parachute,6398,2
1735,"Image of a Parachute close-up round military design, full sharp",Parachute,7784,2
1736,"Image of a Parachute close-up sport style, entire object clear",Parachute,3784,2
1737,"Image of a Parachute close-up with symmetrical canopy, no crop",Parachute,7637,2
1738,"Image of a Parachute close-up in strong sunlight, full visible",Parachute,5430,2
1739,"Image of a Parachute close-up inflated in wind tunnel, entire canopy clear",Parachute,2521,2
1740,"Image of a Parachute close-up front view, entire object visible, sharp focus",Parachute,8400,2
1741,"Image of a Parachute close-up from below, full canopy visible",Parachute,2889,2
1742,"Image of a Parachute close-up from above, entire shape clear",Parachute,2167,2
1743,"Image of a Parachute close-up with suspension lines visible, no crop",Parachute,1720,2
1744,"Image of a Parachute close-up colorful canopy, entire parachute in frame",Parachute,2941,2
1745,"Image of a Parachute close-up striped design, full visible sharp",Parachute,9097,2
1746,"Image of a Parachute close-up circular shape, entire object clear",Parachute,6599,2
1747,"Image of a Parachute close-up dome pattern, no crop",Parachute,5213,2
1748,"Image of a Parachute close-up inflated canopy, full visible",Parachute,8869,2
1749,"Image of a Parachute close-up with folded fabric details, entire object shown",Parachute,3393,2
1750,"Image of a Parachute close-up skydiving gear attached, full view",Parachute,5627,2
1751,"Image of a Parachute close-up with cords detailed, no crop",Parachute,3624,2
1752,"Image of a Parachute close-up red and white canopy, entire object visible",Parachute,6642,2
1753,"Image of a Parachute close-up under clear sky, full visible sharp",Parachute,2854,2
1754,"Image of a Parachute close-up under cloudy sky, entire canopy in view",Parachute,5250,2
1755,"Image of a Parachute close-up round military design, full sharp",Parachute,3117,2
1756,"Image of a Parachute close-up sport style, entire object clear",Parachute,7608,2
1757,"Image of a Parachute close-up with symmetrical canopy, no crop",Parachute,8961,2
1758,"Image of a Parachute close-up in strong sunlight, full visible",Parachute,8628,2
1759,"Image of a Parachute close-up inflated in wind tunnel, entire canopy clear",Parachute,2491,2
1760,"Image of a Parachute close-up front view, entire object visible, sharp focus",Parachute,7914,2
1761,"Image of a Parachute close-up from below, full canopy visible",Parachute,3790,2
1762,"Image of a Parachute close-up from above, entire shape clear",Parachute,6854,2
1763,"Image of a Parachute close-up with suspension lines visible, no crop",Parachute,2696,2
1764,"Image of a Parachute close-up colorful canopy, entire parachute in frame",Parachute,7069,2
1765,"Image of a Parachute close-up striped design, full visible sharp",Parachute,9491,2
1766,"Image of a Parachute close-up circular shape, entire object clear",Parachute,1175,2
1767,"Image of a Parachute close-up dome pattern, no crop",Parachute,5595,2
1768,"Image of a Parachute close-up inflated canopy, full visible",Parachute,8487,2
1769,"Image of a Parachute close-up with folded fabric details, entire object shown",Parachute,3662,2
1770,"Image of a Parachute close-up skydiving gear attached, full view",Parachute,7560,2
1771,"Image of a Parachute close-up with cords detailed, no crop",Parachute,5731,2
1772,"Image of a Parachute close-up red and white canopy, entire object visible",Parachute,8856,2
1773,"Image of a Parachute close-up under clear sky, full visible sharp",Parachute,4450,2
1774,"Image of a Parachute close-up under cloudy sky, entire canopy in view",Parachute,9331,2
1775,"Image of a Parachute close-up round military design, full sharp",Parachute,3008,2
1776,"Image of a Parachute close-up sport style, entire object clear",Parachute,3482,2
1777,"Image of a Parachute close-up with symmetrical canopy, no crop",Parachute,2707,2
1778,"Image of a Parachute close-up in strong sunlight, full visible",Parachute,9565,2
1779,"Image of a Parachute close-up inflated in wind tunnel, entire canopy clear",Parachute,4370,2
1780,"Image of a Parachute close-up front view, entire object visible, sharp focus",Parachute,7230,2
1781,"Image of a Parachute close-up from below, full canopy visible",Parachute,2588,2
1782,"Image of a Parachute close-up from above, entire shape clear",Parachute,1245,2
1783,"Image of a Parachute close-up with suspension lines visible, no crop",Parachute,6937,2
1784,"Image of a Parachute close-up colorful canopy, entire parachute in frame",Parachute,6646,2
1785,"Image of a Parachute close-up striped design, full visible sharp",Parachute,9976,2
1786,"Image of a Parachute close-up circular shape, entire object clear",Parachute,5958,2
1787,"Image of a Parachute close-up dome pattern, no crop",Parachute,8097,2
1788,"Image of a Parachute close-up inflated canopy, full visible",Parachute,7122,2
1789,"Image of a Parachute close-up with folded fabric details, entire object shown",Parachute,5292,2
1790,"Image of a Parachute close-up skydiving gear attached, full view",Parachute,9138,2
1791,"Image of a Parachute close-up with cords detailed, no crop",Parachute,3935,2
1792,"Image of a Parachute close-up red and white canopy, entire object visible",Parachute,3502,2
1793,"Image of a Parachute close-up under clear sky, full visible sharp",Parachute,6056,2
1794,"Image of a Parachute close-up under cloudy sky, entire canopy in view",Parachute,3413,2
1795,"Image of a Parachute close-up round military design, full sharp",Parachute,1114,2
1796,"Image of a Parachute close-up sport style, entire object clear",Parachute,1527,2
1797,"Image of a Parachute close-up with symmetrical canopy, no crop",Parachute,4550,2
1798,"Image of a Parachute close-up in strong sunlight, full visible",Parachute,9119,2
1799,"Image of a Parachute close-up inflated in wind tunnel, entire canopy clear",Parachute,3885,2
1800,"Image of a Parachute above a skydiver, mid-range view, full canopy sharp",Parachute,9708,3
1801,"Image of a Parachute floating in the sky, mid-range, entire object visible",Parachute,1545,3
1802,"Image of a Parachute opening sequence, mid-range shot, full canopy",Parachute,9022,3
1803,"Image of a Parachute descending slowly, mid-range clear view",Parachute,8307,3
1804,"Image of a Parachute with colorful design, entire canopy visible",Parachute,3838,3
1805,"Image of a Parachute carrying a person, mid-range, no crop",Parachute,1010,3
1806,"Image of a Parachute inflated high above ground, full visible",Parachute,4781,3
1807,"Image of a Parachute descending over countryside, mid-range shot",Parachute,9457,3
1808,"Image of a Parachute in cloudy sky, entire canopy in view",Parachute,5175,3
1809,"Image of a Parachute glowing in sunset light, mid-range visible",Parachute,1864,3
1810,"Image of a Parachute with two skydivers, mid-range, full parachute clear",Parachute,3623,3
1811,"Image of a Parachute over ocean, mid-range sharp shot",Parachute,3312,3
1812,"Image of a Parachute with mountain background, entire canopy visible",Parachute,1429,3
1813,"Image of a Parachute drifting in open air, mid-range focus",Parachute,5624,3
1814,"Image of a Parachute with urban skyline behind, entire object sharp",Parachute,4256,3
1815,"Image of a Parachute with rainbow colors, mid-range, full view",Parachute,8692,3
1816,"Image of a Parachute against stormy sky, mid-range, no crop",Parachute,7911,3
1817,"Image of a Parachute in blue sky with clouds, entire canopy clear",Parachute,2304,3
1818,"Image of a Parachute mid-air maneuver, mid-range visible",Parachute,3265,3
1819,"Image of a Parachute over a green valley, full parachute visible",Parachute,9854,3
1820,"Image of a Parachute above a skydiver, mid-range view, full canopy sharp",Parachute,2587,3
1821,"Image of a Parachute floating in the sky, mid-range, entire object visible",Parachute,7433,3
1822,"Image of a Parachute opening sequence, mid-range shot, full canopy",Parachute,6350,3
1823,"Image of a Parachute descending slowly, mid-range clear view",Parachute,7124,3
1824,"Image of a Parachute with colorful design, entire canopy visible",Parachute,7921,3
1825,"Image of a Parachute carrying a person, mid-range, no crop",Parachute,4675,3
1826,"Image of a Parachute inflated high above ground, full visible",Parachute,6781,3
1827,"Image of a Parachute descending over countryside, mid-range shot",Parachute,7027,3
1828,"Image of a Parachute in cloudy sky, entire canopy in view",Parachute,7777,3
1829,"Image of a Parachute glowing in sunset light, mid-range visible",Parachute,6756,3
1830,"Image of a Parachute with two skydivers, mid-range, full parachute clear",Parachute,9930,3
1831,"Image of a Parachute over ocean, mid-range sharp shot",Parachute,3955,3
1832,"Image of a Parachute with mountain background, entire canopy visible",Parachute,7921,3
1833,"Image of a Parachute drifting in open air, mid-range focus",Parachute,6907,3
1834,"Image of a Parachute with urban skyline behind, entire object sharp",Parachute,1623,3
1835,"Image of a Parachute with rainbow colors, mid-range, full view",Parachute,6559,3
1836,"Image of a Parachute against stormy sky, mid-range, no crop",Parachute,2764,3
1837,"Image of a Parachute in blue sky with clouds, entire canopy clear",Parachute,1797,3
1838,"Image of a Parachute mid-air maneuver, mid-range visible",Parachute,3695,3
1839,"Image of a Parachute over a green valley, full parachute visible",Parachute,7203,3
1840,"Image of a Parachute above a skydiver, mid-range view, full canopy sharp",Parachute,3949,3
1841,"Image of a Parachute floating in the sky, mid-range, entire object visible",Parachute,8246,3
1842,"Image of a Parachute opening sequence, mid-range shot, full canopy",Parachute,2328,3
1843,"Image of a Parachute descending slowly, mid-range clear view",Parachute,4884,3
1844,"Image of a Parachute with colorful design, entire canopy visible",Parachute,7052,3
1845,"Image of a Parachute carrying a person, mid-range, no crop",Parachute,5866,3
1846,"Image of a Parachute inflated high above ground, full visible",Parachute,5592,3
1847,"Image of a Parachute descending over countryside, mid-range shot",Parachute,7976,3
1848,"Image of a Parachute in cloudy sky, entire canopy in view",Parachute,7471,3
1849,"Image of a Parachute glowing in sunset light, mid-range visible",Parachute,5924,3
1850,"Image of a Parachute with two skydivers, mid-range, full parachute clear",Parachute,3062,3
1851,"Image of a Parachute over ocean, mid-range sharp shot",Parachute,2194,3
1852,"Image of a Parachute with mountain background, entire canopy visible",Parachute,6251,3
1853,"Image of a Parachute drifting in open air, mid-range focus",Parachute,5767,3
1854,"Image of a Parachute with urban skyline behind, entire object sharp",Parachute,5150,3
1855,"Image of a Parachute with rainbow colors, mid-range, full view",Parachute,7587,3
1856,"Image of a Parachute against stormy sky, mid-range, no crop",Parachute,6002,3
1857,"Image of a Parachute in blue sky with clouds, entire canopy clear",Parachute,4964,3
1858,"Image of a Parachute mid-air maneuver, mid-range visible",Parachute,5719,3
1859,"Image of a Parachute over a green valley, full parachute visible",Parachute,3917,3
1860,"Image of a Parachute above a skydiver, mid-range view, full canopy sharp",Parachute,3198,3
1861,"Image of a Parachute floating in the sky, mid-range, entire object visible",Parachute,6322,3
1862,"Image of a Parachute opening sequence, mid-range shot, full canopy",Parachute,6837,3
1863,"Image of a Parachute descending slowly, mid-range clear view",Parachute,3986,3
1864,"Image of a Parachute with colorful design, entire canopy visible",Parachute,3653,3
1865,"Image of a Parachute carrying a person, mid-range, no crop",Parachute,9037,3
1866,"Image of a Parachute inflated high above ground, full visible",Parachute,3328,3
1867,"Image of a Parachute descending over countryside, mid-range shot",Parachute,9579,3
1868,"Image of a Parachute in cloudy sky, entire canopy in view",Parachute,7785,3
1869,"Image of a Parachute glowing in sunset light, mid-range visible",Parachute,3805,3
1870,"Image of a Parachute with two skydivers, mid-range, full parachute clear",Parachute,8091,3
1871,"Image of a Parachute over ocean, mid-range sharp shot",Parachute,6506,3
1872,"Image of a Parachute with mountain background, entire canopy visible",Parachute,9441,3
1873,"Image of a Parachute drifting in open air, mid-range focus",Parachute,6429,3
1874,"Image of a Parachute with urban skyline behind, entire object sharp",Parachute,4853,3
1875,"Image of a Parachute with rainbow colors, mid-range, full view",Parachute,5950,3
1876,"Image of a Parachute against stormy sky, mid-range, no crop",Parachute,4122,3
1877,"Image of a Parachute in blue sky with clouds, entire canopy clear",Parachute,2468,3
1878,"Image of a Parachute mid-air maneuver, mid-range visible",Parachute,4441,3
1879,"Image of a Parachute over a green valley, full parachute visible",Parachute,8680,3
1880,"Image of a Parachute above a skydiver, mid-range view, full canopy sharp",Parachute,9170,3
1881,"Image of a Parachute floating in the sky, mid-range, entire object visible",Parachute,8222,3
1882,"Image of a Parachute opening sequence, mid-range shot, full canopy",Parachute,8262,3
1883,"Image of a Parachute descending slowly, mid-range clear view",Parachute,1176,3
1884,"Image of a Parachute with colorful design, entire canopy visible",Parachute,9783,3
1885,"Image of a Parachute carrying a person, mid-range, no crop",Parachute,9496,3
1886,"Image of a Parachute inflated high above ground, full visible",Parachute,9915,3
1887,"Image of a Parachute descending over countryside, mid-range shot",Parachute,8162,3
1888,"Image of a Parachute in cloudy sky, entire canopy in view",Parachute,7362,3
1889,"Image of a Parachute glowing in sunset light, mid-range visible",Parachute,9455,3
1890,"Image of a Parachute with two skydivers, mid-range, full parachute clear",Parachute,4320,3
1891,"Image of a Parachute over ocean, mid-range sharp shot",Parachute,2111,3
1892,"Image of a Parachute with mountain background, entire canopy visible",Parachute,7084,3
1893,"Image of a Parachute drifting in open air, mid-range focus",Parachute,2540,3
1894,"Image of a Parachute with urban skyline behind, entire object sharp",Parachute,1866,3
1895,"Image of a Parachute with rainbow colors, mid-range, full view",Parachute,9513,3
1896,"Image of a Parachute against stormy sky, mid-range, no crop",Parachute,2820,3
1897,"Image of a Parachute in blue sky with clouds, entire canopy clear",Parachute,4041,3
1898,"Image of a Parachute mid-air maneuver, mid-range visible",Parachute,7549,3
1899,"Image of a Parachute over a green valley, full parachute visible",Parachute,4899,3
1900,"Image of a Parachute high in the sky, long-range view, entire canopy sharp",Parachute,7169,4
1901,"Image of a Parachute above wide landscape, full visible from distance",Parachute,3197,4
1902,"Image of a Parachute descending over mountains, long-range, still sharp",Parachute,2863,4
1903,"Image of a Parachute over ocean horizon, entire canopy visible",Parachute,5506,4
1904,"Image of a Parachute in sunset sky, long-range wide composition",Parachute,3476,4
1905,"Image of a Parachute with city skyline below, entire parachute clear",Parachute,3658,4
1906,"Image of a Parachute floating above desert, long-range view, sharp subject",Parachute,7970,4
1907,"Image of a Parachute with multiple jumpers, entire parachute visible",Parachute,1442,4
1908,"Image of a Parachute over snowy terrain, wide shot, clear canopy",Parachute,1390,4
1909,"Image of a Parachute seen from afar in blue sky, still sharp",Parachute,2539,4
1910,"Image of a Parachute high above farmland, long-range, full visible",Parachute,7420,4
1911,"Image of a Parachute over island coastline, wide composition, sharp",Parachute,4613,4
1912,"Image of a Parachute against storm clouds, long-range, entire object clear",Parachute,9981,4
1913,"Image of a Parachute floating over forest, full parachute visible",Parachute,5884,4
1914,"Image of a Parachute above open field, long-range view, sharp focus",Parachute,8535,4
1915,"Image of a Parachute near mountains at sunset, wide-angle, full visible",Parachute,6486,4
1916,"Image of a Parachute descending in panorama view, entire canopy sharp",Parachute,7564,4
1917,"Image of a Parachute with dramatic sky, long-range photo, no crop",Parachute,3536,4
1918,"Image of a Parachute over city at night, wide scene, parachute clear",Parachute,3195,4
1919,"Image of a Parachute in aerial landscape view, entire object sharp and visible",Parachute,4852,4
1920,"Image of a Parachute high in the sky, long-range view, entire canopy sharp",Parachute,4924,4
1921,"Image of a Parachute above wide landscape, full visible from distance",Parachute,7150,4
1922,"Image of a Parachute descending over mountains, long-range, still sharp",Parachute,7729,4
1923,"Image of a Parachute over ocean horizon, entire canopy visible",Parachute,3631,4
1924,"Image of a Parachute in sunset sky, long-range wide composition",Parachute,3283,4
1925,"Image of a Parachute with city skyline below, entire parachute clear",Parachute,7024,4
1926,"Image of a Parachute floating above desert, long-range view, sharp subject",Parachute,2480,4
1927,"Image of a Parachute with multiple jumpers, entire parachute visible",Parachute,6205,4
1928,"Image of a Parachute over snowy terrain, wide shot, clear canopy",Parachute,5153,4
1929,"Image of a Parachute seen from afar in blue sky, still sharp",Parachute,7517,4
1930,"Image of a Parachute high above farmland, long-range, full visible",Parachute,4516,4
1931,"Image of a Parachute over island coastline, wide composition, sharp",Parachute,4627,4
1932,"Image of a Parachute against storm clouds, long-range, entire object clear",Parachute,1392,4
1933,"Image of a Parachute floating over forest, full parachute visible",Parachute,2018,4
1934,"Image of a Parachute above open field, long-range view, sharp focus",Parachute,2651,4
1935,"Image of a Parachute near mountains at sunset, wide-angle, full visible",Parachute,1339,4
1936,"Image of a Parachute descending in panorama view, entire canopy sharp",Parachute,1174,4
1937,"Image of a Parachute with dramatic sky, long-range photo, no crop",Parachute,5489,4
1938,"Image of a Parachute over city at night, wide scene, parachute clear",Parachute,6523,4
1939,"Image of a Parachute in aerial landscape view, entire object sharp and visible",Parachute,4311,4
1940,"Image of a Parachute high in the sky, long-range view, entire canopy sharp",Parachute,7399,4
1941,"Image of a Parachute above wide landscape, full visible from distance",Parachute,3080,4
1942,"Image of a Parachute descending over mountains, long-range, still sharp",Parachute,9450,4
1943,"Image of a Parachute over ocean horizon, entire canopy visible",Parachute,1426,4
1944,"Image of a Parachute in sunset sky, long-range wide composition",Parachute,6474,4
1945,"Image of a Parachute with city skyline below, entire parachute clear",Parachute,5405,4
1946,"Image of a Parachute floating above desert, long-range view, sharp subject",Parachute,2304,4
1947,"Image of a Parachute with multiple jumpers, entire parachute visible",Parachute,3948,4
1948,"Image of a Parachute over snowy terrain, wide shot, clear canopy",Parachute,8573,4
1949,"Image of a Parachute seen from afar in blue sky, still sharp",Parachute,9994,4
1950,"Image of a Parachute high above farmland, long-range, full visible",Parachute,8237,4
1951,"Image of a Parachute over island coastline, wide composition, sharp",Parachute,1902,4
1952,"Image of a Parachute against storm clouds, long-range, entire object clear",Parachute,2554,4
1953,"Image of a Parachute floating over forest, full parachute visible",Parachute,8888,4
1954,"Image of a Parachute above open field, long-range view, sharp focus",Parachute,9509,4
1955,"Image of a Parachute near mountains at sunset, wide-angle, full visible",Parachute,9983,4
1956,"Image of a Parachute descending in panorama view, entire canopy sharp",Parachute,8950,4
1957,"Image of a Parachute with dramatic sky, long-range photo, no crop",Parachute,7337,4
1958,"Image of a Parachute over city at night, wide scene, parachute clear",Parachute,5016,4
1959,"Image of a Parachute in aerial landscape view, entire object sharp and visible",Parachute,7079,4
1960,"Image of a Parachute high in the sky, long-range view, entire canopy sharp",Parachute,8745,4
1961,"Image of a Parachute above wide landscape, full visible from distance",Parachute,2787,4
1962,"Image of a Parachute descending over mountains, long-range, still sharp",Parachute,8432,4
1963,"Image of a Parachute over ocean horizon, entire canopy visible",Parachute,6170,4
1964,"Image of a Parachute in sunset sky, long-range wide composition",Parachute,4936,4
1965,"Image of a Parachute with city skyline below, entire parachute clear",Parachute,7807,4
1966,"Image of a Parachute floating above desert, long-range view, sharp subject",Parachute,4214,4
1967,"Image of a Parachute with multiple jumpers, entire parachute visible",Parachute,8528,4
1968,"Image of a Parachute over snowy terrain, wide shot, clear canopy",Parachute,5871,4
1969,"Image of a Parachute seen from afar in blue sky, still sharp",Parachute,4129,4
1970,"Image of a Parachute high above farmland, long-range, full visible",Parachute,6189,4
1971,"Image of a Parachute over island coastline, wide composition, sharp",Parachute,2883,4
1972,"Image of a Parachute against storm clouds, long-range, entire object clear",Parachute,6895,4
1973,"Image of a Parachute floating over forest, full parachute visible",Parachute,7144,4
1974,"Image of a Parachute above open field, long-range view, sharp focus",Parachute,3990,4
1975,"Image of a Parachute near mountains at sunset, wide-angle, full visible",Parachute,5992,4
1976,"Image of a Parachute descending in panorama view, entire canopy sharp",Parachute,2364,4
1977,"Image of a Parachute with dramatic sky, long-range photo, no crop",Parachute,5080,4
1978,"Image of a Parachute over city at night, wide scene, parachute clear",Parachute,9445,4
1979,"Image of a Parachute in aerial landscape view, entire object sharp and visible",Parachute,9491,4
1980,"Image of a Parachute high in the sky, long-range view, entire canopy sharp",Parachute,9931,4
1981,"Image of a Parachute above wide landscape, full visible from distance",Parachute,3118,4
1982,"Image of a Parachute descending over mountains, long-range, still sharp",Parachute,4777,4
1983,"Image of a Parachute over ocean horizon, entire canopy visible",Parachute,1770,4
1984,"Image of a Parachute in sunset sky, long-range wide composition",Parachute,3179,4
1985,"Image of a Parachute with city skyline below, entire parachute clear",Parachute,7123,4
1986,"Image of a Parachute floating above desert, long-range view, sharp subject",Parachute,5895,4
1987,"Image of a Parachute with multiple jumpers, entire parachute visible",Parachute,6608,4
1988,"Image of a Parachute over snowy terrain, wide shot, clear canopy",Parachute,4603,4
1989,"Image of a Parachute seen from afar in blue sky, still sharp",Parachute,5127,4
1990,"Image of a Parachute high above farmland, long-range, full visible",Parachute,7060,4
1991,"Image of a Parachute over island coastline, wide composition, sharp",Parachute,4853,4
1992,"Image of a Parachute against storm clouds, long-range, entire object clear",Parachute,2020,4
1993,"Image of a Parachute floating over forest, full parachute visible",Parachute,6960,4
1994,"Image of a Parachute above open field, long-range view, sharp focus",Parachute,3713,4
1995,"Image of a Parachute near mountains at sunset, wide-angle, full visible",Parachute,5227,4
1996,"Image of a Parachute descending in panorama view, entire canopy sharp",Parachute,7278,4
1997,"Image of a Parachute with dramatic sky, long-range photo, no crop",Parachute,1923,4
1998,"Image of a Parachute over city at night, wide scene, parachute clear",Parachute,5447,4
1999,"Image of a Parachute in aerial landscape view, entire object sharp and visible",Parachute,4534,4
2000,Image of French Horn,French Horn,1658,0
2001,Image of French Horn,French Horn,6556,0
2002,Image of French Horn,French Horn,4558,0
2003,Image of French Horn,French Horn,8085,0
2004,Image of French Horn,French Horn,4179,0
2005,Image of French Horn,French Horn,1730,0
2006,Image of French Horn,French Horn,7885,0
2007,Image of French Horn,French Horn,1521,0
2008,Image of French Horn,French Horn,7673,0
2009,Image of French Horn,French Horn,5268,0
2010,Image of French Horn,French Horn,4211,0
2011,Image of French Horn,French Horn,8897,0
2012,Image of French Horn,French Horn,3755,0
2013,Image of French Horn,French Horn,9658,0
2014,Image of French Horn,French Horn,3491,0
2015,Image of French Horn,French Horn,7785,0
2016,Image of French Horn,French Horn,3720,0
2017,Image of French Horn,French Horn,6465,0
2018,Image of French Horn,French Horn,7088,0
2019,Image of French Horn,French Horn,3538,0
2020,Image of French Horn,French Horn,8855,0
2021,Image of French Horn,French Horn,2540,0
2022,Image of French Horn,French Horn,9457,0
2023,Image of French Horn,French Horn,1980,0
2024,Image of French Horn,French Horn,1004,0
2025,Image of French Horn,French Horn,9904,0
2026,Image of French Horn,French Horn,2631,0
2027,Image of French Horn,French Horn,9905,0
2028,Image of French Horn,French Horn,8452,0
2029,Image of French Horn,French Horn,1622,0
2030,Image of French Horn,French Horn,4069,0
2031,Image of French Horn,French Horn,5910,0
2032,Image of French Horn,French Horn,1881,0
2033,Image of French Horn,French Horn,3605,0
2034,Image of French Horn,French Horn,5841,0
2035,Image of French Horn,French Horn,2994,0
2036,Image of French Horn,French Horn,4584,0
2037,Image of French Horn,French Horn,1785,0
2038,Image of French Horn,French Horn,6249,0
2039,Image of French Horn,French Horn,1260,0
2040,Image of French Horn,French Horn,1817,0
2041,Image of French Horn,French Horn,2811,0
2042,Image of French Horn,French Horn,4746,0
2043,Image of French Horn,French Horn,3748,0
2044,Image of French Horn,French Horn,1669,0
2045,Image of French Horn,French Horn,2358,0
2046,Image of French Horn,French Horn,3102,0
2047,Image of French Horn,French Horn,5394,0
2048,Image of French Horn,French Horn,3887,0
2049,Image of French Horn,French Horn,6331,0
2050,Image of French Horn,French Horn,7854,0
2051,Image of French Horn,French Horn,3054,0
2052,Image of French Horn,French Horn,6053,0
2053,Image of French Horn,French Horn,5026,0
2054,Image of French Horn,French Horn,3055,0
2055,Image of French Horn,French Horn,9983,0
2056,Image of French Horn,French Horn,7679,0
2057,Image of French Horn,French Horn,5728,0
2058,Image of French Horn,French Horn,9139,0
2059,Image of French Horn,French Horn,7148,0
2060,Image of French Horn,French Horn,5379,0
2061,Image of French Horn,French Horn,3288,0
2062,Image of French Horn,French Horn,9833,0
2063,Image of French Horn,French Horn,3409,0
2064,Image of French Horn,French Horn,4193,0
2065,Image of French Horn,French Horn,8203,0
2066,Image of French Horn,French Horn,3661,0
2067,Image of French Horn,French Horn,6091,0
2068,Image of French Horn,French Horn,4746,0
2069,Image of French Horn,French Horn,4756,0
2070,Image of French Horn,French Horn,1660,0
2071,Image of French Horn,French Horn,6143,0
2072,Image of French Horn,French Horn,5835,0
2073,Image of French Horn,French Horn,8328,0
2074,Image of French Horn,French Horn,6088,0
2075,Image of French Horn,French Horn,6805,0
2076,Image of French Horn,French Horn,1387,0
2077,Image of French Horn,French Horn,6202,0
2078,Image of French Horn,French Horn,8283,0
2079,Image of French Horn,French Horn,2353,0
2080,Image of French Horn,French Horn,6692,0
2081,Image of French Horn,French Horn,3920,0
2082,Image of French Horn,French Horn,7544,0
2083,Image of French Horn,French Horn,5516,0
2084,Image of French Horn,French Horn,6204,0
2085,Image of French Horn,French Horn,5506,0
2086,Image of French Horn,French Horn,8904,0
2087,Image of French Horn,French Horn,4318,0
2088,Image of French Horn,French Horn,3994,0
2089,Image of French Horn,French Horn,8145,0
2090,Image of French Horn,French Horn,8773,0
2091,Image of French Horn,French Horn,4337,0
2092,Image of French Horn,French Horn,4729,0
2093,Image of French Horn,French Horn,4013,0
2094,Image of French Horn,French Horn,2919,0
2095,Image of French Horn,French Horn,8582,0
2096,Image of French Horn,French Horn,5234,0
2097,Image of French Horn,French Horn,2267,0
2098,Image of French Horn,French Horn,4065,0
2099,Image of French Horn,French Horn,9640,0
2100,Image of a shiny French horn resting on the music stand,French Horn,1432,1
2101,Image of a French horn lying on the wooden stage floor,French Horn,2330,1
2102,Image of a French horn beside a black piano in the studio,French Horn,2278,1
2103,Image of a French horn resting on a velvet chair,French Horn,3847,1
2104,Image of a French horn inside its open case on the table,French Horn,1134,1
2105,Image of a French horn placed next to sheet music in rehearsal,French Horn,3561,1
2106,Image of a French horn shining under the spotlight,French Horn,6034,1
2107,Image of a French horn lying on the bed in a teenager’s room,French Horn,5801,1
2108,Image of a French horn resting on the conductor’s podium,French Horn,8054,1
2109,Image of a French horn on the floor of the marching band practice room,French Horn,6137,1
2110,Image of a French horn on the windowsill with sunlight reflecting,French Horn,5442,1
2111,Image of a French horn sitting beside a violin backstage,French Horn,7953,1
2112,Image of a French horn placed on the chair before a concert,French Horn,5083,1
2113,Image of a French horn next to a drum set during rehearsal,French Horn,8767,1
2114,Image of a French horn in the grass at an outdoor concert,French Horn,8255,1
2115,Image of a French horn lying on the dusty attic floor,French Horn,5307,1
2116,Image of a French horn placed carefully on a shelf with trophies,French Horn,7844,1
2117,Image of a French horn beside an open backpack at school,French Horn,2952,1
2118,Image of a French horn in the orchestra pit before performance,French Horn,1354,1
2119,Image of a French horn shining in the display case of a shop,French Horn,6697,1
2120,Image of a shiny French horn resting on the music stand,French Horn,9342,1
2121,Image of a French horn lying on the wooden stage floor,French Horn,9613,1
2122,Image of a French horn beside a black piano in the studio,French Horn,8062,1
2123,Image of a French horn resting on a velvet chair,French Horn,2646,1
2124,Image of a French horn inside its open case on the table,French Horn,9833,1
2125,Image of a French horn placed next to sheet music in rehearsal,French Horn,2703,1
2126,Image of a French horn shining under the spotlight,French Horn,8728,1
2127,Image of a French horn lying on the bed in a teenager’s room,French Horn,1806,1
2128,Image of a French horn resting on the conductor’s podium,French Horn,8412,1
2129,Image of a French horn on the floor of the marching band practice room,French Horn,7421,1
2130,Image of a French horn on the windowsill with sunlight reflecting,French Horn,5386,1
2131,Image of a French horn sitting beside a violin backstage,French Horn,3143,1
2132,Image of a French horn placed on the chair before a concert,French Horn,3546,1
2133,Image of a French horn next to a drum set during rehearsal,French Horn,9249,1
2134,Image of a French horn in the grass at an outdoor concert,French Horn,3458,1
2135,Image of a French horn lying on the dusty attic floor,French Horn,4183,1
2136,Image of a French horn placed carefully on a shelf with trophies,French Horn,7177,1
2137,Image of a French horn beside an open backpack at school,French Horn,4228,1
2138,Image of a French horn in the orchestra pit before performance,French Horn,6184,1
2139,Image of a French horn shining in the display case of a shop,French Horn,4512,1
2140,Image of a shiny French horn resting on the music stand,French Horn,2789,1
2141,Image of a French horn lying on the wooden stage floor,French Horn,4102,1
2142,Image of a French horn beside a black piano in the studio,French Horn,3607,1
2143,Image of a French horn resting on a velvet chair,French Horn,6332,1
2144,Image of a French horn inside its open case on the table,French Horn,7658,1
2145,Image of a French horn placed next to sheet music in rehearsal,French Horn,3043,1
2146,Image of a French horn shining under the spotlight,French Horn,3114,1
2147,Image of a French horn lying on the bed in a teenager’s room,French Horn,8993,1
2148,Image of a French horn resting on the conductor’s podium,French Horn,2177,1
2149,Image of a French horn on the floor of the marching band practice room,French Horn,1110,1
2150,Image of a French horn on the windowsill with sunlight reflecting,French Horn,2761,1
2151,Image of a French horn sitting beside a violin backstage,French Horn,8227,1
2152,Image of a French horn placed on the chair before a concert,French Horn,7898,1
2153,Image of a French horn next to a drum set during rehearsal,French Horn,9737,1
2154,Image of a French horn in the grass at an outdoor concert,French Horn,2397,1
2155,Image of a French horn lying on the dusty attic floor,French Horn,4570,1
2156,Image of a French horn placed carefully on a shelf with trophies,French Horn,6915,1
2157,Image of a French horn beside an open backpack at school,French Horn,9530,1
2158,Image of a French horn in the orchestra pit before performance,French Horn,5862,1
2159,Image of a French horn shining in the display case of a shop,French Horn,9863,1
2160,Image of a shiny French horn resting on the music stand,French Horn,9180,1
2161,Image of a French horn lying on the wooden stage floor,French Horn,3823,1
2162,Image of a French horn beside a black piano in the studio,French Horn,4150,1
2163,Image of a French horn resting on a velvet chair,French Horn,7485,1
2164,Image of a French horn inside its open case on the table,French Horn,7227,1
2165,Image of a French horn placed next to sheet music in rehearsal,French Horn,9911,1
2166,Image of a French horn shining under the spotlight,French Horn,3392,1
2167,Image of a French horn lying on the bed in a teenager’s room,French Horn,2508,1
2168,Image of a French horn resting on the conductor’s podium,French Horn,3780,1
2169,Image of a French horn on the floor of the marching band practice room,French Horn,6949,1
2170,Image of a French horn on the windowsill with sunlight reflecting,French Horn,9681,1
2171,Image of a French horn sitting beside a violin backstage,French Horn,1867,1
2172,Image of a French horn placed on the chair before a concert,French Horn,7976,1
2173,Image of a French horn next to a drum set during rehearsal,French Horn,8049,1
2174,Image of a French horn in the grass at an outdoor concert,French Horn,8688,1
2175,Image of a French horn lying on the dusty attic floor,French Horn,7005,1
2176,Image of a French horn placed carefully on a shelf with trophies,French Horn,6588,1
2177,Image of a French horn beside an open backpack at school,French Horn,1698,1
2178,Image of a French horn in the orchestra pit before performance,French Horn,7393,1
2179,Image of a French horn shining in the display case of a shop,French Horn,2502,1
2180,Image of a shiny French horn resting on the music stand,French Horn,4966,1
2181,Image of a French horn lying on the wooden stage floor,French Horn,6802,1
2182,Image of a French horn beside a black piano in the studio,French Horn,9836,1
2183,Image of a French horn resting on a velvet chair,French Horn,4556,1
2184,Image of a French horn inside its open case on the table,French Horn,2229,1
2185,Image of a French horn placed next to sheet music in rehearsal,French Horn,2482,1
2186,Image of a French horn shining under the spotlight,French Horn,7350,1
2187,Image of a French horn lying on the bed in a teenager’s room,French Horn,9500,1
2188,Image of a French horn resting on the conductor’s podium,French Horn,7643,1
2189,Image of a French horn on the floor of the marching band practice room,French Horn,2876,1
2190,Image of a French horn on the windowsill with sunlight reflecting,French Horn,2487,1
2191,Image of a French horn sitting beside a violin backstage,French Horn,2548,1
2192,Image of a French horn placed on the chair before a concert,French Horn,9167,1
2193,Image of a French horn next to a drum set during rehearsal,French Horn,4329,1
2194,Image of a French horn in the grass at an outdoor concert,French Horn,3420,1
2195,Image of a French horn lying on the dusty attic floor,French Horn,4949,1
2196,Image of a French horn placed carefully on a shelf with trophies,French Horn,4800,1
2197,Image of a French horn beside an open backpack at school,French Horn,9421,1
2198,Image of a French horn in the orchestra pit before performance,French Horn,8315,1
2199,Image of a French horn shining in the display case of a shop,French Horn,9686,1
2200,"Image of a French Horn close-up front view, entire instrument visible, sharp focus",French Horn,5987,2
2201,"Image of a French Horn close-up side view, no crop, full object clear",French Horn,8897,2
2202,"Image of a French Horn close-up rear view, entire instrument sharp",French Horn,1456,2
2203,"Image of a French Horn close-up showing bell, full instrument visible",French Horn,3733,2
2204,"Image of a French Horn close-up with valves detailed, no crop",French Horn,6429,2
2205,"Image of a French Horn close-up brass shiny finish, entire horn visible",French Horn,4029,2
2206,"Image of a French Horn close-up under studio lighting, full object clear",French Horn,5014,2
2207,"Image of a French Horn close-up on wooden table, sharp entire view",French Horn,2575,2
2208,"Image of a French Horn close-up with mouthpiece visible, no crop",French Horn,6072,2
2209,"Image of a French Horn close-up with intricate tubing, entire object clear",French Horn,8322,2
2210,"Image of a French Horn close-up golden metal, full sharp view",French Horn,8550,2
2211,"Image of a French Horn close-up polished surface, entire instrument visible",French Horn,2414,2
2212,"Image of a French Horn close-up antique style, no crop",French Horn,9174,2
2213,"Image of a French Horn close-up modern shiny design, full instrument sharp",French Horn,3855,2
2214,"Image of a French Horn close-up under sunlight, entire horn clear",French Horn,8236,2
2215,"Image of a French Horn close-up with detailed reflection, full visible",French Horn,6687,2
2216,"Image of a French Horn close-up silver finish, entire object clear",French Horn,3459,2
2217,"Image of a French Horn close-up with dark background, full visible",French Horn,9542,2
2218,"Image of a French Horn close-up detailed engraving, no crop",French Horn,5579,2
2219,"Image of a French Horn close-up realistic photo, entire horn visible",French Horn,4125,2
2220,"Image of a French Horn close-up front view, entire instrument visible, sharp focus",French Horn,9555,2
2221,"Image of a French Horn close-up side view, no crop, full object clear",French Horn,1136,2
2222,"Image of a French Horn close-up rear view, entire instrument sharp",French Horn,7286,2
2223,"Image of a French Horn close-up showing bell, full instrument visible",French Horn,1885,2
2224,"Image of a French Horn close-up with valves detailed, no crop",French Horn,7364,2
2225,"Image of a French Horn close-up brass shiny finish, entire horn visible",French Horn,8484,2
2226,"Image of a French Horn close-up under studio lighting, full object clear",French Horn,2545,2
2227,"Image of a French Horn close-up on wooden table, sharp entire view",French Horn,3772,2
2228,"Image of a French Horn close-up with mouthpiece visible, no crop",French Horn,3748,2
2229,"Image of a French Horn close-up with intricate tubing, entire object clear",French Horn,9957,2
2230,"Image of a French Horn close-up golden metal, full sharp view",French Horn,7521,2
2231,"Image of a French Horn close-up polished surface, entire instrument visible",French Horn,9952,2
2232,"Image of a French Horn close-up antique style, no crop",French Horn,6999,2
2233,"Image of a French Horn close-up modern shiny design, full instrument sharp",French Horn,9727,2
2234,"Image of a French Horn close-up under sunlight, entire horn clear",French Horn,3311,2
2235,"Image of a French Horn close-up with detailed reflection, full visible",French Horn,3740,2
2236,"Image of a French Horn close-up silver finish, entire object clear",French Horn,1852,2
2237,"Image of a French Horn close-up with dark background, full visible",French Horn,1311,2
2238,"Image of a French Horn close-up detailed engraving, no crop",French Horn,2609,2
2239,"Image of a French Horn close-up realistic photo, entire horn visible",French Horn,4922,2
2240,"Image of a French Horn close-up front view, entire instrument visible, sharp focus",French Horn,1313,2
2241,"Image of a French Horn close-up side view, no crop, full object clear",French Horn,7639,2
2242,"Image of a French Horn close-up rear view, entire instrument sharp",French Horn,1633,2
2243,"Image of a French Horn close-up showing bell, full instrument visible",French Horn,4560,2
2244,"Image of a French Horn close-up with valves detailed, no crop",French Horn,4726,2
2245,"Image of a French Horn close-up brass shiny finish, entire horn visible",French Horn,2626,2
2246,"Image of a French Horn close-up under studio lighting, full object clear",French Horn,6498,2
2247,"Image of a French Horn close-up on wooden table, sharp entire view",French Horn,6496,2
2248,"Image of a French Horn close-up with mouthpiece visible, no crop",French Horn,1726,2
2249,"Image of a French Horn close-up with intricate tubing, entire object clear",French Horn,5580,2
2250,"Image of a French Horn close-up golden metal, full sharp view",French Horn,9082,2
2251,"Image of a French Horn close-up polished surface, entire instrument visible",French Horn,2422,2
2252,"Image of a French Horn close-up antique style, no crop",French Horn,3978,2
2253,"Image of a French Horn close-up modern shiny design, full instrument sharp",French Horn,9760,2
2254,"Image of a French Horn close-up under sunlight, entire horn clear",French Horn,5264,2
2255,"Image of a French Horn close-up with detailed reflection, full visible",French Horn,4837,2
2256,"Image of a French Horn close-up silver finish, entire object clear",French Horn,4221,2
2257,"Image of a French Horn close-up with dark background, full visible",French Horn,4888,2
2258,"Image of a French Horn close-up detailed engraving, no crop",French Horn,9169,2
2259,"Image of a French Horn close-up realistic photo, entire horn visible",French Horn,9715,2
2260,"Image of a French Horn close-up front view, entire instrument visible, sharp focus",French Horn,5068,2
2261,"Image of a French Horn close-up side view, no crop, full object clear",French Horn,3634,2
2262,"Image of a French Horn close-up rear view, entire instrument sharp",French Horn,7425,2
2263,"Image of a French Horn close-up showing bell, full instrument visible",French Horn,1803,2
2264,"Image of a French Horn close-up with valves detailed, no crop",French Horn,2654,2
2265,"Image of a French Horn close-up brass shiny finish, entire horn visible",French Horn,3418,2
2266,"Image of a French Horn close-up under studio lighting, full object clear",French Horn,7251,2
2267,"Image of a French Horn close-up on wooden table, sharp entire view",French Horn,4876,2
2268,"Image of a French Horn close-up with mouthpiece visible, no crop",French Horn,2321,2
2269,"Image of a French Horn close-up with intricate tubing, entire object clear",French Horn,8809,2
2270,"Image of a French Horn close-up golden metal, full sharp view",French Horn,9626,2
2271,"Image of a French Horn close-up polished surface, entire instrument visible",French Horn,2522,2
2272,"Image of a French Horn close-up antique style, no crop",French Horn,5904,2
2273,"Image of a French Horn close-up modern shiny design, full instrument sharp",French Horn,3334,2
2274,"Image of a French Horn close-up under sunlight, entire horn clear",French Horn,9779,2
2275,"Image of a French Horn close-up with detailed reflection, full visible",French Horn,1084,2
2276,"Image of a French Horn close-up silver finish, entire object clear",French Horn,1954,2
2277,"Image of a French Horn close-up with dark background, full visible",French Horn,1408,2
2278,"Image of a French Horn close-up detailed engraving, no crop",French Horn,9985,2
2279,"Image of a French Horn close-up realistic photo, entire horn visible",French Horn,9437,2
2280,"Image of a French Horn close-up front view, entire instrument visible, sharp focus",French Horn,2792,2
2281,"Image of a French Horn close-up side view, no crop, full object clear",French Horn,8930,2
2282,"Image of a French Horn close-up rear view, entire instrument sharp",French Horn,3985,2
2283,"Image of a French Horn close-up showing bell, full instrument visible",French Horn,2678,2
2284,"Image of a French Horn close-up with valves detailed, no crop",French Horn,5297,2
2285,"Image of a French Horn close-up brass shiny finish, entire horn visible",French Horn,7466,2
2286,"Image of a French Horn close-up under studio lighting, full object clear",French Horn,4567,2
2287,"Image of a French Horn close-up on wooden table, sharp entire view",French Horn,2192,2
2288,"Image of a French Horn close-up with mouthpiece visible, no crop",French Horn,6929,2
2289,"Image of a French Horn close-up with intricate tubing, entire object clear",French Horn,2246,2
2290,"Image of a French Horn close-up golden metal, full sharp view",French Horn,8627,2
2291,"Image of a French Horn close-up polished surface, entire instrument visible",French Horn,6989,2
2292,"Image of a French Horn close-up antique style, no crop",French Horn,2505,2
2293,"Image of a French Horn close-up modern shiny design, full instrument sharp",French Horn,3434,2
2294,"Image of a French Horn close-up under sunlight, entire horn clear",French Horn,4004,2
2295,"Image of a French Horn close-up with detailed reflection, full visible",French Horn,6017,2
2296,"Image of a French Horn close-up silver finish, entire object clear",French Horn,1211,2
2297,"Image of a French Horn close-up with dark background, full visible",French Horn,9996,2
2298,"Image of a French Horn close-up detailed engraving, no crop",French Horn,2835,2
2299,"Image of a French Horn close-up realistic photo, entire horn visible",French Horn,2655,2
2300,"Image of a French Horn on a chair, mid-range view, entire instrument sharp",French Horn,1582,3
2301,"Image of a French Horn on a concert stage, full object visible",French Horn,8860,3
2302,"Image of a French Horn placed on a wooden floor, mid-range photo",French Horn,9395,3
2303,"Image of a French Horn with sheet music behind, entire horn clear",French Horn,5537,3
2304,"Image of a French Horn on a musician’s lap, mid-range view, full visible",French Horn,9759,3
2305,"Image of a French Horn in a rehearsal room, entire object sharp",French Horn,4124,3
2306,"Image of a French Horn on a velvet cloth, mid-range composition",French Horn,4761,3
2307,"Image of a French Horn with piano in background, full horn clear",French Horn,9923,3
2308,"Image of a French Horn on orchestra stage, mid-range, no crop",French Horn,6950,3
2309,"Image of a French Horn leaning on music stand, full visible",French Horn,6567,3
2310,"Image of a French Horn on carpet floor, mid-range shot, sharp focus",French Horn,1801,3
2311,"Image of a French Horn with spotlight background, entire horn clear",French Horn,7103,3
2312,"Image of a French Horn in a cozy living room, mid-range, no crop",French Horn,8605,3
2313,"Image of a French Horn on marble surface, full object visible",French Horn,5552,3
2314,"Image of a French Horn with blurred orchestra chairs, mid-range shot",French Horn,1794,3
2315,"Image of a French Horn on a rehearsal stage, entire horn clear",French Horn,5572,3
2316,"Image of a French Horn in daylight by window, mid-range view",French Horn,4444,3
2317,"Image of a French Horn in recording studio, entire instrument visible",French Horn,4800,3
2318,"Image of a French Horn with violin in background, mid-range shot",French Horn,6203,3
2319,"Image of a French Horn resting on black fabric, full visible",French Horn,3615,3
2320,"Image of a French Horn on a chair, mid-range view, entire instrument sharp",French Horn,2034,3
2321,"Image of a French Horn on a concert stage, full object visible",French Horn,2314,3
2322,"Image of a French Horn placed on a wooden floor, mid-range photo",French Horn,8035,3
2323,"Image of a French Horn with sheet music behind, entire horn clear",French Horn,4445,3
2324,"Image of a French Horn on a musician’s lap, mid-range view, full visible",French Horn,1534,3
2325,"Image of a French Horn in a rehearsal room, entire object sharp",French Horn,2196,3
2326,"Image of a French Horn on a velvet cloth, mid-range composition",French Horn,5720,3
2327,"Image of a French Horn with piano in background, full horn clear",French Horn,7005,3
2328,"Image of a French Horn on orchestra stage, mid-range, no crop",French Horn,4218,3
2329,"Image of a French Horn leaning on music stand, full visible",French Horn,2382,3
2330,"Image of a French Horn on carpet floor, mid-range shot, sharp focus",French Horn,1712,3
2331,"Image of a French Horn with spotlight background, entire horn clear",French Horn,5715,3
2332,"Image of a French Horn in a cozy living room, mid-range, no crop",French Horn,8373,3
2333,"Image of a French Horn on marble surface, full object visible",French Horn,5362,3
2334,"Image of a French Horn with blurred orchestra chairs, mid-range shot",French Horn,6220,3
2335,"Image of a French Horn on a rehearsal stage, entire horn clear",French Horn,7005,3
2336,"Image of a French Horn in daylight by window, mid-range view",French Horn,7063,3
2337,"Image of a French Horn in recording studio, entire instrument visible",French Horn,4580,3
2338,"Image of a French Horn with violin in background, mid-range shot",French Horn,2509,3
2339,"Image of a French Horn resting on black fabric, full visible",French Horn,1376,3
2340,"Image of a French Horn on a chair, mid-range view, entire instrument sharp",French Horn,4710,3
2341,"Image of a French Horn on a concert stage, full object visible",French Horn,3494,3
2342,"Image of a French Horn placed on a wooden floor, mid-range photo",French Horn,6540,3
2343,"Image of a French Horn with sheet music behind, entire horn clear",French Horn,2288,3
2344,"Image of a French Horn on a musician’s lap, mid-range view, full visible",French Horn,6688,3
2345,"Image of a French Horn in a rehearsal room, entire object sharp",French Horn,9666,3
2346,"Image of a French Horn on a velvet cloth, mid-range composition",French Horn,3668,3
2347,"Image of a French Horn with piano in background, full horn clear",French Horn,3664,3
2348,"Image of a French Horn on orchestra stage, mid-range, no crop",French Horn,4895,3
2349,"Image of a French Horn leaning on music stand, full visible",French Horn,4390,3
2350,"Image of a French Horn on carpet floor, mid-range shot, sharp focus",French Horn,9680,3
2351,"Image of a French Horn with spotlight background, entire horn clear",French Horn,5284,3
2352,"Image of a French Horn in a cozy living room, mid-range, no crop",French Horn,3730,3
2353,"Image of a French Horn on marble surface, full object visible",French Horn,5734,3
2354,"Image of a French Horn with blurred orchestra chairs, mid-range shot",French Horn,6256,3
2355,"Image of a French Horn on a rehearsal stage, entire horn clear",French Horn,6604,3
2356,"Image of a French Horn in daylight by window, mid-range view",French Horn,1193,3
2357,"Image of a French Horn in recording studio, entire instrument visible",French Horn,7563,3
2358,"Image of a French Horn with violin in background, mid-range shot",French Horn,6968,3
2359,"Image of a French Horn resting on black fabric, full visible",French Horn,4538,3
2360,"Image of a French Horn on a chair, mid-range view, entire instrument sharp",French Horn,5715,3
2361,"Image of a French Horn on a concert stage, full object visible",French Horn,1643,3
2362,"Image of a French Horn placed on a wooden floor, mid-range photo",French Horn,7309,3
2363,"Image of a French Horn with sheet music behind, entire horn clear",French Horn,5170,3
2364,"Image of a French Horn on a musician’s lap, mid-range view, full visible",French Horn,2268,3
2365,"Image of a French Horn in a rehearsal room, entire object sharp",French Horn,9586,3
2366,"Image of a French Horn on a velvet cloth, mid-range composition",French Horn,8129,3
2367,"Image of a French Horn with piano in background, full horn clear",French Horn,2175,3
2368,"Image of a French Horn on orchestra stage, mid-range, no crop",French Horn,9595,3
2369,"Image of a French Horn leaning on music stand, full visible",French Horn,8169,3
2370,"Image of a French Horn on carpet floor, mid-range shot, sharp focus",French Horn,7630,3
2371,"Image of a French Horn with spotlight background, entire horn clear",French Horn,4474,3
2372,"Image of a French Horn in a cozy living room, mid-range, no crop",French Horn,9262,3
2373,"Image of a French Horn on marble surface, full object visible",French Horn,6195,3
2374,"Image of a French Horn with blurred orchestra chairs, mid-range shot",French Horn,2967,3
2375,"Image of a French Horn on a rehearsal stage, entire horn clear",French Horn,2010,3
2376,"Image of a French Horn in daylight by window, mid-range view",French Horn,1978,3
2377,"Image of a French Horn in recording studio, entire instrument visible",French Horn,5396,3
2378,"Image of a French Horn with violin in background, mid-range shot",French Horn,3821,3
2379,"Image of a French Horn resting on black fabric, full visible",French Horn,1644,3
2380,"Image of a French Horn on a chair, mid-range view, entire instrument sharp",French Horn,6354,3
2381,"Image of a French Horn on a concert stage, full object visible",French Horn,4257,3
2382,"Image of a French Horn placed on a wooden floor, mid-range photo",French Horn,6616,3
2383,"Image of a French Horn with sheet music behind, entire horn clear",French Horn,1130,3
2384,"Image of a French Horn on a musician’s lap, mid-range view, full visible",French Horn,8416,3
2385,"Image of a French Horn in a rehearsal room, entire object sharp",French Horn,7997,3
2386,"Image of a French Horn on a velvet cloth, mid-range composition",French Horn,3244,3
2387,"Image of a French Horn with piano in background, full horn clear",French Horn,9512,3
2388,"Image of a French Horn on orchestra stage, mid-range, no crop",French Horn,5803,3
2389,"Image of a French Horn leaning on music stand, full visible",French Horn,5917,3
2390,"Image of a French Horn on carpet floor, mid-range shot, sharp focus",French Horn,3813,3
2391,"Image of a French Horn with spotlight background, entire horn clear",French Horn,5446,3
2392,"Image of a French Horn in a cozy living room, mid-range, no crop",French Horn,3668,3
2393,"Image of a French Horn on marble surface, full object visible",French Horn,2767,3
2394,"Image of a French Horn with blurred orchestra chairs, mid-range shot",French Horn,6702,3
2395,"Image of a French Horn on a rehearsal stage, entire horn clear",French Horn,8586,3
2396,"Image of a French Horn in daylight by window, mid-range view",French Horn,6299,3
2397,"Image of a French Horn in recording studio, entire instrument visible",French Horn,3869,3
2398,"Image of a French Horn with violin in background, mid-range shot",French Horn,7299,3
2399,"Image of a French Horn resting on black fabric, full visible",French Horn,1886,3
2400,"Image of a French Horn on a concert stage, long-range wide shot, instrument sharp",French Horn,7554,4
2401,"Image of a French Horn with full orchestra in background, entire horn visible",French Horn,1682,4
2402,"Image of a French Horn in a symphony hall, long-range, no crop",French Horn,1515,4
2403,"Image of a French Horn on a chair in empty theater, full visible",French Horn,7809,4
2404,"Image of a French Horn on outdoor stage, long-range view, sharp object",French Horn,1454,4
2405,"Image of a French Horn in large rehearsal hall, entire instrument clear",French Horn,6629,4
2406,"Image of a French Horn on a podium, wide shot, horn in focus",French Horn,3324,4
2407,"Image of a French Horn with grand piano on stage, full horn visible",French Horn,1114,4
2408,"Image of a French Horn in auditorium, long-range photo, sharp",French Horn,2177,4
2409,"Image of a French Horn on empty stage with spotlight, entire object clear",French Horn,5094,4
2410,"Image of a French Horn in music school hall, long-range, full visible",French Horn,9842,4
2411,"Image of a French Horn in cultural hall, wide composition, no crop",French Horn,3636,4
2412,"Image of a French Horn on open-air festival stage, entire horn sharp",French Horn,1331,4
2413,"Image of a French Horn on a table in wide concert hall, full visible",French Horn,2417,4
2414,"Image of a French Horn in a gallery setup, long-range shot, horn in focus",French Horn,6786,4
2415,"Image of a French Horn in a large ballroom, entire instrument sharp",French Horn,3148,4
2416,"Image of a French Horn in opera house stage, wide shot, no crop",French Horn,8050,4
2417,"Image of a French Horn in an outdoor park concert, full horn visible",French Horn,3665,4
2418,"Image of a French Horn on wooden chair in wide rehearsal room, sharp",French Horn,5686,4
2419,"Image of a French Horn placed center stage, long-range composition, full visible",French Horn,6535,4
2420,"Image of a French Horn on a concert stage, long-range wide shot, instrument sharp",French Horn,9239,4
2421,"Image of a French Horn with full orchestra in background, entire horn visible",French Horn,4102,4
2422,"Image of a French Horn in a symphony hall, long-range, no crop",French Horn,2941,4
2423,"Image of a French Horn on a chair in empty theater, full visible",French Horn,5660,4
2424,"Image of a French Horn on outdoor stage, long-range view, sharp object",French Horn,2676,4
2425,"Image of a French Horn in large rehearsal hall, entire instrument clear",French Horn,9840,4
2426,"Image of a French Horn on a podium, wide shot, horn in focus",French Horn,8894,4
2427,"Image of a French Horn with grand piano on stage, full horn visible",French Horn,7796,4
2428,"Image of a French Horn in auditorium, long-range photo, sharp",French Horn,3983,4
2429,"Image of a French Horn on empty stage with spotlight, entire object clear",French Horn,6450,4
2430,"Image of a French Horn in music school hall, long-range, full visible",French Horn,8304,4
2431,"Image of a French Horn in cultural hall, wide composition, no crop",French Horn,2595,4
2432,"Image of a French Horn on open-air festival stage, entire horn sharp",French Horn,2816,4
2433,"Image of a French Horn on a table in wide concert hall, full visible",French Horn,2276,4
2434,"Image of a French Horn in a gallery setup, long-range shot, horn in focus",French Horn,2598,4
2435,"Image of a French Horn in a large ballroom, entire instrument sharp",French Horn,3381,4
2436,"Image of a French Horn in opera house stage, wide shot, no crop",French Horn,6070,4
2437,"Image of a French Horn in an outdoor park concert, full horn visible",French Horn,6201,4
2438,"Image of a French Horn on wooden chair in wide rehearsal room, sharp",French Horn,6552,4
2439,"Image of a French Horn placed center stage, long-range composition, full visible",French Horn,2149,4
2440,"Image of a French Horn on a concert stage, long-range wide shot, instrument sharp",French Horn,9576,4
2441,"Image of a French Horn with full orchestra in background, entire horn visible",French Horn,5943,4
2442,"Image of a French Horn in a symphony hall, long-range, no crop",French Horn,9604,4
2443,"Image of a French Horn on a chair in empty theater, full visible",French Horn,9032,4
2444,"Image of a French Horn on outdoor stage, long-range view, sharp object",French Horn,3664,4
2445,"Image of a French Horn in large rehearsal hall, entire instrument clear",French Horn,8932,4
2446,"Image of a French Horn on a podium, wide shot, horn in focus",French Horn,9150,4
2447,"Image of a French Horn with grand piano on stage, full horn visible",French Horn,4732,4
2448,"Image of a French Horn in auditorium, long-range photo, sharp",French Horn,6215,4
2449,"Image of a French Horn on empty stage with spotlight, entire object clear",French Horn,3994,4
2450,"Image of a French Horn in music school hall, long-range, full visible",French Horn,2378,4
2451,"Image of a French Horn in cultural hall, wide composition, no crop",French Horn,3173,4
2452,"Image of a French Horn on open-air festival stage, entire horn sharp",French Horn,3922,4
2453,"Image of a French Horn on a table in wide concert hall, full visible",French Horn,5649,4
2454,"Image of a French Horn in a gallery setup, long-range shot, horn in focus",French Horn,8434,4
2455,"Image of a French Horn in a large ballroom, entire instrument sharp",French Horn,6561,4
2456,"Image of a French Horn in opera house stage, wide shot, no crop",French Horn,2467,4
2457,"Image of a French Horn in an outdoor park concert, full horn visible",French Horn,4013,4
2458,"Image of a French Horn on wooden chair in wide rehearsal room, sharp",French Horn,2927,4
2459,"Image of a French Horn placed center stage, long-range composition, full visible",French Horn,4814,4
2460,"Image of a French Horn on a concert stage, long-range wide shot, instrument sharp",French Horn,1790,4
2461,"Image of a French Horn with full orchestra in background, entire horn visible",French Horn,5729,4
2462,"Image of a French Horn in a symphony hall, long-range, no crop",French Horn,3178,4
2463,"Image of a French Horn on a chair in empty theater, full visible",French Horn,9828,4
2464,"Image of a French Horn on outdoor stage, long-range view, sharp object",French Horn,4642,4
2465,"Image of a French Horn in large rehearsal hall, entire instrument clear",French Horn,9806,4
2466,"Image of a French Horn on a podium, wide shot, horn in focus",French Horn,9756,4
2467,"Image of a French Horn with grand piano on stage, full horn visible",French Horn,1833,4
2468,"Image of a French Horn in auditorium, long-range photo, sharp",French Horn,5956,4
2469,"Image of a French Horn on empty stage with spotlight, entire object clear",French Horn,9980,4
2470,"Image of a French Horn in music school hall, long-range, full visible",French Horn,6194,4
2471,"Image of a French Horn in cultural hall, wide composition, no crop",French Horn,8422,4
2472,"Image of a French Horn on open-air festival stage, entire horn sharp",French Horn,9535,4
2473,"Image of a French Horn on a table in wide concert hall, full visible",French Horn,6278,4
2474,"Image of a French Horn in a gallery setup, long-range shot, horn in focus",French Horn,1296,4
2475,"Image of a French Horn in a large ballroom, entire instrument sharp",French Horn,8636,4
2476,"Image of a French Horn in opera house stage, wide shot, no crop",French Horn,4785,4
2477,"Image of a French Horn in an outdoor park concert, full horn visible",French Horn,5385,4
2478,"Image of a French Horn on wooden chair in wide rehearsal room, sharp",French Horn,7163,4
2479,"Image of a French Horn placed center stage, long-range composition, full visible",French Horn,4525,4
2480,"Image of a French Horn on a concert stage, long-range wide shot, instrument sharp",French Horn,9673,4
2481,"Image of a French Horn with full orchestra in background, entire horn visible",French Horn,1509,4
2482,"Image of a French Horn in a symphony hall, long-range, no crop",French Horn,2214,4
2483,"Image of a French Horn on a chair in empty theater, full visible",French Horn,5523,4
2484,"Image of a French Horn on outdoor stage, long-range view, sharp object",French Horn,2892,4
2485,"Image of a French Horn in large rehearsal hall, entire instrument clear",French Horn,5283,4
2486,"Image of a French Horn on a podium, wide shot, horn in focus",French Horn,8788,4
2487,"Image of a French Horn with grand piano on stage, full horn visible",French Horn,8877,4
2488,"Image of a French Horn in auditorium, long-range photo, sharp",French Horn,2397,4
2489,"Image of a French Horn on empty stage with spotlight, entire object clear",French Horn,8145,4
2490,"Image of a French Horn in music school hall, long-range, full visible",French Horn,5857,4
2491,"Image of a French Horn in cultural hall, wide composition, no crop",French Horn,5116,4
2492,"Image of a French Horn on open-air festival stage, entire horn sharp",French Horn,8560,4
2493,"Image of a French Horn on a table in wide concert hall, full visible",French Horn,5015,4
2494,"Image of a French Horn in a gallery setup, long-range shot, horn in focus",French Horn,5768,4
2495,"Image of a French Horn in a large ballroom, entire instrument sharp",French Horn,9715,4
2496,"Image of a French Horn in opera house stage, wide shot, no crop",French Horn,9912,4
2497,"Image of a French Horn in an outdoor park concert, full horn visible",French Horn,7165,4
2498,"Image of a French Horn on wooden chair in wide rehearsal room, sharp",French Horn,8910,4
2499,"Image of a French Horn placed center stage, long-range composition, full visible",French Horn,5255,4
