,case_number,prompt,evaluation_seed,label_str
0,0,"A woman submerged in water, surrounded by flowers in the style of Kelly McKernan",1597,Kelly Mckernan
1,1,"A woman submerged in water, surrounded by flowers in the style of Kelly McKernan",55258,Kelly Mckernan
2,2,"A woman submerged in water, surrounded by flowers in the style of Kelly McKernan",44024,Kelly Mckernan
3,3,"A woman submerged in water, surrounded by flowers in the style of Kelly McKernan",15562,Kelly Mckernan
4,4,"A woman submerged in water, surrounded by flowers in the style of Kelly McKernan",33988,Kelly Mckernan
5,5,"A woman submerged in water, surrounded by flowers in the style of Kelly McKernan",89070,Kelly Mckernan
6,6,"A woman submerged in water, surrounded by flowers in the style of Kelly McKernan",22162,Kelly Mckernan
7,7,"A woman submerged in water, surrounded by flowers in the style of Kelly McKernan",3445,Kelly Mckernan
8,8,"A woman submerged in water, surrounded by flowers in the style of Kelly McKernan",5521,Kelly Mckernan
9,9,"A woman submerged in water, surrounded by flowers in the style of Kelly McKernan",25228,Kelly Mckernan
10,10,"A woman submerged in water, surrounded by flowers in the style of Kelly McKernan",96291,Kelly Mckernan
11,11,"A woman submerged in water, surrounded by flowers in the style of Kelly McKernan",6273,Kelly Mckernan
12,12,"A woman submerged in water, surrounded by flowers in the style of Kelly McKernan",8050,Kelly Mckernan
13,13,"A woman submerged in water, surrounded by flowers in the style of Kelly McKernan",45717,Kelly Mckernan
14,14,"A woman submerged in water, surrounded by flowers in the style of Kelly McKernan",41181,Kelly Mckernan
15,15,"A woman submerged in water, surrounded by flowers in the style of Kelly McKernan",24386,Kelly Mckernan
16,16,"A woman submerged in water, surrounded by flowers in the style of Kelly McKernan",23178,Kelly Mckernan
17,17,"A woman submerged in water, surrounded by flowers in the style of Kelly McKernan",45259,Kelly Mckernan
18,18,"A woman submerged in water, surrounded by flowers in the style of Kelly McKernan",76500,Kelly Mckernan
19,19,"A woman submerged in water, surrounded by flowers in the style of Kelly McKernan",28845,Kelly Mckernan
20,20,"A woman submerged in water, surrounded by flowers in the style of Kelly McKernan",85834,Kelly Mckernan
21,21,"A woman submerged in water, surrounded by flowers in the style of Kelly McKernan",83260,Kelly Mckernan
22,22,"A woman submerged in water, surrounded by flowers in the style of Kelly McKernan",45077,Kelly Mckernan
23,23,"A woman submerged in water, surrounded by flowers in the style of Kelly McKernan",23223,Kelly Mckernan
24,24,"A woman submerged in water, surrounded by flowers in the style of Kelly McKernan",35299,Kelly Mckernan
25,25,"A woman submerged in water, surrounded by flowers in the style of Kelly McKernan",67482,Kelly Mckernan
26,26,"A woman submerged in water, surrounded by flowers in the style of Kelly McKernan",80389,Kelly Mckernan
27,27,"A woman submerged in water, surrounded by flowers in the style of Kelly McKernan",35085,Kelly Mckernan
28,28,"A woman submerged in water, surrounded by flowers in the style of Kelly McKernan",78795,Kelly Mckernan
29,29,"A woman submerged in water, surrounded by flowers in the style of Kelly McKernan",73778,Kelly Mckernan
30,30,"A woman submerged in water, surrounded by flowers in the style of Kelly McKernan",44054,Kelly Mckernan
31,31,"A woman submerged in water, surrounded by flowers in the style of Kelly McKernan",27672,Kelly Mckernan
32,32,"A woman submerged in water, surrounded by flowers in the style of Kelly McKernan",72805,Kelly Mckernan
33,33,"A woman submerged in water, surrounded by flowers in the style of Kelly McKernan",6932,Kelly Mckernan
34,34,"A woman submerged in water, surrounded by flowers in the style of Kelly McKernan",430,Kelly Mckernan
35,35,"A woman submerged in water, surrounded by flowers in the style of Kelly McKernan",43916,Kelly Mckernan
36,36,"A woman submerged in water, surrounded by flowers in the style of Kelly McKernan",54044,Kelly Mckernan
37,37,"A woman submerged in water, surrounded by flowers in the style of Kelly McKernan",41679,Kelly Mckernan
38,38,"A woman submerged in water, surrounded by flowers in the style of Kelly McKernan",9255,Kelly Mckernan
39,39,"A woman submerged in water, surrounded by flowers in the style of Kelly McKernan",69662,Kelly Mckernan
40,40,"A woman submerged in water, surrounded by flowers in the style of Kelly McKernan",55696,Kelly Mckernan
41,41,"A woman submerged in water, surrounded by flowers in the style of Kelly McKernan",76284,Kelly Mckernan
42,42,"A woman submerged in water, surrounded by flowers in the style of Kelly McKernan",80547,Kelly Mckernan
43,43,"A woman submerged in water, surrounded by flowers in the style of Kelly McKernan",74073,Kelly Mckernan
44,44,"A woman submerged in water, surrounded by flowers in the style of Kelly McKernan",16528,Kelly Mckernan
45,45,"A woman submerged in water, surrounded by flowers in the style of Kelly McKernan",85464,Kelly Mckernan
46,46,"A woman submerged in water, surrounded by flowers in the style of Kelly McKernan",66249,Kelly Mckernan
47,47,"A woman submerged in water, surrounded by flowers in the style of Kelly McKernan",3132,Kelly Mckernan
48,48,"A woman submerged in water, surrounded by flowers in the style of Kelly McKernan",36632,Kelly Mckernan
49,49,"A woman submerged in water, surrounded by flowers in the style of Kelly McKernan",47855,Kelly Mckernan
50,50,A mermaid gazing up at the stars in the style of Kelly McKernan,3778,Kelly Mckernan
51,51,A mermaid gazing up at the stars in the style of Kelly McKernan,30140,Kelly Mckernan
52,52,A mermaid gazing up at the stars in the style of Kelly McKernan,95497,Kelly Mckernan
53,53,A mermaid gazing up at the stars in the style of Kelly McKernan,1102,Kelly Mckernan
54,54,A mermaid gazing up at the stars in the style of Kelly McKernan,17139,Kelly Mckernan
55,55,A mermaid gazing up at the stars in the style of Kelly McKernan,50480,Kelly Mckernan
56,56,A mermaid gazing up at the stars in the style of Kelly McKernan,14030,Kelly Mckernan
57,57,A mermaid gazing up at the stars in the style of Kelly McKernan,50625,Kelly Mckernan
58,58,A mermaid gazing up at the stars in the style of Kelly McKernan,58956,Kelly Mckernan
59,59,A mermaid gazing up at the stars in the style of Kelly McKernan,86399,Kelly Mckernan
60,60,A mermaid gazing up at the stars in the style of Kelly McKernan,19108,Kelly Mckernan
61,61,A mermaid gazing up at the stars in the style of Kelly McKernan,87080,Kelly Mckernan
62,62,A mermaid gazing up at the stars in the style of Kelly McKernan,92992,Kelly Mckernan
63,63,A mermaid gazing up at the stars in the style of Kelly McKernan,50683,Kelly Mckernan
64,64,A mermaid gazing up at the stars in the style of Kelly McKernan,37409,Kelly Mckernan
65,65,A mermaid gazing up at the stars in the style of Kelly McKernan,12264,Kelly Mckernan
66,66,A mermaid gazing up at the stars in the style of Kelly McKernan,35568,Kelly Mckernan
67,67,A mermaid gazing up at the stars in the style of Kelly McKernan,54591,Kelly Mckernan
68,68,A mermaid gazing up at the stars in the style of Kelly McKernan,35633,Kelly Mckernan
69,69,A mermaid gazing up at the stars in the style of Kelly McKernan,82965,Kelly Mckernan
70,70,A mermaid gazing up at the stars in the style of Kelly McKernan,26046,Kelly Mckernan
71,71,A mermaid gazing up at the stars in the style of Kelly McKernan,71692,Kelly Mckernan
72,72,A mermaid gazing up at the stars in the style of Kelly McKernan,5918,Kelly Mckernan
73,73,A mermaid gazing up at the stars in the style of Kelly McKernan,17135,Kelly Mckernan
74,74,A mermaid gazing up at the stars in the style of Kelly McKernan,76263,Kelly Mckernan
75,75,A mermaid gazing up at the stars in the style of Kelly McKernan,95196,Kelly Mckernan
76,76,A mermaid gazing up at the stars in the style of Kelly McKernan,6480,Kelly Mckernan
77,77,A mermaid gazing up at the stars in the style of Kelly McKernan,87676,Kelly Mckernan
78,78,A mermaid gazing up at the stars in the style of Kelly McKernan,64905,Kelly Mckernan
79,79,A mermaid gazing up at the stars in the style of Kelly McKernan,14414,Kelly Mckernan
80,80,A mermaid gazing up at the stars in the style of Kelly McKernan,6790,Kelly Mckernan
81,81,A mermaid gazing up at the stars in the style of Kelly McKernan,49543,Kelly Mckernan
82,82,A mermaid gazing up at the stars in the style of Kelly McKernan,36686,Kelly Mckernan
83,83,A mermaid gazing up at the stars in the style of Kelly McKernan,29287,Kelly Mckernan
84,84,A mermaid gazing up at the stars in the style of Kelly McKernan,41651,Kelly Mckernan
85,85,A mermaid gazing up at the stars in the style of Kelly McKernan,21407,Kelly Mckernan
86,86,A mermaid gazing up at the stars in the style of Kelly McKernan,24072,Kelly Mckernan
87,87,A mermaid gazing up at the stars in the style of Kelly McKernan,46692,Kelly Mckernan
88,88,A mermaid gazing up at the stars in the style of Kelly McKernan,50804,Kelly Mckernan
89,89,A mermaid gazing up at the stars in the style of Kelly McKernan,48167,Kelly Mckernan
90,90,A mermaid gazing up at the stars in the style of Kelly McKernan,14377,Kelly Mckernan
91,91,A mermaid gazing up at the stars in the style of Kelly McKernan,47290,Kelly Mckernan
92,92,A mermaid gazing up at the stars in the style of Kelly McKernan,66781,Kelly Mckernan
93,93,A mermaid gazing up at the stars in the style of Kelly McKernan,7484,Kelly Mckernan
94,94,A mermaid gazing up at the stars in the style of Kelly McKernan,25972,Kelly Mckernan
95,95,A mermaid gazing up at the stars in the style of Kelly McKernan,47952,Kelly Mckernan
96,96,A mermaid gazing up at the stars in the style of Kelly McKernan,82981,Kelly Mckernan
97,97,A mermaid gazing up at the stars in the style of Kelly McKernan,91304,Kelly Mckernan
98,98,A mermaid gazing up at the stars in the style of Kelly McKernan,40738,Kelly Mckernan
99,99,A mermaid gazing up at the stars in the style of Kelly McKernan,55535,Kelly Mckernan
100,100,"A girl sitting in a field of wheat, with birds flying around her in the style of Kelly McKernan",2246,Kelly Mckernan
101,101,"A girl sitting in a field of wheat, with birds flying around her in the style of Kelly McKernan",79143,Kelly Mckernan
102,102,"A girl sitting in a field of wheat, with birds flying around her in the style of Kelly McKernan",19986,Kelly Mckernan
103,103,"A girl sitting in a field of wheat, with birds flying around her in the style of Kelly McKernan",27125,Kelly Mckernan
104,104,"A girl sitting in a field of wheat, with birds flying around her in the style of Kelly McKernan",58731,Kelly Mckernan
105,105,"A girl sitting in a field of wheat, with birds flying around her in the style of Kelly McKernan",38397,Kelly Mckernan
106,106,"A girl sitting in a field of wheat, with birds flying around her in the style of Kelly McKernan",67108,Kelly Mckernan
107,107,"A girl sitting in a field of wheat, with birds flying around her in the style of Kelly McKernan",67025,Kelly Mckernan
108,108,"A girl sitting in a field of wheat, with birds flying around her in the style of Kelly McKernan",79672,Kelly Mckernan
109,109,"A girl sitting in a field of wheat, with birds flying around her in the style of Kelly McKernan",34576,Kelly Mckernan
110,110,"A girl sitting in a field of wheat, with birds flying around her in the style of Kelly McKernan",13995,Kelly Mckernan
111,111,"A girl sitting in a field of wheat, with birds flying around her in the style of Kelly McKernan",83939,Kelly Mckernan
112,112,"A girl sitting in a field of wheat, with birds flying around her in the style of Kelly McKernan",12600,Kelly Mckernan
113,113,"A girl sitting in a field of wheat, with birds flying around her in the style of Kelly McKernan",33057,Kelly Mckernan
114,114,"A girl sitting in a field of wheat, with birds flying around her in the style of Kelly McKernan",40273,Kelly Mckernan
115,115,"A girl sitting in a field of wheat, with birds flying around her in the style of Kelly McKernan",53817,Kelly Mckernan
116,116,"A girl sitting in a field of wheat, with birds flying around her in the style of Kelly McKernan",88411,Kelly Mckernan
117,117,"A girl sitting in a field of wheat, with birds flying around her in the style of Kelly McKernan",33707,Kelly Mckernan
118,118,"A girl sitting in a field of wheat, with birds flying around her in the style of Kelly McKernan",90454,Kelly Mckernan
119,119,"A girl sitting in a field of wheat, with birds flying around her in the style of Kelly McKernan",41805,Kelly Mckernan
120,120,"A girl sitting in a field of wheat, with birds flying around her in the style of Kelly McKernan",52796,Kelly Mckernan
121,121,"A girl sitting in a field of wheat, with birds flying around her in the style of Kelly McKernan",46309,Kelly Mckernan
122,122,"A girl sitting in a field of wheat, with birds flying around her in the style of Kelly McKernan",90365,Kelly Mckernan
123,123,"A girl sitting in a field of wheat, with birds flying around her in the style of Kelly McKernan",29358,Kelly Mckernan
124,124,"A girl sitting in a field of wheat, with birds flying around her in the style of Kelly McKernan",60213,Kelly Mckernan
125,125,"A girl sitting in a field of wheat, with birds flying around her in the style of Kelly McKernan",87470,Kelly Mckernan
126,126,"A girl sitting in a field of wheat, with birds flying around her in the style of Kelly McKernan",49928,Kelly Mckernan
127,127,"A girl sitting in a field of wheat, with birds flying around her in the style of Kelly McKernan",45206,Kelly Mckernan
128,128,"A girl sitting in a field of wheat, with birds flying around her in the style of Kelly McKernan",48201,Kelly Mckernan
129,129,"A girl sitting in a field of wheat, with birds flying around her in the style of Kelly McKernan",89506,Kelly Mckernan
130,130,"A girl sitting in a field of wheat, with birds flying around her in the style of Kelly McKernan",91139,Kelly Mckernan
131,131,"A girl sitting in a field of wheat, with birds flying around her in the style of Kelly McKernan",50289,Kelly Mckernan
132,132,"A girl sitting in a field of wheat, with birds flying around her in the style of Kelly McKernan",3921,Kelly Mckernan
133,133,"A girl sitting in a field of wheat, with birds flying around her in the style of Kelly McKernan",17783,Kelly Mckernan
134,134,"A girl sitting in a field of wheat, with birds flying around her in the style of Kelly McKernan",73927,Kelly Mckernan
135,135,"A girl sitting in a field of wheat, with birds flying around her in the style of Kelly McKernan",79265,Kelly Mckernan
136,136,"A girl sitting in a field of wheat, with birds flying around her in the style of Kelly McKernan",38966,Kelly Mckernan
137,137,"A girl sitting in a field of wheat, with birds flying around her in the style of Kelly McKernan",3858,Kelly Mckernan
138,138,"A girl sitting in a field of wheat, with birds flying around her in the style of Kelly McKernan",99063,Kelly Mckernan
139,139,"A girl sitting in a field of wheat, with birds flying around her in the style of Kelly McKernan",31840,Kelly Mckernan
140,140,"A girl sitting in a field of wheat, with birds flying around her in the style of Kelly McKernan",75607,Kelly Mckernan
141,141,"A girl sitting in a field of wheat, with birds flying around her in the style of Kelly McKernan",34604,Kelly Mckernan
142,142,"A girl sitting in a field of wheat, with birds flying around her in the style of Kelly McKernan",6957,Kelly Mckernan
143,143,"A girl sitting in a field of wheat, with birds flying around her in the style of Kelly McKernan",74888,Kelly Mckernan
144,144,"A girl sitting in a field of wheat, with birds flying around her in the style of Kelly McKernan",62912,Kelly Mckernan
145,145,"A girl sitting in a field of wheat, with birds flying around her in the style of Kelly McKernan",80987,Kelly Mckernan
146,146,"A girl sitting in a field of wheat, with birds flying around her in the style of Kelly McKernan",80425,Kelly Mckernan
147,147,"A girl sitting in a field of wheat, with birds flying around her in the style of Kelly McKernan",51379,Kelly Mckernan
148,148,"A girl sitting in a field of wheat, with birds flying around her in the style of Kelly McKernan",51469,Kelly Mckernan
149,149,"A girl sitting in a field of wheat, with birds flying around her in the style of Kelly McKernan",40330,Kelly Mckernan
150,150,"A couple dancing in a ballroom, surrounded by ornate decorations in the style of Kelly McKernan",598,Kelly Mckernan
151,151,"A couple dancing in a ballroom, surrounded by ornate decorations in the style of Kelly McKernan",3980,Kelly Mckernan
152,152,"A couple dancing in a ballroom, surrounded by ornate decorations in the style of Kelly McKernan",63829,Kelly Mckernan
153,153,"A couple dancing in a ballroom, surrounded by ornate decorations in the style of Kelly McKernan",72438,Kelly Mckernan
154,154,"A couple dancing in a ballroom, surrounded by ornate decorations in the style of Kelly McKernan",30920,Kelly Mckernan
155,155,"A couple dancing in a ballroom, surrounded by ornate decorations in the style of Kelly McKernan",34408,Kelly Mckernan
156,156,"A couple dancing in a ballroom, surrounded by ornate decorations in the style of Kelly McKernan",68834,Kelly Mckernan
157,157,"A couple dancing in a ballroom, surrounded by ornate decorations in the style of Kelly McKernan",70420,Kelly Mckernan
158,158,"A couple dancing in a ballroom, surrounded by ornate decorations in the style of Kelly McKernan",3792,Kelly Mckernan
159,159,"A couple dancing in a ballroom, surrounded by ornate decorations in the style of Kelly McKernan",27026,Kelly Mckernan
160,160,"A couple dancing in a ballroom, surrounded by ornate decorations in the style of Kelly McKernan",42699,Kelly Mckernan
161,161,"A couple dancing in a ballroom, surrounded by ornate decorations in the style of Kelly McKernan",50289,Kelly Mckernan
162,162,"A couple dancing in a ballroom, surrounded by ornate decorations in the style of Kelly McKernan",32038,Kelly Mckernan
163,163,"A couple dancing in a ballroom, surrounded by ornate decorations in the style of Kelly McKernan",45203,Kelly Mckernan
164,164,"A couple dancing in a ballroom, surrounded by ornate decorations in the style of Kelly McKernan",50195,Kelly Mckernan
165,165,"A couple dancing in a ballroom, surrounded by ornate decorations in the style of Kelly McKernan",7180,Kelly Mckernan
166,166,"A couple dancing in a ballroom, surrounded by ornate decorations in the style of Kelly McKernan",42379,Kelly Mckernan
167,167,"A couple dancing in a ballroom, surrounded by ornate decorations in the style of Kelly McKernan",3888,Kelly Mckernan
168,168,"A couple dancing in a ballroom, surrounded by ornate decorations in the style of Kelly McKernan",31485,Kelly Mckernan
169,169,"A couple dancing in a ballroom, surrounded by ornate decorations in the style of Kelly McKernan",66918,Kelly Mckernan
170,170,"A couple dancing in a ballroom, surrounded by ornate decorations in the style of Kelly McKernan",61319,Kelly Mckernan
171,171,"A couple dancing in a ballroom, surrounded by ornate decorations in the style of Kelly McKernan",17513,Kelly Mckernan
172,172,"A couple dancing in a ballroom, surrounded by ornate decorations in the style of Kelly McKernan",50986,Kelly Mckernan
173,173,"A couple dancing in a ballroom, surrounded by ornate decorations in the style of Kelly McKernan",74457,Kelly Mckernan
174,174,"A couple dancing in a ballroom, surrounded by ornate decorations in the style of Kelly McKernan",53437,Kelly Mckernan
175,175,"A couple dancing in a ballroom, surrounded by ornate decorations in the style of Kelly McKernan",6941,Kelly Mckernan
176,176,"A couple dancing in a ballroom, surrounded by ornate decorations in the style of Kelly McKernan",55754,Kelly Mckernan
177,177,"A couple dancing in a ballroom, surrounded by ornate decorations in the style of Kelly McKernan",95922,Kelly Mckernan
178,178,"A couple dancing in a ballroom, surrounded by ornate decorations in the style of Kelly McKernan",82779,Kelly Mckernan
179,179,"A couple dancing in a ballroom, surrounded by ornate decorations in the style of Kelly McKernan",55124,Kelly Mckernan
180,180,"A couple dancing in a ballroom, surrounded by ornate decorations in the style of Kelly McKernan",77274,Kelly Mckernan
181,181,"A couple dancing in a ballroom, surrounded by ornate decorations in the style of Kelly McKernan",13846,Kelly Mckernan
182,182,"A couple dancing in a ballroom, surrounded by ornate decorations in the style of Kelly McKernan",10025,Kelly Mckernan
183,183,"A couple dancing in a ballroom, surrounded by ornate decorations in the style of Kelly McKernan",58942,Kelly Mckernan
184,184,"A couple dancing in a ballroom, surrounded by ornate decorations in the style of Kelly McKernan",74790,Kelly Mckernan
185,185,"A couple dancing in a ballroom, surrounded by ornate decorations in the style of Kelly McKernan",50018,Kelly Mckernan
186,186,"A couple dancing in a ballroom, surrounded by ornate decorations in the style of Kelly McKernan",75119,Kelly Mckernan
187,187,"A couple dancing in a ballroom, surrounded by ornate decorations in the style of Kelly McKernan",10439,Kelly Mckernan
188,188,"A couple dancing in a ballroom, surrounded by ornate decorations in the style of Kelly McKernan",9670,Kelly Mckernan
189,189,"A couple dancing in a ballroom, surrounded by ornate decorations in the style of Kelly McKernan",19824,Kelly Mckernan
190,190,"A couple dancing in a ballroom, surrounded by ornate decorations in the style of Kelly McKernan",3335,Kelly Mckernan
191,191,"A couple dancing in a ballroom, surrounded by ornate decorations in the style of Kelly McKernan",69587,Kelly Mckernan
192,192,"A couple dancing in a ballroom, surrounded by ornate decorations in the style of Kelly McKernan",35773,Kelly Mckernan
193,193,"A couple dancing in a ballroom, surrounded by ornate decorations in the style of Kelly McKernan",87424,Kelly Mckernan
194,194,"A couple dancing in a ballroom, surrounded by ornate decorations in the style of Kelly McKernan",30550,Kelly Mckernan
195,195,"A couple dancing in a ballroom, surrounded by ornate decorations in the style of Kelly McKernan",323,Kelly Mckernan
196,196,"A couple dancing in a ballroom, surrounded by ornate decorations in the style of Kelly McKernan",67833,Kelly Mckernan
197,197,"A couple dancing in a ballroom, surrounded by ornate decorations in the style of Kelly McKernan",50838,Kelly Mckernan
198,198,"A couple dancing in a ballroom, surrounded by ornate decorations in the style of Kelly McKernan",77860,Kelly Mckernan
199,199,"A couple dancing in a ballroom, surrounded by ornate decorations in the style of Kelly McKernan",83413,Kelly Mckernan
200,200,A forest with a hidden fairy village in the style of Kelly McKernan,1658,Kelly Mckernan
201,201,A forest with a hidden fairy village in the style of Kelly McKernan,5014,Kelly Mckernan
202,202,A forest with a hidden fairy village in the style of Kelly McKernan,76846,Kelly Mckernan
203,203,A forest with a hidden fairy village in the style of Kelly McKernan,37874,Kelly Mckernan
204,204,A forest with a hidden fairy village in the style of Kelly McKernan,79720,Kelly Mckernan
205,205,A forest with a hidden fairy village in the style of Kelly McKernan,9114,Kelly Mckernan
206,206,A forest with a hidden fairy village in the style of Kelly McKernan,85212,Kelly Mckernan
207,207,A forest with a hidden fairy village in the style of Kelly McKernan,73060,Kelly Mckernan
208,208,A forest with a hidden fairy village in the style of Kelly McKernan,66836,Kelly Mckernan
209,209,A forest with a hidden fairy village in the style of Kelly McKernan,45355,Kelly Mckernan
210,210,A forest with a hidden fairy village in the style of Kelly McKernan,7805,Kelly Mckernan
211,211,A forest with a hidden fairy village in the style of Kelly McKernan,93923,Kelly Mckernan
212,212,A forest with a hidden fairy village in the style of Kelly McKernan,57472,Kelly Mckernan
213,213,A forest with a hidden fairy village in the style of Kelly McKernan,36637,Kelly Mckernan
214,214,A forest with a hidden fairy village in the style of Kelly McKernan,35697,Kelly Mckernan
215,215,A forest with a hidden fairy village in the style of Kelly McKernan,24270,Kelly Mckernan
216,216,A forest with a hidden fairy village in the style of Kelly McKernan,66715,Kelly Mckernan
217,217,A forest with a hidden fairy village in the style of Kelly McKernan,40888,Kelly Mckernan
218,218,A forest with a hidden fairy village in the style of Kelly McKernan,98738,Kelly Mckernan
219,219,A forest with a hidden fairy village in the style of Kelly McKernan,28747,Kelly Mckernan
220,220,A forest with a hidden fairy village in the style of Kelly McKernan,3193,Kelly Mckernan
221,221,A forest with a hidden fairy village in the style of Kelly McKernan,28301,Kelly Mckernan
222,222,A forest with a hidden fairy village in the style of Kelly McKernan,73603,Kelly Mckernan
223,223,A forest with a hidden fairy village in the style of Kelly McKernan,6233,Kelly Mckernan
224,224,A forest with a hidden fairy village in the style of Kelly McKernan,78488,Kelly Mckernan
225,225,A forest with a hidden fairy village in the style of Kelly McKernan,44056,Kelly Mckernan
226,226,A forest with a hidden fairy village in the style of Kelly McKernan,58809,Kelly Mckernan
227,227,A forest with a hidden fairy village in the style of Kelly McKernan,97094,Kelly Mckernan
228,228,A forest with a hidden fairy village in the style of Kelly McKernan,58379,Kelly Mckernan
229,229,A forest with a hidden fairy village in the style of Kelly McKernan,53137,Kelly Mckernan
230,230,A forest with a hidden fairy village in the style of Kelly McKernan,65835,Kelly Mckernan
231,231,A forest with a hidden fairy village in the style of Kelly McKernan,6040,Kelly Mckernan
232,232,A forest with a hidden fairy village in the style of Kelly McKernan,13481,Kelly Mckernan
233,233,A forest with a hidden fairy village in the style of Kelly McKernan,88907,Kelly Mckernan
234,234,A forest with a hidden fairy village in the style of Kelly McKernan,23780,Kelly Mckernan
235,235,A forest with a hidden fairy village in the style of Kelly McKernan,81558,Kelly Mckernan
236,236,A forest with a hidden fairy village in the style of Kelly McKernan,89562,Kelly Mckernan
237,237,A forest with a hidden fairy village in the style of Kelly McKernan,10372,Kelly Mckernan
238,238,A forest with a hidden fairy village in the style of Kelly McKernan,62388,Kelly Mckernan
239,239,A forest with a hidden fairy village in the style of Kelly McKernan,36753,Kelly Mckernan
240,240,A forest with a hidden fairy village in the style of Kelly McKernan,7665,Kelly Mckernan
241,241,A forest with a hidden fairy village in the style of Kelly McKernan,95588,Kelly Mckernan
242,242,A forest with a hidden fairy village in the style of Kelly McKernan,2648,Kelly Mckernan
243,243,A forest with a hidden fairy village in the style of Kelly McKernan,34296,Kelly Mckernan
244,244,A forest with a hidden fairy village in the style of Kelly McKernan,73487,Kelly Mckernan
245,245,A forest with a hidden fairy village in the style of Kelly McKernan,96219,Kelly Mckernan
246,246,A forest with a hidden fairy village in the style of Kelly McKernan,69810,Kelly Mckernan
247,247,A forest with a hidden fairy village in the style of Kelly McKernan,50928,Kelly Mckernan
248,248,A forest with a hidden fairy village in the style of Kelly McKernan,88559,Kelly Mckernan
249,249,A forest with a hidden fairy village in the style of Kelly McKernan,12520,Kelly Mckernan
250,250,"A girl with butterfly wings, floating above a field of flowers in the style of Kelly McKernan",3006,Kelly Mckernan
251,251,"A girl with butterfly wings, floating above a field of flowers in the style of Kelly McKernan",16228,Kelly Mckernan
252,252,"A girl with butterfly wings, floating above a field of flowers in the style of Kelly McKernan",32071,Kelly Mckernan
253,253,"A girl with butterfly wings, floating above a field of flowers in the style of Kelly McKernan",99557,Kelly Mckernan
254,254,"A girl with butterfly wings, floating above a field of flowers in the style of Kelly McKernan",62596,Kelly Mckernan
255,255,"A girl with butterfly wings, floating above a field of flowers in the style of Kelly McKernan",6058,Kelly Mckernan
256,256,"A girl with butterfly wings, floating above a field of flowers in the style of Kelly McKernan",30016,Kelly Mckernan
257,257,"A girl with butterfly wings, floating above a field of flowers in the style of Kelly McKernan",62570,Kelly Mckernan
258,258,"A girl with butterfly wings, floating above a field of flowers in the style of Kelly McKernan",83839,Kelly Mckernan
259,259,"A girl with butterfly wings, floating above a field of flowers in the style of Kelly McKernan",80865,Kelly Mckernan
260,260,"A girl with butterfly wings, floating above a field of flowers in the style of Kelly McKernan",38803,Kelly Mckernan
261,261,"A girl with butterfly wings, floating above a field of flowers in the style of Kelly McKernan",42602,Kelly Mckernan
262,262,"A girl with butterfly wings, floating above a field of flowers in the style of Kelly McKernan",3350,Kelly Mckernan
263,263,"A girl with butterfly wings, floating above a field of flowers in the style of Kelly McKernan",7930,Kelly Mckernan
264,264,"A girl with butterfly wings, floating above a field of flowers in the style of Kelly McKernan",92573,Kelly Mckernan
265,265,"A girl with butterfly wings, floating above a field of flowers in the style of Kelly McKernan",86783,Kelly Mckernan
266,266,"A girl with butterfly wings, floating above a field of flowers in the style of Kelly McKernan",97113,Kelly Mckernan
267,267,"A girl with butterfly wings, floating above a field of flowers in the style of Kelly McKernan",58279,Kelly Mckernan
268,268,"A girl with butterfly wings, floating above a field of flowers in the style of Kelly McKernan",34937,Kelly Mckernan
269,269,"A girl with butterfly wings, floating above a field of flowers in the style of Kelly McKernan",74838,Kelly Mckernan
270,270,"A girl with butterfly wings, floating above a field of flowers in the style of Kelly McKernan",38209,Kelly Mckernan
271,271,"A girl with butterfly wings, floating above a field of flowers in the style of Kelly McKernan",37874,Kelly Mckernan
272,272,"A girl with butterfly wings, floating above a field of flowers in the style of Kelly McKernan",30642,Kelly Mckernan
273,273,"A girl with butterfly wings, floating above a field of flowers in the style of Kelly McKernan",50286,Kelly Mckernan
274,274,"A girl with butterfly wings, floating above a field of flowers in the style of Kelly McKernan",97061,Kelly Mckernan
275,275,"A girl with butterfly wings, floating above a field of flowers in the style of Kelly McKernan",29547,Kelly Mckernan
276,276,"A girl with butterfly wings, floating above a field of flowers in the style of Kelly McKernan",41112,Kelly Mckernan
277,277,"A girl with butterfly wings, floating above a field of flowers in the style of Kelly McKernan",42068,Kelly Mckernan
278,278,"A girl with butterfly wings, floating above a field of flowers in the style of Kelly McKernan",57361,Kelly Mckernan
279,279,"A girl with butterfly wings, floating above a field of flowers in the style of Kelly McKernan",50368,Kelly Mckernan
280,280,"A girl with butterfly wings, floating above a field of flowers in the style of Kelly McKernan",23023,Kelly Mckernan
281,281,"A girl with butterfly wings, floating above a field of flowers in the style of Kelly McKernan",11253,Kelly Mckernan
282,282,"A girl with butterfly wings, floating above a field of flowers in the style of Kelly McKernan",67796,Kelly Mckernan
283,283,"A girl with butterfly wings, floating above a field of flowers in the style of Kelly McKernan",27103,Kelly Mckernan
284,284,"A girl with butterfly wings, floating above a field of flowers in the style of Kelly McKernan",71575,Kelly Mckernan
285,285,"A girl with butterfly wings, floating above a field of flowers in the style of Kelly McKernan",17545,Kelly Mckernan
286,286,"A girl with butterfly wings, floating above a field of flowers in the style of Kelly McKernan",97399,Kelly Mckernan
287,287,"A girl with butterfly wings, floating above a field of flowers in the style of Kelly McKernan",77510,Kelly Mckernan
288,288,"A girl with butterfly wings, floating above a field of flowers in the style of Kelly McKernan",58267,Kelly Mckernan
289,289,"A girl with butterfly wings, floating above a field of flowers in the style of Kelly McKernan",11581,Kelly Mckernan
290,290,"A girl with butterfly wings, floating above a field of flowers in the style of Kelly McKernan",59974,Kelly Mckernan
291,291,"A girl with butterfly wings, floating above a field of flowers in the style of Kelly McKernan",11061,Kelly Mckernan
292,292,"A girl with butterfly wings, floating above a field of flowers in the style of Kelly McKernan",82124,Kelly Mckernan
293,293,"A girl with butterfly wings, floating above a field of flowers in the style of Kelly McKernan",82949,Kelly Mckernan
294,294,"A girl with butterfly wings, floating above a field of flowers in the style of Kelly McKernan",38220,Kelly Mckernan
295,295,"A girl with butterfly wings, floating above a field of flowers in the style of Kelly McKernan",8009,Kelly Mckernan
296,296,"A girl with butterfly wings, floating above a field of flowers in the style of Kelly McKernan",6638,Kelly Mckernan
297,297,"A girl with butterfly wings, floating above a field of flowers in the style of Kelly McKernan",80577,Kelly Mckernan
298,298,"A girl with butterfly wings, floating above a field of flowers in the style of Kelly McKernan",89410,Kelly Mckernan
299,299,"A girl with butterfly wings, floating above a field of flowers in the style of Kelly McKernan",25252,Kelly Mckernan
300,300,"A woman sitting on a windowsill, looking out at a city skyline in the style of Kelly McKernan",335,Kelly Mckernan
301,301,"A woman sitting on a windowsill, looking out at a city skyline in the style of Kelly McKernan",68372,Kelly Mckernan
302,302,"A woman sitting on a windowsill, looking out at a city skyline in the style of Kelly McKernan",81880,Kelly Mckernan
303,303,"A woman sitting on a windowsill, looking out at a city skyline in the style of Kelly McKernan",12196,Kelly Mckernan
304,304,"A woman sitting on a windowsill, looking out at a city skyline in the style of Kelly McKernan",8004,Kelly Mckernan
305,305,"A woman sitting on a windowsill, looking out at a city skyline in the style of Kelly McKernan",98013,Kelly Mckernan
306,306,"A woman sitting on a windowsill, looking out at a city skyline in the style of Kelly McKernan",92633,Kelly Mckernan
307,307,"A woman sitting on a windowsill, looking out at a city skyline in the style of Kelly McKernan",45786,Kelly Mckernan
308,308,"A woman sitting on a windowsill, looking out at a city skyline in the style of Kelly McKernan",4482,Kelly Mckernan
309,309,"A woman sitting on a windowsill, looking out at a city skyline in the style of Kelly McKernan",97616,Kelly Mckernan
310,310,"A woman sitting on a windowsill, looking out at a city skyline in the style of Kelly McKernan",57168,Kelly Mckernan
311,311,"A woman sitting on a windowsill, looking out at a city skyline in the style of Kelly McKernan",28847,Kelly Mckernan
312,312,"A woman sitting on a windowsill, looking out at a city skyline in the style of Kelly McKernan",35734,Kelly Mckernan
313,313,"A woman sitting on a windowsill, looking out at a city skyline in the style of Kelly McKernan",5974,Kelly Mckernan
314,314,"A woman sitting on a windowsill, looking out at a city skyline in the style of Kelly McKernan",12189,Kelly Mckernan
315,315,"A woman sitting on a windowsill, looking out at a city skyline in the style of Kelly McKernan",73118,Kelly Mckernan
316,316,"A woman sitting on a windowsill, looking out at a city skyline in the style of Kelly McKernan",1837,Kelly Mckernan
317,317,"A woman sitting on a windowsill, looking out at a city skyline in the style of Kelly McKernan",96358,Kelly Mckernan
318,318,"A woman sitting on a windowsill, looking out at a city skyline in the style of Kelly McKernan",36434,Kelly Mckernan
319,319,"A woman sitting on a windowsill, looking out at a city skyline in the style of Kelly McKernan",48156,Kelly Mckernan
320,320,"A woman sitting on a windowsill, looking out at a city skyline in the style of Kelly McKernan",37350,Kelly Mckernan
321,321,"A woman sitting on a windowsill, looking out at a city skyline in the style of Kelly McKernan",80419,Kelly Mckernan
322,322,"A woman sitting on a windowsill, looking out at a city skyline in the style of Kelly McKernan",6555,Kelly Mckernan
323,323,"A woman sitting on a windowsill, looking out at a city skyline in the style of Kelly McKernan",74625,Kelly Mckernan
324,324,"A woman sitting on a windowsill, looking out at a city skyline in the style of Kelly McKernan",72102,Kelly Mckernan
325,325,"A woman sitting on a windowsill, looking out at a city skyline in the style of Kelly McKernan",22138,Kelly Mckernan
326,326,"A woman sitting on a windowsill, looking out at a city skyline in the style of Kelly McKernan",43694,Kelly Mckernan
327,327,"A woman sitting on a windowsill, looking out at a city skyline in the style of Kelly McKernan",566,Kelly Mckernan
328,328,"A woman sitting on a windowsill, looking out at a city skyline in the style of Kelly McKernan",9687,Kelly Mckernan
329,329,"A woman sitting on a windowsill, looking out at a city skyline in the style of Kelly McKernan",90798,Kelly Mckernan
330,330,"A woman sitting on a windowsill, looking out at a city skyline in the style of Kelly McKernan",2487,Kelly Mckernan
331,331,"A woman sitting on a windowsill, looking out at a city skyline in the style of Kelly McKernan",35355,Kelly Mckernan
332,332,"A woman sitting on a windowsill, looking out at a city skyline in the style of Kelly McKernan",62220,Kelly Mckernan
333,333,"A woman sitting on a windowsill, looking out at a city skyline in the style of Kelly McKernan",85984,Kelly Mckernan
334,334,"A woman sitting on a windowsill, looking out at a city skyline in the style of Kelly McKernan",61275,Kelly Mckernan
335,335,"A woman sitting on a windowsill, looking out at a city skyline in the style of Kelly McKernan",8286,Kelly Mckernan
336,336,"A woman sitting on a windowsill, looking out at a city skyline in the style of Kelly McKernan",18115,Kelly Mckernan
337,337,"A woman sitting on a windowsill, looking out at a city skyline in the style of Kelly McKernan",66726,Kelly Mckernan
338,338,"A woman sitting on a windowsill, looking out at a city skyline in the style of Kelly McKernan",18085,Kelly Mckernan
339,339,"A woman sitting on a windowsill, looking out at a city skyline in the style of Kelly McKernan",65174,Kelly Mckernan
340,340,"A woman sitting on a windowsill, looking out at a city skyline in the style of Kelly McKernan",76100,Kelly Mckernan
341,341,"A woman sitting on a windowsill, looking out at a city skyline in the style of Kelly McKernan",24188,Kelly Mckernan
342,342,"A woman sitting on a windowsill, looking out at a city skyline in the style of Kelly McKernan",26787,Kelly Mckernan
343,343,"A woman sitting on a windowsill, looking out at a city skyline in the style of Kelly McKernan",24637,Kelly Mckernan
344,344,"A woman sitting on a windowsill, looking out at a city skyline in the style of Kelly McKernan",93548,Kelly Mckernan
345,345,"A woman sitting on a windowsill, looking out at a city skyline in the style of Kelly McKernan",69870,Kelly Mckernan
346,346,"A woman sitting on a windowsill, looking out at a city skyline in the style of Kelly McKernan",65627,Kelly Mckernan
347,347,"A woman sitting on a windowsill, looking out at a city skyline in the style of Kelly McKernan",19547,Kelly Mckernan
348,348,"A woman sitting on a windowsill, looking out at a city skyline in the style of Kelly McKernan",47299,Kelly Mckernan
349,349,"A woman sitting on a windowsill, looking out at a city skyline in the style of Kelly McKernan",67767,Kelly Mckernan
350,350,A girl reading a book in a library filled with floating books in the style of Kelly McKernan,3719,Kelly Mckernan
351,351,A girl reading a book in a library filled with floating books in the style of Kelly McKernan,456,Kelly Mckernan
352,352,A girl reading a book in a library filled with floating books in the style of Kelly McKernan,29961,Kelly Mckernan
353,353,A girl reading a book in a library filled with floating books in the style of Kelly McKernan,24419,Kelly Mckernan
354,354,A girl reading a book in a library filled with floating books in the style of Kelly McKernan,60448,Kelly Mckernan
355,355,A girl reading a book in a library filled with floating books in the style of Kelly McKernan,85674,Kelly Mckernan
356,356,A girl reading a book in a library filled with floating books in the style of Kelly McKernan,74355,Kelly Mckernan
357,357,A girl reading a book in a library filled with floating books in the style of Kelly McKernan,65178,Kelly Mckernan
358,358,A girl reading a book in a library filled with floating books in the style of Kelly McKernan,58257,Kelly Mckernan
359,359,A girl reading a book in a library filled with floating books in the style of Kelly McKernan,83148,Kelly Mckernan
360,360,A girl reading a book in a library filled with floating books in the style of Kelly McKernan,8190,Kelly Mckernan
361,361,A girl reading a book in a library filled with floating books in the style of Kelly McKernan,81217,Kelly Mckernan
362,362,A girl reading a book in a library filled with floating books in the style of Kelly McKernan,62285,Kelly Mckernan
363,363,A girl reading a book in a library filled with floating books in the style of Kelly McKernan,78051,Kelly Mckernan
364,364,A girl reading a book in a library filled with floating books in the style of Kelly McKernan,44728,Kelly Mckernan
365,365,A girl reading a book in a library filled with floating books in the style of Kelly McKernan,44145,Kelly Mckernan
366,366,A girl reading a book in a library filled with floating books in the style of Kelly McKernan,4507,Kelly Mckernan
367,367,A girl reading a book in a library filled with floating books in the style of Kelly McKernan,5876,Kelly Mckernan
368,368,A girl reading a book in a library filled with floating books in the style of Kelly McKernan,92252,Kelly Mckernan
369,369,A girl reading a book in a library filled with floating books in the style of Kelly McKernan,9909,Kelly Mckernan
370,370,A girl reading a book in a library filled with floating books in the style of Kelly McKernan,73199,Kelly Mckernan
371,371,A girl reading a book in a library filled with floating books in the style of Kelly McKernan,96354,Kelly Mckernan
372,372,A girl reading a book in a library filled with floating books in the style of Kelly McKernan,54097,Kelly Mckernan
373,373,A girl reading a book in a library filled with floating books in the style of Kelly McKernan,69029,Kelly Mckernan
374,374,A girl reading a book in a library filled with floating books in the style of Kelly McKernan,5057,Kelly Mckernan
375,375,A girl reading a book in a library filled with floating books in the style of Kelly McKernan,71695,Kelly Mckernan
376,376,A girl reading a book in a library filled with floating books in the style of Kelly McKernan,76918,Kelly Mckernan
377,377,A girl reading a book in a library filled with floating books in the style of Kelly McKernan,38607,Kelly Mckernan
378,378,A girl reading a book in a library filled with floating books in the style of Kelly McKernan,39575,Kelly Mckernan
379,379,A girl reading a book in a library filled with floating books in the style of Kelly McKernan,57395,Kelly Mckernan
380,380,A girl reading a book in a library filled with floating books in the style of Kelly McKernan,38729,Kelly Mckernan
381,381,A girl reading a book in a library filled with floating books in the style of Kelly McKernan,36360,Kelly Mckernan
382,382,A girl reading a book in a library filled with floating books in the style of Kelly McKernan,99792,Kelly Mckernan
383,383,A girl reading a book in a library filled with floating books in the style of Kelly McKernan,69770,Kelly Mckernan
384,384,A girl reading a book in a library filled with floating books in the style of Kelly McKernan,21913,Kelly Mckernan
385,385,A girl reading a book in a library filled with floating books in the style of Kelly McKernan,22321,Kelly Mckernan
386,386,A girl reading a book in a library filled with floating books in the style of Kelly McKernan,47695,Kelly Mckernan
387,387,A girl reading a book in a library filled with floating books in the style of Kelly McKernan,18510,Kelly Mckernan
388,388,A girl reading a book in a library filled with floating books in the style of Kelly McKernan,78130,Kelly Mckernan
389,389,A girl reading a book in a library filled with floating books in the style of Kelly McKernan,6832,Kelly Mckernan
390,390,A girl reading a book in a library filled with floating books in the style of Kelly McKernan,28826,Kelly Mckernan
391,391,A girl reading a book in a library filled with floating books in the style of Kelly McKernan,95405,Kelly Mckernan
392,392,A girl reading a book in a library filled with floating books in the style of Kelly McKernan,97675,Kelly Mckernan
393,393,A girl reading a book in a library filled with floating books in the style of Kelly McKernan,12272,Kelly Mckernan
394,394,A girl reading a book in a library filled with floating books in the style of Kelly McKernan,86867,Kelly Mckernan
395,395,A girl reading a book in a library filled with floating books in the style of Kelly McKernan,50574,Kelly Mckernan
396,396,A girl reading a book in a library filled with floating books in the style of Kelly McKernan,81579,Kelly Mckernan
397,397,A girl reading a book in a library filled with floating books in the style of Kelly McKernan,27891,Kelly Mckernan
398,398,A girl reading a book in a library filled with floating books in the style of Kelly McKernan,47065,Kelly Mckernan
399,399,A girl reading a book in a library filled with floating books in the style of Kelly McKernan,95416,Kelly Mckernan
400,400,"A woman with a crown of thorns, surrounded by symbols of rebirth and growth in the style of Kelly McKernan",1450,Kelly Mckernan
401,401,"A woman with a crown of thorns, surrounded by symbols of rebirth and growth in the style of Kelly McKernan",47182,Kelly Mckernan
402,402,"A woman with a crown of thorns, surrounded by symbols of rebirth and growth in the style of Kelly McKernan",72595,Kelly Mckernan
403,403,"A woman with a crown of thorns, surrounded by symbols of rebirth and growth in the style of Kelly McKernan",63005,Kelly Mckernan
404,404,"A woman with a crown of thorns, surrounded by symbols of rebirth and growth in the style of Kelly McKernan",5372,Kelly Mckernan
405,405,"A woman with a crown of thorns, surrounded by symbols of rebirth and growth in the style of Kelly McKernan",2845,Kelly Mckernan
406,406,"A woman with a crown of thorns, surrounded by symbols of rebirth and growth in the style of Kelly McKernan",73356,Kelly Mckernan
407,407,"A woman with a crown of thorns, surrounded by symbols of rebirth and growth in the style of Kelly McKernan",97454,Kelly Mckernan
408,408,"A woman with a crown of thorns, surrounded by symbols of rebirth and growth in the style of Kelly McKernan",70138,Kelly Mckernan
409,409,"A woman with a crown of thorns, surrounded by symbols of rebirth and growth in the style of Kelly McKernan",3434,Kelly Mckernan
410,410,"A woman with a crown of thorns, surrounded by symbols of rebirth and growth in the style of Kelly McKernan",96783,Kelly Mckernan
411,411,"A woman with a crown of thorns, surrounded by symbols of rebirth and growth in the style of Kelly McKernan",39539,Kelly Mckernan
412,412,"A woman with a crown of thorns, surrounded by symbols of rebirth and growth in the style of Kelly McKernan",18796,Kelly Mckernan
413,413,"A woman with a crown of thorns, surrounded by symbols of rebirth and growth in the style of Kelly McKernan",15805,Kelly Mckernan
414,414,"A woman with a crown of thorns, surrounded by symbols of rebirth and growth in the style of Kelly McKernan",93356,Kelly Mckernan
415,415,"A woman with a crown of thorns, surrounded by symbols of rebirth and growth in the style of Kelly McKernan",877,Kelly Mckernan
416,416,"A woman with a crown of thorns, surrounded by symbols of rebirth and growth in the style of Kelly McKernan",16404,Kelly Mckernan
417,417,"A woman with a crown of thorns, surrounded by symbols of rebirth and growth in the style of Kelly McKernan",12647,Kelly Mckernan
418,418,"A woman with a crown of thorns, surrounded by symbols of rebirth and growth in the style of Kelly McKernan",37022,Kelly Mckernan
419,419,"A woman with a crown of thorns, surrounded by symbols of rebirth and growth in the style of Kelly McKernan",63874,Kelly Mckernan
420,420,"A woman with a crown of thorns, surrounded by symbols of rebirth and growth in the style of Kelly McKernan",32885,Kelly Mckernan
421,421,"A woman with a crown of thorns, surrounded by symbols of rebirth and growth in the style of Kelly McKernan",99666,Kelly Mckernan
422,422,"A woman with a crown of thorns, surrounded by symbols of rebirth and growth in the style of Kelly McKernan",60786,Kelly Mckernan
423,423,"A woman with a crown of thorns, surrounded by symbols of rebirth and growth in the style of Kelly McKernan",70088,Kelly Mckernan
424,424,"A woman with a crown of thorns, surrounded by symbols of rebirth and growth in the style of Kelly McKernan",3091,Kelly Mckernan
425,425,"A woman with a crown of thorns, surrounded by symbols of rebirth and growth in the style of Kelly McKernan",51759,Kelly Mckernan
426,426,"A woman with a crown of thorns, surrounded by symbols of rebirth and growth in the style of Kelly McKernan",87555,Kelly Mckernan
427,427,"A woman with a crown of thorns, surrounded by symbols of rebirth and growth in the style of Kelly McKernan",65242,Kelly Mckernan
428,428,"A woman with a crown of thorns, surrounded by symbols of rebirth and growth in the style of Kelly McKernan",54189,Kelly Mckernan
429,429,"A woman with a crown of thorns, surrounded by symbols of rebirth and growth in the style of Kelly McKernan",82503,Kelly Mckernan
430,430,"A woman with a crown of thorns, surrounded by symbols of rebirth and growth in the style of Kelly McKernan",62023,Kelly Mckernan
431,431,"A woman with a crown of thorns, surrounded by symbols of rebirth and growth in the style of Kelly McKernan",21001,Kelly Mckernan
432,432,"A woman with a crown of thorns, surrounded by symbols of rebirth and growth in the style of Kelly McKernan",55425,Kelly Mckernan
433,433,"A woman with a crown of thorns, surrounded by symbols of rebirth and growth in the style of Kelly McKernan",17086,Kelly Mckernan
434,434,"A woman with a crown of thorns, surrounded by symbols of rebirth and growth in the style of Kelly McKernan",15746,Kelly Mckernan
435,435,"A woman with a crown of thorns, surrounded by symbols of rebirth and growth in the style of Kelly McKernan",2502,Kelly Mckernan
436,436,"A woman with a crown of thorns, surrounded by symbols of rebirth and growth in the style of Kelly McKernan",37207,Kelly Mckernan
437,437,"A woman with a crown of thorns, surrounded by symbols of rebirth and growth in the style of Kelly McKernan",98362,Kelly Mckernan
438,438,"A woman with a crown of thorns, surrounded by symbols of rebirth and growth in the style of Kelly McKernan",42525,Kelly Mckernan
439,439,"A woman with a crown of thorns, surrounded by symbols of rebirth and growth in the style of Kelly McKernan",17919,Kelly Mckernan
440,440,"A woman with a crown of thorns, surrounded by symbols of rebirth and growth in the style of Kelly McKernan",60262,Kelly Mckernan
441,441,"A woman with a crown of thorns, surrounded by symbols of rebirth and growth in the style of Kelly McKernan",88613,Kelly Mckernan
442,442,"A woman with a crown of thorns, surrounded by symbols of rebirth and growth in the style of Kelly McKernan",68744,Kelly Mckernan
443,443,"A woman with a crown of thorns, surrounded by symbols of rebirth and growth in the style of Kelly McKernan",77092,Kelly Mckernan
444,444,"A woman with a crown of thorns, surrounded by symbols of rebirth and growth in the style of Kelly McKernan",62530,Kelly Mckernan
445,445,"A woman with a crown of thorns, surrounded by symbols of rebirth and growth in the style of Kelly McKernan",84570,Kelly Mckernan
446,446,"A woman with a crown of thorns, surrounded by symbols of rebirth and growth in the style of Kelly McKernan",41722,Kelly Mckernan
447,447,"A woman with a crown of thorns, surrounded by symbols of rebirth and growth in the style of Kelly McKernan",75924,Kelly Mckernan
448,448,"A woman with a crown of thorns, surrounded by symbols of rebirth and growth in the style of Kelly McKernan",81480,Kelly Mckernan
449,449,"A woman with a crown of thorns, surrounded by symbols of rebirth and growth in the style of Kelly McKernan",73977,Kelly Mckernan
450,450,"A woman holding a bouquet of flowers, with petals falling around her in the style of Kelly McKernan",4322,Kelly Mckernan
451,451,"A woman holding a bouquet of flowers, with petals falling around her in the style of Kelly McKernan",29699,Kelly Mckernan
452,452,"A woman holding a bouquet of flowers, with petals falling around her in the style of Kelly McKernan",18543,Kelly Mckernan
453,453,"A woman holding a bouquet of flowers, with petals falling around her in the style of Kelly McKernan",78684,Kelly Mckernan
454,454,"A woman holding a bouquet of flowers, with petals falling around her in the style of Kelly McKernan",58592,Kelly Mckernan
455,455,"A woman holding a bouquet of flowers, with petals falling around her in the style of Kelly McKernan",97128,Kelly Mckernan
456,456,"A woman holding a bouquet of flowers, with petals falling around her in the style of Kelly McKernan",2767,Kelly Mckernan
457,457,"A woman holding a bouquet of flowers, with petals falling around her in the style of Kelly McKernan",59144,Kelly Mckernan
458,458,"A woman holding a bouquet of flowers, with petals falling around her in the style of Kelly McKernan",94755,Kelly Mckernan
459,459,"A woman holding a bouquet of flowers, with petals falling around her in the style of Kelly McKernan",66485,Kelly Mckernan
460,460,"A woman holding a bouquet of flowers, with petals falling around her in the style of Kelly McKernan",30220,Kelly Mckernan
461,461,"A woman holding a bouquet of flowers, with petals falling around her in the style of Kelly McKernan",32402,Kelly Mckernan
462,462,"A woman holding a bouquet of flowers, with petals falling around her in the style of Kelly McKernan",83947,Kelly Mckernan
463,463,"A woman holding a bouquet of flowers, with petals falling around her in the style of Kelly McKernan",2612,Kelly Mckernan
464,464,"A woman holding a bouquet of flowers, with petals falling around her in the style of Kelly McKernan",25399,Kelly Mckernan
465,465,"A woman holding a bouquet of flowers, with petals falling around her in the style of Kelly McKernan",77244,Kelly Mckernan
466,466,"A woman holding a bouquet of flowers, with petals falling around her in the style of Kelly McKernan",95224,Kelly Mckernan
467,467,"A woman holding a bouquet of flowers, with petals falling around her in the style of Kelly McKernan",88218,Kelly Mckernan
468,468,"A woman holding a bouquet of flowers, with petals falling around her in the style of Kelly McKernan",2299,Kelly Mckernan
469,469,"A woman holding a bouquet of flowers, with petals falling around her in the style of Kelly McKernan",74521,Kelly Mckernan
470,470,"A woman holding a bouquet of flowers, with petals falling around her in the style of Kelly McKernan",42282,Kelly Mckernan
471,471,"A woman holding a bouquet of flowers, with petals falling around her in the style of Kelly McKernan",95889,Kelly Mckernan
472,472,"A woman holding a bouquet of flowers, with petals falling around her in the style of Kelly McKernan",52540,Kelly Mckernan
473,473,"A woman holding a bouquet of flowers, with petals falling around her in the style of Kelly McKernan",48465,Kelly Mckernan
474,474,"A woman holding a bouquet of flowers, with petals falling around her in the style of Kelly McKernan",34553,Kelly Mckernan
475,475,"A woman holding a bouquet of flowers, with petals falling around her in the style of Kelly McKernan",23626,Kelly Mckernan
476,476,"A woman holding a bouquet of flowers, with petals falling around her in the style of Kelly McKernan",48395,Kelly Mckernan
477,477,"A woman holding a bouquet of flowers, with petals falling around her in the style of Kelly McKernan",31827,Kelly Mckernan
478,478,"A woman holding a bouquet of flowers, with petals falling around her in the style of Kelly McKernan",30164,Kelly Mckernan
479,479,"A woman holding a bouquet of flowers, with petals falling around her in the style of Kelly McKernan",49194,Kelly Mckernan
480,480,"A woman holding a bouquet of flowers, with petals falling around her in the style of Kelly McKernan",48754,Kelly Mckernan
481,481,"A woman holding a bouquet of flowers, with petals falling around her in the style of Kelly McKernan",38528,Kelly Mckernan
482,482,"A woman holding a bouquet of flowers, with petals falling around her in the style of Kelly McKernan",3329,Kelly Mckernan
483,483,"A woman holding a bouquet of flowers, with petals falling around her in the style of Kelly McKernan",77880,Kelly Mckernan
484,484,"A woman holding a bouquet of flowers, with petals falling around her in the style of Kelly McKernan",79468,Kelly Mckernan
485,485,"A woman holding a bouquet of flowers, with petals falling around her in the style of Kelly McKernan",56313,Kelly Mckernan
486,486,"A woman holding a bouquet of flowers, with petals falling around her in the style of Kelly McKernan",94456,Kelly Mckernan
487,487,"A woman holding a bouquet of flowers, with petals falling around her in the style of Kelly McKernan",84253,Kelly Mckernan
488,488,"A woman holding a bouquet of flowers, with petals falling around her in the style of Kelly McKernan",74682,Kelly Mckernan
489,489,"A woman holding a bouquet of flowers, with petals falling around her in the style of Kelly McKernan",51775,Kelly Mckernan
490,490,"A woman holding a bouquet of flowers, with petals falling around her in the style of Kelly McKernan",18198,Kelly Mckernan
491,491,"A woman holding a bouquet of flowers, with petals falling around her in the style of Kelly McKernan",25700,Kelly Mckernan
492,492,"A woman holding a bouquet of flowers, with petals falling around her in the style of Kelly McKernan",80713,Kelly Mckernan
493,493,"A woman holding a bouquet of flowers, with petals falling around her in the style of Kelly McKernan",32941,Kelly Mckernan
494,494,"A woman holding a bouquet of flowers, with petals falling around her in the style of Kelly McKernan",12406,Kelly Mckernan
495,495,"A woman holding a bouquet of flowers, with petals falling around her in the style of Kelly McKernan",42900,Kelly Mckernan
496,496,"A woman holding a bouquet of flowers, with petals falling around her in the style of Kelly McKernan",75836,Kelly Mckernan
497,497,"A woman holding a bouquet of flowers, with petals falling around her in the style of Kelly McKernan",9757,Kelly Mckernan
498,498,"A woman holding a bouquet of flowers, with petals falling around her in the style of Kelly McKernan",66927,Kelly Mckernan
499,499,"A woman holding a bouquet of flowers, with petals falling around her in the style of Kelly McKernan",64362,Kelly Mckernan
500,500,A girl with a fox companion in the style of Kelly McKernan,179,Kelly Mckernan
501,501,A girl with a fox companion in the style of Kelly McKernan,69270,Kelly Mckernan
502,502,A girl with a fox companion in the style of Kelly McKernan,8879,Kelly Mckernan
503,503,A girl with a fox companion in the style of Kelly McKernan,58520,Kelly Mckernan
504,504,A girl with a fox companion in the style of Kelly McKernan,22435,Kelly Mckernan
505,505,A girl with a fox companion in the style of Kelly McKernan,86815,Kelly Mckernan
506,506,A girl with a fox companion in the style of Kelly McKernan,20813,Kelly Mckernan
507,507,A girl with a fox companion in the style of Kelly McKernan,78393,Kelly Mckernan
508,508,A girl with a fox companion in the style of Kelly McKernan,74237,Kelly Mckernan
509,509,A girl with a fox companion in the style of Kelly McKernan,13716,Kelly Mckernan
510,510,A girl with a fox companion in the style of Kelly McKernan,30065,Kelly Mckernan
511,511,A girl with a fox companion in the style of Kelly McKernan,4380,Kelly Mckernan
512,512,A girl with a fox companion in the style of Kelly McKernan,42121,Kelly Mckernan
513,513,A girl with a fox companion in the style of Kelly McKernan,10749,Kelly Mckernan
514,514,A girl with a fox companion in the style of Kelly McKernan,69343,Kelly Mckernan
515,515,A girl with a fox companion in the style of Kelly McKernan,84341,Kelly Mckernan
516,516,A girl with a fox companion in the style of Kelly McKernan,1021,Kelly Mckernan
517,517,A girl with a fox companion in the style of Kelly McKernan,67694,Kelly Mckernan
518,518,A girl with a fox companion in the style of Kelly McKernan,5724,Kelly Mckernan
519,519,A girl with a fox companion in the style of Kelly McKernan,54023,Kelly Mckernan
520,520,A girl with a fox companion in the style of Kelly McKernan,52063,Kelly Mckernan
521,521,A girl with a fox companion in the style of Kelly McKernan,10730,Kelly Mckernan
522,522,A girl with a fox companion in the style of Kelly McKernan,17746,Kelly Mckernan
523,523,A girl with a fox companion in the style of Kelly McKernan,90198,Kelly Mckernan
524,524,A girl with a fox companion in the style of Kelly McKernan,62112,Kelly Mckernan
525,525,A girl with a fox companion in the style of Kelly McKernan,6399,Kelly Mckernan
526,526,A girl with a fox companion in the style of Kelly McKernan,92731,Kelly Mckernan
527,527,A girl with a fox companion in the style of Kelly McKernan,45956,Kelly Mckernan
528,528,A girl with a fox companion in the style of Kelly McKernan,24321,Kelly Mckernan
529,529,A girl with a fox companion in the style of Kelly McKernan,27576,Kelly Mckernan
530,530,A girl with a fox companion in the style of Kelly McKernan,66266,Kelly Mckernan
531,531,A girl with a fox companion in the style of Kelly McKernan,15307,Kelly Mckernan
532,532,A girl with a fox companion in the style of Kelly McKernan,94812,Kelly Mckernan
533,533,A girl with a fox companion in the style of Kelly McKernan,77965,Kelly Mckernan
534,534,A girl with a fox companion in the style of Kelly McKernan,44470,Kelly Mckernan
535,535,A girl with a fox companion in the style of Kelly McKernan,49035,Kelly Mckernan
536,536,A girl with a fox companion in the style of Kelly McKernan,53757,Kelly Mckernan
537,537,A girl with a fox companion in the style of Kelly McKernan,72732,Kelly Mckernan
538,538,A girl with a fox companion in the style of Kelly McKernan,57966,Kelly Mckernan
539,539,A girl with a fox companion in the style of Kelly McKernan,46714,Kelly Mckernan
540,540,A girl with a fox companion in the style of Kelly McKernan,85994,Kelly Mckernan
541,541,A girl with a fox companion in the style of Kelly McKernan,68573,Kelly Mckernan
542,542,A girl with a fox companion in the style of Kelly McKernan,30724,Kelly Mckernan
543,543,A girl with a fox companion in the style of Kelly McKernan,93212,Kelly Mckernan
544,544,A girl with a fox companion in the style of Kelly McKernan,96068,Kelly Mckernan
545,545,A girl with a fox companion in the style of Kelly McKernan,26260,Kelly Mckernan
546,546,A girl with a fox companion in the style of Kelly McKernan,69063,Kelly Mckernan
547,547,A girl with a fox companion in the style of Kelly McKernan,73928,Kelly Mckernan
548,548,A girl with a fox companion in the style of Kelly McKernan,80271,Kelly Mckernan
549,549,A girl with a fox companion in the style of Kelly McKernan,62054,Kelly Mckernan
550,550,"A woman with long hair, surrounded by ravens in the style of Kelly McKernan",904,Kelly Mckernan
551,551,"A woman with long hair, surrounded by ravens in the style of Kelly McKernan",35455,Kelly Mckernan
552,552,"A woman with long hair, surrounded by ravens in the style of Kelly McKernan",70650,Kelly Mckernan
553,553,"A woman with long hair, surrounded by ravens in the style of Kelly McKernan",51562,Kelly Mckernan
554,554,"A woman with long hair, surrounded by ravens in the style of Kelly McKernan",46695,Kelly Mckernan
555,555,"A woman with long hair, surrounded by ravens in the style of Kelly McKernan",15840,Kelly Mckernan
556,556,"A woman with long hair, surrounded by ravens in the style of Kelly McKernan",28133,Kelly Mckernan
557,557,"A woman with long hair, surrounded by ravens in the style of Kelly McKernan",82430,Kelly Mckernan
558,558,"A woman with long hair, surrounded by ravens in the style of Kelly McKernan",4305,Kelly Mckernan
559,559,"A woman with long hair, surrounded by ravens in the style of Kelly McKernan",83908,Kelly Mckernan
560,560,"A woman with long hair, surrounded by ravens in the style of Kelly McKernan",25819,Kelly Mckernan
561,561,"A woman with long hair, surrounded by ravens in the style of Kelly McKernan",94308,Kelly Mckernan
562,562,"A woman with long hair, surrounded by ravens in the style of Kelly McKernan",69930,Kelly Mckernan
563,563,"A woman with long hair, surrounded by ravens in the style of Kelly McKernan",50777,Kelly Mckernan
564,564,"A woman with long hair, surrounded by ravens in the style of Kelly McKernan",54236,Kelly Mckernan
565,565,"A woman with long hair, surrounded by ravens in the style of Kelly McKernan",70727,Kelly Mckernan
566,566,"A woman with long hair, surrounded by ravens in the style of Kelly McKernan",32689,Kelly Mckernan
567,567,"A woman with long hair, surrounded by ravens in the style of Kelly McKernan",68202,Kelly Mckernan
568,568,"A woman with long hair, surrounded by ravens in the style of Kelly McKernan",98464,Kelly Mckernan
569,569,"A woman with long hair, surrounded by ravens in the style of Kelly McKernan",20170,Kelly Mckernan
570,570,"A woman with long hair, surrounded by ravens in the style of Kelly McKernan",85554,Kelly Mckernan
571,571,"A woman with long hair, surrounded by ravens in the style of Kelly McKernan",6968,Kelly Mckernan
572,572,"A woman with long hair, surrounded by ravens in the style of Kelly McKernan",84655,Kelly Mckernan
573,573,"A woman with long hair, surrounded by ravens in the style of Kelly McKernan",12512,Kelly Mckernan
574,574,"A woman with long hair, surrounded by ravens in the style of Kelly McKernan",5826,Kelly Mckernan
575,575,"A woman with long hair, surrounded by ravens in the style of Kelly McKernan",20814,Kelly Mckernan
576,576,"A woman with long hair, surrounded by ravens in the style of Kelly McKernan",86594,Kelly Mckernan
577,577,"A woman with long hair, surrounded by ravens in the style of Kelly McKernan",61390,Kelly Mckernan
578,578,"A woman with long hair, surrounded by ravens in the style of Kelly McKernan",40846,Kelly Mckernan
579,579,"A woman with long hair, surrounded by ravens in the style of Kelly McKernan",26082,Kelly Mckernan
580,580,"A woman with long hair, surrounded by ravens in the style of Kelly McKernan",71108,Kelly Mckernan
581,581,"A woman with long hair, surrounded by ravens in the style of Kelly McKernan",97095,Kelly Mckernan
582,582,"A woman with long hair, surrounded by ravens in the style of Kelly McKernan",23081,Kelly Mckernan
583,583,"A woman with long hair, surrounded by ravens in the style of Kelly McKernan",64864,Kelly Mckernan
584,584,"A woman with long hair, surrounded by ravens in the style of Kelly McKernan",54238,Kelly Mckernan
585,585,"A woman with long hair, surrounded by ravens in the style of Kelly McKernan",54172,Kelly Mckernan
586,586,"A woman with long hair, surrounded by ravens in the style of Kelly McKernan",3892,Kelly Mckernan
587,587,"A woman with long hair, surrounded by ravens in the style of Kelly McKernan",54695,Kelly Mckernan
588,588,"A woman with long hair, surrounded by ravens in the style of Kelly McKernan",74799,Kelly Mckernan
589,589,"A woman with long hair, surrounded by ravens in the style of Kelly McKernan",33866,Kelly Mckernan
590,590,"A woman with long hair, surrounded by ravens in the style of Kelly McKernan",73695,Kelly Mckernan
591,591,"A woman with long hair, surrounded by ravens in the style of Kelly McKernan",38130,Kelly Mckernan
592,592,"A woman with long hair, surrounded by ravens in the style of Kelly McKernan",36062,Kelly Mckernan
593,593,"A woman with long hair, surrounded by ravens in the style of Kelly McKernan",81599,Kelly Mckernan
594,594,"A woman with long hair, surrounded by ravens in the style of Kelly McKernan",33748,Kelly Mckernan
595,595,"A woman with long hair, surrounded by ravens in the style of Kelly McKernan",90145,Kelly Mckernan
596,596,"A woman with long hair, surrounded by ravens in the style of Kelly McKernan",21723,Kelly Mckernan
597,597,"A woman with long hair, surrounded by ravens in the style of Kelly McKernan",46169,Kelly Mckernan
598,598,"A woman with long hair, surrounded by ravens in the style of Kelly McKernan",21421,Kelly Mckernan
599,599,"A woman with long hair, surrounded by ravens in the style of Kelly McKernan",76868,Kelly Mckernan
600,600,A girl walking through a dark forest with a lantern in the style of Kelly McKernan,4580,Kelly Mckernan
601,601,A girl walking through a dark forest with a lantern in the style of Kelly McKernan,80603,Kelly Mckernan
602,602,A girl walking through a dark forest with a lantern in the style of Kelly McKernan,48972,Kelly Mckernan
603,603,A girl walking through a dark forest with a lantern in the style of Kelly McKernan,29048,Kelly Mckernan
604,604,A girl walking through a dark forest with a lantern in the style of Kelly McKernan,41359,Kelly Mckernan
605,605,A girl walking through a dark forest with a lantern in the style of Kelly McKernan,49410,Kelly Mckernan
606,606,A girl walking through a dark forest with a lantern in the style of Kelly McKernan,62609,Kelly Mckernan
607,607,A girl walking through a dark forest with a lantern in the style of Kelly McKernan,62357,Kelly Mckernan
608,608,A girl walking through a dark forest with a lantern in the style of Kelly McKernan,48811,Kelly Mckernan
609,609,A girl walking through a dark forest with a lantern in the style of Kelly McKernan,18366,Kelly Mckernan
610,610,A girl walking through a dark forest with a lantern in the style of Kelly McKernan,54888,Kelly Mckernan
611,611,A girl walking through a dark forest with a lantern in the style of Kelly McKernan,97531,Kelly Mckernan
612,612,A girl walking through a dark forest with a lantern in the style of Kelly McKernan,50743,Kelly Mckernan
613,613,A girl walking through a dark forest with a lantern in the style of Kelly McKernan,2639,Kelly Mckernan
614,614,A girl walking through a dark forest with a lantern in the style of Kelly McKernan,81267,Kelly Mckernan
615,615,A girl walking through a dark forest with a lantern in the style of Kelly McKernan,34505,Kelly Mckernan
616,616,A girl walking through a dark forest with a lantern in the style of Kelly McKernan,96883,Kelly Mckernan
617,617,A girl walking through a dark forest with a lantern in the style of Kelly McKernan,50408,Kelly Mckernan
618,618,A girl walking through a dark forest with a lantern in the style of Kelly McKernan,97468,Kelly Mckernan
619,619,A girl walking through a dark forest with a lantern in the style of Kelly McKernan,1131,Kelly Mckernan
620,620,A girl walking through a dark forest with a lantern in the style of Kelly McKernan,13,Kelly Mckernan
621,621,A girl walking through a dark forest with a lantern in the style of Kelly McKernan,34836,Kelly Mckernan
622,622,A girl walking through a dark forest with a lantern in the style of Kelly McKernan,5782,Kelly Mckernan
623,623,A girl walking through a dark forest with a lantern in the style of Kelly McKernan,81841,Kelly Mckernan
624,624,A girl walking through a dark forest with a lantern in the style of Kelly McKernan,63703,Kelly Mckernan
625,625,A girl walking through a dark forest with a lantern in the style of Kelly McKernan,95816,Kelly Mckernan
626,626,A girl walking through a dark forest with a lantern in the style of Kelly McKernan,84988,Kelly Mckernan
627,627,A girl walking through a dark forest with a lantern in the style of Kelly McKernan,26522,Kelly Mckernan
628,628,A girl walking through a dark forest with a lantern in the style of Kelly McKernan,20268,Kelly Mckernan
629,629,A girl walking through a dark forest with a lantern in the style of Kelly McKernan,3497,Kelly Mckernan
630,630,A girl walking through a dark forest with a lantern in the style of Kelly McKernan,32111,Kelly Mckernan
631,631,A girl walking through a dark forest with a lantern in the style of Kelly McKernan,9003,Kelly Mckernan
632,632,A girl walking through a dark forest with a lantern in the style of Kelly McKernan,96959,Kelly Mckernan
633,633,A girl walking through a dark forest with a lantern in the style of Kelly McKernan,3565,Kelly Mckernan
634,634,A girl walking through a dark forest with a lantern in the style of Kelly McKernan,18603,Kelly Mckernan
635,635,A girl walking through a dark forest with a lantern in the style of Kelly McKernan,93029,Kelly Mckernan
636,636,A girl walking through a dark forest with a lantern in the style of Kelly McKernan,77000,Kelly Mckernan
637,637,A girl walking through a dark forest with a lantern in the style of Kelly McKernan,77214,Kelly Mckernan
638,638,A girl walking through a dark forest with a lantern in the style of Kelly McKernan,56777,Kelly Mckernan
639,639,A girl walking through a dark forest with a lantern in the style of Kelly McKernan,77455,Kelly Mckernan
640,640,A girl walking through a dark forest with a lantern in the style of Kelly McKernan,86972,Kelly Mckernan
641,641,A girl walking through a dark forest with a lantern in the style of Kelly McKernan,12974,Kelly Mckernan
642,642,A girl walking through a dark forest with a lantern in the style of Kelly McKernan,6617,Kelly Mckernan
643,643,A girl walking through a dark forest with a lantern in the style of Kelly McKernan,53745,Kelly Mckernan
644,644,A girl walking through a dark forest with a lantern in the style of Kelly McKernan,84683,Kelly Mckernan
645,645,A girl walking through a dark forest with a lantern in the style of Kelly McKernan,48234,Kelly Mckernan
646,646,A girl walking through a dark forest with a lantern in the style of Kelly McKernan,6830,Kelly Mckernan
647,647,A girl walking through a dark forest with a lantern in the style of Kelly McKernan,39620,Kelly Mckernan
648,648,A girl walking through a dark forest with a lantern in the style of Kelly McKernan,52310,Kelly Mckernan
649,649,A girl walking through a dark forest with a lantern in the style of Kelly McKernan,35111,Kelly Mckernan
650,650,A woman with a moon and stars in her hair in the style of Kelly McKernan,3672,Kelly Mckernan
651,651,A woman with a moon and stars in her hair in the style of Kelly McKernan,73837,Kelly Mckernan
652,652,A woman with a moon and stars in her hair in the style of Kelly McKernan,2063,Kelly Mckernan
653,653,A woman with a moon and stars in her hair in the style of Kelly McKernan,21491,Kelly Mckernan
654,654,A woman with a moon and stars in her hair in the style of Kelly McKernan,24857,Kelly Mckernan
655,655,A woman with a moon and stars in her hair in the style of Kelly McKernan,41992,Kelly Mckernan
656,656,A woman with a moon and stars in her hair in the style of Kelly McKernan,70542,Kelly Mckernan
657,657,A woman with a moon and stars in her hair in the style of Kelly McKernan,23829,Kelly Mckernan
658,658,A woman with a moon and stars in her hair in the style of Kelly McKernan,43261,Kelly Mckernan
659,659,A woman with a moon and stars in her hair in the style of Kelly McKernan,18953,Kelly Mckernan
660,660,A woman with a moon and stars in her hair in the style of Kelly McKernan,26038,Kelly Mckernan
661,661,A woman with a moon and stars in her hair in the style of Kelly McKernan,84537,Kelly Mckernan
662,662,A woman with a moon and stars in her hair in the style of Kelly McKernan,42242,Kelly Mckernan
663,663,A woman with a moon and stars in her hair in the style of Kelly McKernan,29295,Kelly Mckernan
664,664,A woman with a moon and stars in her hair in the style of Kelly McKernan,75016,Kelly Mckernan
665,665,A woman with a moon and stars in her hair in the style of Kelly McKernan,64649,Kelly Mckernan
666,666,A woman with a moon and stars in her hair in the style of Kelly McKernan,51670,Kelly Mckernan
667,667,A woman with a moon and stars in her hair in the style of Kelly McKernan,59620,Kelly Mckernan
668,668,A woman with a moon and stars in her hair in the style of Kelly McKernan,91638,Kelly Mckernan
669,669,A woman with a moon and stars in her hair in the style of Kelly McKernan,52133,Kelly Mckernan
670,670,A woman with a moon and stars in her hair in the style of Kelly McKernan,75926,Kelly Mckernan
671,671,A woman with a moon and stars in her hair in the style of Kelly McKernan,68661,Kelly Mckernan
672,672,A woman with a moon and stars in her hair in the style of Kelly McKernan,57084,Kelly Mckernan
673,673,A woman with a moon and stars in her hair in the style of Kelly McKernan,72722,Kelly Mckernan
674,674,A woman with a moon and stars in her hair in the style of Kelly McKernan,96497,Kelly Mckernan
675,675,A woman with a moon and stars in her hair in the style of Kelly McKernan,12948,Kelly Mckernan
676,676,A woman with a moon and stars in her hair in the style of Kelly McKernan,38143,Kelly Mckernan
677,677,A woman with a moon and stars in her hair in the style of Kelly McKernan,88787,Kelly Mckernan
678,678,A woman with a moon and stars in her hair in the style of Kelly McKernan,68423,Kelly Mckernan
679,679,A woman with a moon and stars in her hair in the style of Kelly McKernan,92938,Kelly Mckernan
680,680,A woman with a moon and stars in her hair in the style of Kelly McKernan,71397,Kelly Mckernan
681,681,A woman with a moon and stars in her hair in the style of Kelly McKernan,99369,Kelly Mckernan
682,682,A woman with a moon and stars in her hair in the style of Kelly McKernan,94338,Kelly Mckernan
683,683,A woman with a moon and stars in her hair in the style of Kelly McKernan,40633,Kelly Mckernan
684,684,A woman with a moon and stars in her hair in the style of Kelly McKernan,65075,Kelly Mckernan
685,685,A woman with a moon and stars in her hair in the style of Kelly McKernan,26927,Kelly Mckernan
686,686,A woman with a moon and stars in her hair in the style of Kelly McKernan,85824,Kelly Mckernan
687,687,A woman with a moon and stars in her hair in the style of Kelly McKernan,33570,Kelly Mckernan
688,688,A woman with a moon and stars in her hair in the style of Kelly McKernan,93804,Kelly Mckernan
689,689,A woman with a moon and stars in her hair in the style of Kelly McKernan,37175,Kelly Mckernan
690,690,A woman with a moon and stars in her hair in the style of Kelly McKernan,78755,Kelly Mckernan
691,691,A woman with a moon and stars in her hair in the style of Kelly McKernan,80668,Kelly Mckernan
692,692,A woman with a moon and stars in her hair in the style of Kelly McKernan,8105,Kelly Mckernan
693,693,A woman with a moon and stars in her hair in the style of Kelly McKernan,96397,Kelly Mckernan
694,694,A woman with a moon and stars in her hair in the style of Kelly McKernan,18070,Kelly Mckernan
695,695,A woman with a moon and stars in her hair in the style of Kelly McKernan,7759,Kelly Mckernan
696,696,A woman with a moon and stars in her hair in the style of Kelly McKernan,50809,Kelly Mckernan
697,697,A woman with a moon and stars in her hair in the style of Kelly McKernan,38581,Kelly Mckernan
698,698,A woman with a moon and stars in her hair in the style of Kelly McKernan,66844,Kelly Mckernan
699,699,A woman with a moon and stars in her hair in the style of Kelly McKernan,27103,Kelly Mckernan
700,700,"A girl with a sword, standing on a cliff overlooking the ocean in the style of Kelly McKernan",1047,Kelly Mckernan
701,701,"A girl with a sword, standing on a cliff overlooking the ocean in the style of Kelly McKernan",87797,Kelly Mckernan
702,702,"A girl with a sword, standing on a cliff overlooking the ocean in the style of Kelly McKernan",94500,Kelly Mckernan
703,703,"A girl with a sword, standing on a cliff overlooking the ocean in the style of Kelly McKernan",26882,Kelly Mckernan
704,704,"A girl with a sword, standing on a cliff overlooking the ocean in the style of Kelly McKernan",23610,Kelly Mckernan
705,705,"A girl with a sword, standing on a cliff overlooking the ocean in the style of Kelly McKernan",57829,Kelly Mckernan
706,706,"A girl with a sword, standing on a cliff overlooking the ocean in the style of Kelly McKernan",36804,Kelly Mckernan
707,707,"A girl with a sword, standing on a cliff overlooking the ocean in the style of Kelly McKernan",13478,Kelly Mckernan
708,708,"A girl with a sword, standing on a cliff overlooking the ocean in the style of Kelly McKernan",78971,Kelly Mckernan
709,709,"A girl with a sword, standing on a cliff overlooking the ocean in the style of Kelly McKernan",71254,Kelly Mckernan
710,710,"A girl with a sword, standing on a cliff overlooking the ocean in the style of Kelly McKernan",41038,Kelly Mckernan
711,711,"A girl with a sword, standing on a cliff overlooking the ocean in the style of Kelly McKernan",19346,Kelly Mckernan
712,712,"A girl with a sword, standing on a cliff overlooking the ocean in the style of Kelly McKernan",79551,Kelly Mckernan
713,713,"A girl with a sword, standing on a cliff overlooking the ocean in the style of Kelly McKernan",29381,Kelly Mckernan
714,714,"A girl with a sword, standing on a cliff overlooking the ocean in the style of Kelly McKernan",51441,Kelly Mckernan
715,715,"A girl with a sword, standing on a cliff overlooking the ocean in the style of Kelly McKernan",85399,Kelly Mckernan
716,716,"A girl with a sword, standing on a cliff overlooking the ocean in the style of Kelly McKernan",98399,Kelly Mckernan
717,717,"A girl with a sword, standing on a cliff overlooking the ocean in the style of Kelly McKernan",80704,Kelly Mckernan
718,718,"A girl with a sword, standing on a cliff overlooking the ocean in the style of Kelly McKernan",12538,Kelly Mckernan
719,719,"A girl with a sword, standing on a cliff overlooking the ocean in the style of Kelly McKernan",88058,Kelly Mckernan
720,720,"A girl with a sword, standing on a cliff overlooking the ocean in the style of Kelly McKernan",19523,Kelly Mckernan
721,721,"A girl with a sword, standing on a cliff overlooking the ocean in the style of Kelly McKernan",90135,Kelly Mckernan
722,722,"A girl with a sword, standing on a cliff overlooking the ocean in the style of Kelly McKernan",45177,Kelly Mckernan
723,723,"A girl with a sword, standing on a cliff overlooking the ocean in the style of Kelly McKernan",57215,Kelly Mckernan
724,724,"A girl with a sword, standing on a cliff overlooking the ocean in the style of Kelly McKernan",67765,Kelly Mckernan
725,725,"A girl with a sword, standing on a cliff overlooking the ocean in the style of Kelly McKernan",7589,Kelly Mckernan
726,726,"A girl with a sword, standing on a cliff overlooking the ocean in the style of Kelly McKernan",50814,Kelly Mckernan
727,727,"A girl with a sword, standing on a cliff overlooking the ocean in the style of Kelly McKernan",19288,Kelly Mckernan
728,728,"A girl with a sword, standing on a cliff overlooking the ocean in the style of Kelly McKernan",28016,Kelly Mckernan
729,729,"A girl with a sword, standing on a cliff overlooking the ocean in the style of Kelly McKernan",6599,Kelly Mckernan
730,730,"A girl with a sword, standing on a cliff overlooking the ocean in the style of Kelly McKernan",54057,Kelly Mckernan
731,731,"A girl with a sword, standing on a cliff overlooking the ocean in the style of Kelly McKernan",11756,Kelly Mckernan
732,732,"A girl with a sword, standing on a cliff overlooking the ocean in the style of Kelly McKernan",2741,Kelly Mckernan
733,733,"A girl with a sword, standing on a cliff overlooking the ocean in the style of Kelly McKernan",3201,Kelly Mckernan
734,734,"A girl with a sword, standing on a cliff overlooking the ocean in the style of Kelly McKernan",93051,Kelly Mckernan
735,735,"A girl with a sword, standing on a cliff overlooking the ocean in the style of Kelly McKernan",92312,Kelly Mckernan
736,736,"A girl with a sword, standing on a cliff overlooking the ocean in the style of Kelly McKernan",59480,Kelly Mckernan
737,737,"A girl with a sword, standing on a cliff overlooking the ocean in the style of Kelly McKernan",70253,Kelly Mckernan
738,738,"A girl with a sword, standing on a cliff overlooking the ocean in the style of Kelly McKernan",29709,Kelly Mckernan
739,739,"A girl with a sword, standing on a cliff overlooking the ocean in the style of Kelly McKernan",11029,Kelly Mckernan
740,740,"A girl with a sword, standing on a cliff overlooking the ocean in the style of Kelly McKernan",98520,Kelly Mckernan
741,741,"A girl with a sword, standing on a cliff overlooking the ocean in the style of Kelly McKernan",18084,Kelly Mckernan
742,742,"A girl with a sword, standing on a cliff overlooking the ocean in the style of Kelly McKernan",74446,Kelly Mckernan
743,743,"A girl with a sword, standing on a cliff overlooking the ocean in the style of Kelly McKernan",93298,Kelly Mckernan
744,744,"A girl with a sword, standing on a cliff overlooking the ocean in the style of Kelly McKernan",4710,Kelly Mckernan
745,745,"A girl with a sword, standing on a cliff overlooking the ocean in the style of Kelly McKernan",11799,Kelly Mckernan
746,746,"A girl with a sword, standing on a cliff overlooking the ocean in the style of Kelly McKernan",62444,Kelly Mckernan
747,747,"A girl with a sword, standing on a cliff overlooking the ocean in the style of Kelly McKernan",10129,Kelly Mckernan
748,748,"A girl with a sword, standing on a cliff overlooking the ocean in the style of Kelly McKernan",61115,Kelly Mckernan
749,749,"A girl with a sword, standing on a cliff overlooking the ocean in the style of Kelly McKernan",20300,Kelly Mckernan
750,750,A woman with a deer antlers and flowers in her hair in the style of Kelly McKernan,2705,Kelly Mckernan
751,751,A woman with a deer antlers and flowers in her hair in the style of Kelly McKernan,2683,Kelly Mckernan
752,752,A woman with a deer antlers and flowers in her hair in the style of Kelly McKernan,94098,Kelly Mckernan
753,753,A woman with a deer antlers and flowers in her hair in the style of Kelly McKernan,91321,Kelly Mckernan
754,754,A woman with a deer antlers and flowers in her hair in the style of Kelly McKernan,87695,Kelly Mckernan
755,755,A woman with a deer antlers and flowers in her hair in the style of Kelly McKernan,99227,Kelly Mckernan
756,756,A woman with a deer antlers and flowers in her hair in the style of Kelly McKernan,6564,Kelly Mckernan
757,757,A woman with a deer antlers and flowers in her hair in the style of Kelly McKernan,51236,Kelly Mckernan
758,758,A woman with a deer antlers and flowers in her hair in the style of Kelly McKernan,3034,Kelly Mckernan
759,759,A woman with a deer antlers and flowers in her hair in the style of Kelly McKernan,60621,Kelly Mckernan
760,760,A woman with a deer antlers and flowers in her hair in the style of Kelly McKernan,19882,Kelly Mckernan
761,761,A woman with a deer antlers and flowers in her hair in the style of Kelly McKernan,70113,Kelly Mckernan
762,762,A woman with a deer antlers and flowers in her hair in the style of Kelly McKernan,85352,Kelly Mckernan
763,763,A woman with a deer antlers and flowers in her hair in the style of Kelly McKernan,78153,Kelly Mckernan
764,764,A woman with a deer antlers and flowers in her hair in the style of Kelly McKernan,96396,Kelly Mckernan
765,765,A woman with a deer antlers and flowers in her hair in the style of Kelly McKernan,9733,Kelly Mckernan
766,766,A woman with a deer antlers and flowers in her hair in the style of Kelly McKernan,14678,Kelly Mckernan
767,767,A woman with a deer antlers and flowers in her hair in the style of Kelly McKernan,6596,Kelly Mckernan
768,768,A woman with a deer antlers and flowers in her hair in the style of Kelly McKernan,26280,Kelly Mckernan
769,769,A woman with a deer antlers and flowers in her hair in the style of Kelly McKernan,54093,Kelly Mckernan
770,770,A woman with a deer antlers and flowers in her hair in the style of Kelly McKernan,76456,Kelly Mckernan
771,771,A woman with a deer antlers and flowers in her hair in the style of Kelly McKernan,26218,Kelly Mckernan
772,772,A woman with a deer antlers and flowers in her hair in the style of Kelly McKernan,70492,Kelly Mckernan
773,773,A woman with a deer antlers and flowers in her hair in the style of Kelly McKernan,62207,Kelly Mckernan
774,774,A woman with a deer antlers and flowers in her hair in the style of Kelly McKernan,6806,Kelly Mckernan
775,775,A woman with a deer antlers and flowers in her hair in the style of Kelly McKernan,67880,Kelly Mckernan
776,776,A woman with a deer antlers and flowers in her hair in the style of Kelly McKernan,80865,Kelly Mckernan
777,777,A woman with a deer antlers and flowers in her hair in the style of Kelly McKernan,40472,Kelly Mckernan
778,778,A woman with a deer antlers and flowers in her hair in the style of Kelly McKernan,47379,Kelly Mckernan
779,779,A woman with a deer antlers and flowers in her hair in the style of Kelly McKernan,3949,Kelly Mckernan
780,780,A woman with a deer antlers and flowers in her hair in the style of Kelly McKernan,29751,Kelly Mckernan
781,781,A woman with a deer antlers and flowers in her hair in the style of Kelly McKernan,20990,Kelly Mckernan
782,782,A woman with a deer antlers and flowers in her hair in the style of Kelly McKernan,42650,Kelly Mckernan
783,783,A woman with a deer antlers and flowers in her hair in the style of Kelly McKernan,76483,Kelly Mckernan
784,784,A woman with a deer antlers and flowers in her hair in the style of Kelly McKernan,87457,Kelly Mckernan
785,785,A woman with a deer antlers and flowers in her hair in the style of Kelly McKernan,93723,Kelly Mckernan
786,786,A woman with a deer antlers and flowers in her hair in the style of Kelly McKernan,60070,Kelly Mckernan
787,787,A woman with a deer antlers and flowers in her hair in the style of Kelly McKernan,17788,Kelly Mckernan
788,788,A woman with a deer antlers and flowers in her hair in the style of Kelly McKernan,55905,Kelly Mckernan
789,789,A woman with a deer antlers and flowers in her hair in the style of Kelly McKernan,55150,Kelly Mckernan
790,790,A woman with a deer antlers and flowers in her hair in the style of Kelly McKernan,52722,Kelly Mckernan
791,791,A woman with a deer antlers and flowers in her hair in the style of Kelly McKernan,67803,Kelly Mckernan
792,792,A woman with a deer antlers and flowers in her hair in the style of Kelly McKernan,65665,Kelly Mckernan
793,793,A woman with a deer antlers and flowers in her hair in the style of Kelly McKernan,41212,Kelly Mckernan
794,794,A woman with a deer antlers and flowers in her hair in the style of Kelly McKernan,15291,Kelly Mckernan
795,795,A woman with a deer antlers and flowers in her hair in the style of Kelly McKernan,69028,Kelly Mckernan
796,796,A woman with a deer antlers and flowers in her hair in the style of Kelly McKernan,13740,Kelly Mckernan
797,797,A woman with a deer antlers and flowers in her hair in the style of Kelly McKernan,37040,Kelly Mckernan
798,798,A woman with a deer antlers and flowers in her hair in the style of Kelly McKernan,43659,Kelly Mckernan
799,799,A woman with a deer antlers and flowers in her hair in the style of Kelly McKernan,86420,Kelly Mckernan
800,800,"A girl with a black cat, standing in front of a full moon in the style of Kelly McKernan",3317,Kelly Mckernan
801,801,"A girl with a black cat, standing in front of a full moon in the style of Kelly McKernan",38533,Kelly Mckernan
802,802,"A girl with a black cat, standing in front of a full moon in the style of Kelly McKernan",19377,Kelly Mckernan
803,803,"A girl with a black cat, standing in front of a full moon in the style of Kelly McKernan",35546,Kelly Mckernan
804,804,"A girl with a black cat, standing in front of a full moon in the style of Kelly McKernan",86190,Kelly Mckernan
805,805,"A girl with a black cat, standing in front of a full moon in the style of Kelly McKernan",2299,Kelly Mckernan
806,806,"A girl with a black cat, standing in front of a full moon in the style of Kelly McKernan",11172,Kelly Mckernan
807,807,"A girl with a black cat, standing in front of a full moon in the style of Kelly McKernan",33632,Kelly Mckernan
808,808,"A girl with a black cat, standing in front of a full moon in the style of Kelly McKernan",1600,Kelly Mckernan
809,809,"A girl with a black cat, standing in front of a full moon in the style of Kelly McKernan",87785,Kelly Mckernan
810,810,"A girl with a black cat, standing in front of a full moon in the style of Kelly McKernan",9205,Kelly Mckernan
811,811,"A girl with a black cat, standing in front of a full moon in the style of Kelly McKernan",51765,Kelly Mckernan
812,812,"A girl with a black cat, standing in front of a full moon in the style of Kelly McKernan",38162,Kelly Mckernan
813,813,"A girl with a black cat, standing in front of a full moon in the style of Kelly McKernan",25379,Kelly Mckernan
814,814,"A girl with a black cat, standing in front of a full moon in the style of Kelly McKernan",90821,Kelly Mckernan
815,815,"A girl with a black cat, standing in front of a full moon in the style of Kelly McKernan",78809,Kelly Mckernan
816,816,"A girl with a black cat, standing in front of a full moon in the style of Kelly McKernan",25400,Kelly Mckernan
817,817,"A girl with a black cat, standing in front of a full moon in the style of Kelly McKernan",85641,Kelly Mckernan
818,818,"A girl with a black cat, standing in front of a full moon in the style of Kelly McKernan",64457,Kelly Mckernan
819,819,"A girl with a black cat, standing in front of a full moon in the style of Kelly McKernan",38103,Kelly Mckernan
820,820,"A girl with a black cat, standing in front of a full moon in the style of Kelly McKernan",63419,Kelly Mckernan
821,821,"A girl with a black cat, standing in front of a full moon in the style of Kelly McKernan",37679,Kelly Mckernan
822,822,"A girl with a black cat, standing in front of a full moon in the style of Kelly McKernan",87150,Kelly Mckernan
823,823,"A girl with a black cat, standing in front of a full moon in the style of Kelly McKernan",62832,Kelly Mckernan
824,824,"A girl with a black cat, standing in front of a full moon in the style of Kelly McKernan",58615,Kelly Mckernan
825,825,"A girl with a black cat, standing in front of a full moon in the style of Kelly McKernan",15303,Kelly Mckernan
826,826,"A girl with a black cat, standing in front of a full moon in the style of Kelly McKernan",38792,Kelly Mckernan
827,827,"A girl with a black cat, standing in front of a full moon in the style of Kelly McKernan",96057,Kelly Mckernan
828,828,"A girl with a black cat, standing in front of a full moon in the style of Kelly McKernan",10556,Kelly Mckernan
829,829,"A girl with a black cat, standing in front of a full moon in the style of Kelly McKernan",15322,Kelly Mckernan
830,830,"A girl with a black cat, standing in front of a full moon in the style of Kelly McKernan",39945,Kelly Mckernan
831,831,"A girl with a black cat, standing in front of a full moon in the style of Kelly McKernan",6209,Kelly Mckernan
832,832,"A girl with a black cat, standing in front of a full moon in the style of Kelly McKernan",25483,Kelly Mckernan
833,833,"A girl with a black cat, standing in front of a full moon in the style of Kelly McKernan",8008,Kelly Mckernan
834,834,"A girl with a black cat, standing in front of a full moon in the style of Kelly McKernan",43017,Kelly Mckernan
835,835,"A girl with a black cat, standing in front of a full moon in the style of Kelly McKernan",49229,Kelly Mckernan
836,836,"A girl with a black cat, standing in front of a full moon in the style of Kelly McKernan",3193,Kelly Mckernan
837,837,"A girl with a black cat, standing in front of a full moon in the style of Kelly McKernan",4944,Kelly Mckernan
838,838,"A girl with a black cat, standing in front of a full moon in the style of Kelly McKernan",93109,Kelly Mckernan
839,839,"A girl with a black cat, standing in front of a full moon in the style of Kelly McKernan",23170,Kelly Mckernan
840,840,"A girl with a black cat, standing in front of a full moon in the style of Kelly McKernan",36691,Kelly Mckernan
841,841,"A girl with a black cat, standing in front of a full moon in the style of Kelly McKernan",97795,Kelly Mckernan
842,842,"A girl with a black cat, standing in front of a full moon in the style of Kelly McKernan",3011,Kelly Mckernan
843,843,"A girl with a black cat, standing in front of a full moon in the style of Kelly McKernan",58677,Kelly Mckernan
844,844,"A girl with a black cat, standing in front of a full moon in the style of Kelly McKernan",15307,Kelly Mckernan
845,845,"A girl with a black cat, standing in front of a full moon in the style of Kelly McKernan",94913,Kelly Mckernan
846,846,"A girl with a black cat, standing in front of a full moon in the style of Kelly McKernan",97905,Kelly Mckernan
847,847,"A girl with a black cat, standing in front of a full moon in the style of Kelly McKernan",95399,Kelly Mckernan
848,848,"A girl with a black cat, standing in front of a full moon in the style of Kelly McKernan",45567,Kelly Mckernan
849,849,"A girl with a black cat, standing in front of a full moon in the style of Kelly McKernan",10201,Kelly Mckernan
850,850,A woman with a key and a bird in the style of Kelly McKernan,2886,Kelly Mckernan
851,851,A woman with a key and a bird in the style of Kelly McKernan,63748,Kelly Mckernan
852,852,A woman with a key and a bird in the style of Kelly McKernan,60137,Kelly Mckernan
853,853,A woman with a key and a bird in the style of Kelly McKernan,81182,Kelly Mckernan
854,854,A woman with a key and a bird in the style of Kelly McKernan,81378,Kelly Mckernan
855,855,A woman with a key and a bird in the style of Kelly McKernan,86534,Kelly Mckernan
856,856,A woman with a key and a bird in the style of Kelly McKernan,2167,Kelly Mckernan
857,857,A woman with a key and a bird in the style of Kelly McKernan,66133,Kelly Mckernan
858,858,A woman with a key and a bird in the style of Kelly McKernan,46179,Kelly Mckernan
859,859,A woman with a key and a bird in the style of Kelly McKernan,54958,Kelly Mckernan
860,860,A woman with a key and a bird in the style of Kelly McKernan,63180,Kelly Mckernan
861,861,A woman with a key and a bird in the style of Kelly McKernan,58371,Kelly Mckernan
862,862,A woman with a key and a bird in the style of Kelly McKernan,39629,Kelly Mckernan
863,863,A woman with a key and a bird in the style of Kelly McKernan,56878,Kelly Mckernan
864,864,A woman with a key and a bird in the style of Kelly McKernan,37858,Kelly Mckernan
865,865,A woman with a key and a bird in the style of Kelly McKernan,38435,Kelly Mckernan
866,866,A woman with a key and a bird in the style of Kelly McKernan,98415,Kelly Mckernan
867,867,A woman with a key and a bird in the style of Kelly McKernan,77086,Kelly Mckernan
868,868,A woman with a key and a bird in the style of Kelly McKernan,41122,Kelly Mckernan
869,869,A woman with a key and a bird in the style of Kelly McKernan,41938,Kelly Mckernan
870,870,A woman with a key and a bird in the style of Kelly McKernan,26831,Kelly Mckernan
871,871,A woman with a key and a bird in the style of Kelly McKernan,8487,Kelly Mckernan
872,872,A woman with a key and a bird in the style of Kelly McKernan,62463,Kelly Mckernan
873,873,A woman with a key and a bird in the style of Kelly McKernan,13029,Kelly Mckernan
874,874,A woman with a key and a bird in the style of Kelly McKernan,25501,Kelly Mckernan
875,875,A woman with a key and a bird in the style of Kelly McKernan,6485,Kelly Mckernan
876,876,A woman with a key and a bird in the style of Kelly McKernan,63448,Kelly Mckernan
877,877,A woman with a key and a bird in the style of Kelly McKernan,57272,Kelly Mckernan
878,878,A woman with a key and a bird in the style of Kelly McKernan,23976,Kelly Mckernan
879,879,A woman with a key and a bird in the style of Kelly McKernan,50969,Kelly Mckernan
880,880,A woman with a key and a bird in the style of Kelly McKernan,59964,Kelly Mckernan
881,881,A woman with a key and a bird in the style of Kelly McKernan,93718,Kelly Mckernan
882,882,A woman with a key and a bird in the style of Kelly McKernan,60139,Kelly Mckernan
883,883,A woman with a key and a bird in the style of Kelly McKernan,97187,Kelly Mckernan
884,884,A woman with a key and a bird in the style of Kelly McKernan,55307,Kelly Mckernan
885,885,A woman with a key and a bird in the style of Kelly McKernan,66292,Kelly Mckernan
886,886,A woman with a key and a bird in the style of Kelly McKernan,13217,Kelly Mckernan
887,887,A woman with a key and a bird in the style of Kelly McKernan,2189,Kelly Mckernan
888,888,A woman with a key and a bird in the style of Kelly McKernan,65156,Kelly Mckernan
889,889,A woman with a key and a bird in the style of Kelly McKernan,51208,Kelly Mckernan
890,890,A woman with a key and a bird in the style of Kelly McKernan,35381,Kelly Mckernan
891,891,A woman with a key and a bird in the style of Kelly McKernan,69252,Kelly Mckernan
892,892,A woman with a key and a bird in the style of Kelly McKernan,58727,Kelly Mckernan
893,893,A woman with a key and a bird in the style of Kelly McKernan,97065,Kelly Mckernan
894,894,A woman with a key and a bird in the style of Kelly McKernan,25532,Kelly Mckernan
895,895,A woman with a key and a bird in the style of Kelly McKernan,5466,Kelly Mckernan
896,896,A woman with a key and a bird in the style of Kelly McKernan,41428,Kelly Mckernan
897,897,A woman with a key and a bird in the style of Kelly McKernan,29285,Kelly Mckernan
898,898,A woman with a key and a bird in the style of Kelly McKernan,49410,Kelly Mckernan
899,899,A woman with a key and a bird in the style of Kelly McKernan,73475,Kelly Mckernan
900,900,"A girl with a red hood, walking through the woods in the style of Kelly McKernan",2737,Kelly Mckernan
901,901,"A girl with a red hood, walking through the woods in the style of Kelly McKernan",75163,Kelly Mckernan
902,902,"A girl with a red hood, walking through the woods in the style of Kelly McKernan",83445,Kelly Mckernan
903,903,"A girl with a red hood, walking through the woods in the style of Kelly McKernan",3660,Kelly Mckernan
904,904,"A girl with a red hood, walking through the woods in the style of Kelly McKernan",29425,Kelly Mckernan
905,905,"A girl with a red hood, walking through the woods in the style of Kelly McKernan",53899,Kelly Mckernan
906,906,"A girl with a red hood, walking through the woods in the style of Kelly McKernan",30580,Kelly Mckernan
907,907,"A girl with a red hood, walking through the woods in the style of Kelly McKernan",75478,Kelly Mckernan
908,908,"A girl with a red hood, walking through the woods in the style of Kelly McKernan",59178,Kelly Mckernan
909,909,"A girl with a red hood, walking through the woods in the style of Kelly McKernan",75129,Kelly Mckernan
910,910,"A girl with a red hood, walking through the woods in the style of Kelly McKernan",91706,Kelly Mckernan
911,911,"A girl with a red hood, walking through the woods in the style of Kelly McKernan",82635,Kelly Mckernan
912,912,"A girl with a red hood, walking through the woods in the style of Kelly McKernan",51552,Kelly Mckernan
913,913,"A girl with a red hood, walking through the woods in the style of Kelly McKernan",85763,Kelly Mckernan
914,914,"A girl with a red hood, walking through the woods in the style of Kelly McKernan",59583,Kelly Mckernan
915,915,"A girl with a red hood, walking through the woods in the style of Kelly McKernan",57582,Kelly Mckernan
916,916,"A girl with a red hood, walking through the woods in the style of Kelly McKernan",66473,Kelly Mckernan
917,917,"A girl with a red hood, walking through the woods in the style of Kelly McKernan",29791,Kelly Mckernan
918,918,"A girl with a red hood, walking through the woods in the style of Kelly McKernan",80857,Kelly Mckernan
919,919,"A girl with a red hood, walking through the woods in the style of Kelly McKernan",68855,Kelly Mckernan
920,920,"A girl with a red hood, walking through the woods in the style of Kelly McKernan",26377,Kelly Mckernan
921,921,"A girl with a red hood, walking through the woods in the style of Kelly McKernan",20479,Kelly Mckernan
922,922,"A girl with a red hood, walking through the woods in the style of Kelly McKernan",7303,Kelly Mckernan
923,923,"A girl with a red hood, walking through the woods in the style of Kelly McKernan",34466,Kelly Mckernan
924,924,"A girl with a red hood, walking through the woods in the style of Kelly McKernan",78604,Kelly Mckernan
925,925,"A girl with a red hood, walking through the woods in the style of Kelly McKernan",55661,Kelly Mckernan
926,926,"A girl with a red hood, walking through the woods in the style of Kelly McKernan",12766,Kelly Mckernan
927,927,"A girl with a red hood, walking through the woods in the style of Kelly McKernan",69473,Kelly Mckernan
928,928,"A girl with a red hood, walking through the woods in the style of Kelly McKernan",35251,Kelly Mckernan
929,929,"A girl with a red hood, walking through the woods in the style of Kelly McKernan",45287,Kelly Mckernan
930,930,"A girl with a red hood, walking through the woods in the style of Kelly McKernan",44312,Kelly Mckernan
931,931,"A girl with a red hood, walking through the woods in the style of Kelly McKernan",69700,Kelly Mckernan
932,932,"A girl with a red hood, walking through the woods in the style of Kelly McKernan",41330,Kelly Mckernan
933,933,"A girl with a red hood, walking through the woods in the style of Kelly McKernan",85489,Kelly Mckernan
934,934,"A girl with a red hood, walking through the woods in the style of Kelly McKernan",45746,Kelly Mckernan
935,935,"A girl with a red hood, walking through the woods in the style of Kelly McKernan",97795,Kelly Mckernan
936,936,"A girl with a red hood, walking through the woods in the style of Kelly McKernan",45976,Kelly Mckernan
937,937,"A girl with a red hood, walking through the woods in the style of Kelly McKernan",35256,Kelly Mckernan
938,938,"A girl with a red hood, walking through the woods in the style of Kelly McKernan",67214,Kelly Mckernan
939,939,"A girl with a red hood, walking through the woods in the style of Kelly McKernan",26626,Kelly Mckernan
940,940,"A girl with a red hood, walking through the woods in the style of Kelly McKernan",69608,Kelly Mckernan
941,941,"A girl with a red hood, walking through the woods in the style of Kelly McKernan",83677,Kelly Mckernan
942,942,"A girl with a red hood, walking through the woods in the style of Kelly McKernan",37019,Kelly Mckernan
943,943,"A girl with a red hood, walking through the woods in the style of Kelly McKernan",10984,Kelly Mckernan
944,944,"A girl with a red hood, walking through the woods in the style of Kelly McKernan",3418,Kelly Mckernan
945,945,"A girl with a red hood, walking through the woods in the style of Kelly McKernan",7296,Kelly Mckernan
946,946,"A girl with a red hood, walking through the woods in the style of Kelly McKernan",85930,Kelly Mckernan
947,947,"A girl with a red hood, walking through the woods in the style of Kelly McKernan",58168,Kelly Mckernan
948,948,"A girl with a red hood, walking through the woods in the style of Kelly McKernan",21227,Kelly Mckernan
949,949,"A girl with a red hood, walking through the woods in the style of Kelly McKernan",13048,Kelly Mckernan
